Upin_00000737	XLOC_000321	XLOC_000321
Upin_00000216	XLOC_000321	XLOC_000321
Upin_00000475	XLOC_000001	XLOC_000001
Upin_00000001	XLOC_000001	XLOC_000001
Upin_00000738	XLOC_000322	XLOC_000322
Upin_00000217	XLOC_000322	XLOC_000322
Upin_00000740	XLOC_000322	XLOC_000322
Upin_00000218	XLOC_000323	XLOC_000323
Upin_00000741	XLOC_000323	XLOC_000323
Upin_00000742	XLOC_000324	XLOC_000324
Upin_00000002	XLOC_000002	XLOC_000002
Upin_00000003	XLOC_000003	XLOC_000003
Upin_00000476	XLOC_000003	XLOC_000003
Upin_00000477	XLOC_000003	XLOC_000003
Upin_00000478	XLOC_000003	XLOC_000003
Upin_00000479	XLOC_000003	XLOC_000003
Upin_00000480	XLOC_000003	XLOC_000003
Upin_00000481	XLOC_000003	XLOC_000003
Upin_00000004	XLOC_000004	XLOC_000004
Upin_00000482	XLOC_000004	XLOC_000004
Upin_00000483	XLOC_000005	XLOC_000005
Upin_00000005	XLOC_000005	XLOC_000005
Upin_00000219	XLOC_000325	XLOC_000325
Upin_00000743	XLOC_000325	XLOC_000325
Upin_00000744	XLOC_000326	XLOC_000326
Upin_00000220	XLOC_000326	XLOC_000326
Upin_00000745	XLOC_000327	XLOC_000327
Upin_00000484	XLOC_000006	XLOC_000006
Upin_00000485	XLOC_000007	XLOC_000007
Upin_00000221	XLOC_000328	XLOC_000328
Upin_00000746	XLOC_000328	XLOC_000328
Upin_00000486	XLOC_000008	XLOC_000008
Upin_00000222	XLOC_000329	XLOC_000329
Upin_00000487	XLOC_000009	XLOC_000009
Upin_00000223	XLOC_000330	XLOC_000330
Upin_00000747	XLOC_000330	XLOC_000330
Upin_00000006	XLOC_000010	XLOC_000010
Upin_00000007	XLOC_000011	XLOC_000011
Upin_00000488	XLOC_000011	XLOC_000011
Upin_00000224	XLOC_000331	XLOC_000331
Upin_00000748	XLOC_000331	XLOC_000331
Upin_00000008	XLOC_000012	XLOC_000012
Upin_00000489	XLOC_000012	XLOC_000012
Upin_00000749	XLOC_000332	XLOC_000332
Upin_00000226	XLOC_000333	XLOC_000333
Upin_00000750	XLOC_000333	XLOC_000333
Upin_00000227	XLOC_000334	XLOC_000334
Upin_00000228	XLOC_000335	XLOC_000335
Upin_00000009	XLOC_000013	XLOC_000013
Upin_00000490	XLOC_000013	XLOC_000013
Upin_00000010	XLOC_000014	XLOC_000014
Upin_00000229	XLOC_000336	XLOC_000336
Upin_00000230	XLOC_000337	XLOC_000337
Upin_00000231	XLOC_000338	XLOC_000338
Upin_00000232	XLOC_000339	XLOC_000339
Upin_00000233	XLOC_000340	XLOC_000340
Upin_00000234	XLOC_000341	XLOC_000341
Upin_00000751	XLOC_000342	XLOC_000342
Upin_00000235	XLOC_000342	XLOC_000342
Upin_00000011	XLOC_000015	XLOC_000015
Upin_00000012	XLOC_000016	XLOC_000016
Upin_00000013	XLOC_000017	XLOC_000017
Upin_00000236	XLOC_000343	XLOC_000343
Upin_00000752	XLOC_000344	XLOC_000344
Upin_00000237	XLOC_000344	XLOC_000344
Upin_00000238	XLOC_000345	XLOC_000345
Upin_00000753	XLOC_000345	XLOC_000345
Upin_00000239	XLOC_000347	XLOC_000347
Upin_00000755	XLOC_000347	XLOC_000347
Upin_00000491	XLOC_000018	XLOC_000018
Upin_00000492	XLOC_000019	XLOC_000019
Upin_00000756	XLOC_000348	XLOC_000348
Upin_00000240	XLOC_000348	XLOC_000348
Upin_00000496	XLOC_000020	XLOC_000020
Upin_00000497	XLOC_000021	XLOC_000021
Upin_00000241	XLOC_000349	XLOC_000349
Upin_00000014	XLOC_000022	XLOC_000022
Upin_00000498	XLOC_000022	XLOC_000022
Upin_00000015	XLOC_000023	XLOC_000023
Upin_00000499	XLOC_000023	XLOC_000023
Upin_00000242	XLOC_000350	XLOC_000350
Upin_00000757	XLOC_000350	XLOC_000350
Upin_00000500	XLOC_000024	XLOC_000024
Upin_00000016	XLOC_000025	XLOC_000025
Upin_00000501	XLOC_000025	XLOC_000025
Upin_00000502	XLOC_000025	XLOC_000025
Upin_00000503	XLOC_000026	XLOC_000026
Upin_00000504	XLOC_000027	XLOC_000027
Upin_00000017	XLOC_000028	XLOC_000028
Upin_00000758	XLOC_000351	XLOC_000351
Upin_00000759	XLOC_000352	XLOC_000352
Upin_00000018	XLOC_000029	XLOC_000029
Upin_00000760	XLOC_000353	XLOC_000353
Upin_00000505	XLOC_000030	XLOC_000030
Upin_00000506	XLOC_000030	XLOC_000030
Upin_00000245	XLOC_000355	XLOC_000355
Upin_00000761	XLOC_000356	XLOC_000356
Upin_00000246	XLOC_000356	XLOC_000356
Upin_00000762	XLOC_000357	XLOC_000357
Upin_00000247	XLOC_000357	XLOC_000357
Upin_00000019	XLOC_000031	XLOC_000031
Upin_00000507	XLOC_000032	XLOC_000032
Upin_00000763	XLOC_000358	XLOC_000358
Upin_00000248	XLOC_000358	XLOC_000358
Upin_00000764	XLOC_000358	XLOC_000358
Upin_00000020	XLOC_000033	XLOC_000033
Upin_00000249	XLOC_000359	XLOC_000359
Upin_00000021	XLOC_000034	XLOC_000034
Upin_00000508	XLOC_000034	XLOC_000034
Upin_00000509	XLOC_000034	XLOC_000034
Upin_00000765	XLOC_000360	XLOC_000360
Upin_00000022	XLOC_000035	XLOC_000035
Upin_00000510	XLOC_000035	XLOC_000035
Upin_00000511	XLOC_000035	XLOC_000035
Upin_00000023	XLOC_000036	XLOC_000036
Upin_00000512	XLOC_000036	XLOC_000036
Upin_00000250	XLOC_000361	XLOC_000361
Upin_00000251	XLOC_000362	XLOC_000362
Upin_00000024	XLOC_000037	XLOC_000037
Upin_00000766	XLOC_000363	XLOC_000363
Upin_00000252	XLOC_000363	XLOC_000363
Upin_00000025	XLOC_000038	XLOC_000038
Upin_00000253	XLOC_000364	XLOC_000364
Upin_00000513	XLOC_000039	XLOC_000039
Upin_00000254	XLOC_000365	XLOC_000365
Upin_00000768	XLOC_000365	XLOC_000365
Upin_00000767	XLOC_000366	XLOC_000366
Upin_00000026	XLOC_000040	XLOC_000040
Upin_00000514	XLOC_000040	XLOC_000040
Upin_00000515	XLOC_000040	XLOC_000040
Upin_00000769	XLOC_000367	XLOC_000367
Upin_00000770	XLOC_000368	XLOC_000368
Upin_00000255	XLOC_000369	XLOC_000369
Upin_00000516	XLOC_000041	XLOC_000041
Upin_00000517	XLOC_000042	XLOC_000042
Upin_00000027	XLOC_000043	XLOC_000043
Upin_00000518	XLOC_000043	XLOC_000043
Upin_00000771	XLOC_000370	XLOC_000370
Upin_00000256	XLOC_000371	XLOC_000371
Upin_00000257	XLOC_000372	XLOC_000372
Upin_00000774	XLOC_000372	XLOC_000372
Upin_00000028	XLOC_000044	XLOC_000044
Upin_00000029	XLOC_000045	XLOC_000045
Upin_00000258	XLOC_000374	XLOC_000374
Upin_00000259	XLOC_000375	XLOC_000375
Upin_00000776	XLOC_000375	XLOC_000375
Upin_00000777	XLOC_000375	XLOC_000375
Upin_00000778	XLOC_000375	XLOC_000375
Upin_00000030	XLOC_000046	XLOC_000046
Upin_00000519	XLOC_000046	XLOC_000046
Upin_00000260	XLOC_000376	XLOC_000376
Upin_00000031	XLOC_000047	XLOC_000047
Upin_00000032	XLOC_000048	XLOC_000048
Upin_00000261	XLOC_000378	XLOC_000378
Upin_00000780	XLOC_000379	XLOC_000379
Upin_00000781	XLOC_000379	XLOC_000379
Upin_00000782	XLOC_000379	XLOC_000379
Upin_00000521	XLOC_000049	XLOC_000049
Upin_00000262	XLOC_000380	XLOC_000380
Upin_00000033	XLOC_000050	XLOC_000050
Upin_00000522	XLOC_000050	XLOC_000050
Upin_00000263	XLOC_000381	XLOC_000381
Upin_00000264	XLOC_000382	XLOC_000382
Upin_00000265	XLOC_000383	XLOC_000383
Upin_00000266	XLOC_000384	XLOC_000384
Upin_00000267	XLOC_000385	XLOC_000385
Upin_00000034	XLOC_000051	XLOC_000051
Upin_00000523	XLOC_000051	XLOC_000051
Upin_00000035	XLOC_000052	XLOC_000052
Upin_00000268	XLOC_000387	XLOC_000387
Upin_00000524	XLOC_000053	XLOC_000053
Upin_00000269	XLOC_000388	XLOC_000388
Upin_00000037	XLOC_000054	XLOC_000054
Upin_00000270	XLOC_000389	XLOC_000389
Upin_00000784	XLOC_000390	XLOC_000390
Upin_00000038	XLOC_000055	XLOC_000055
Upin_00000039	XLOC_000056	XLOC_000056
Upin_00000040	XLOC_000057	XLOC_000057
Upin_00000785	XLOC_000391	XLOC_000391
Upin_00000041	XLOC_000058	XLOC_000058
Upin_00000526	XLOC_000058	XLOC_000058
Upin_00000271	XLOC_000392	XLOC_000392
Upin_00000272	XLOC_000393	XLOC_000393
Upin_00000786	XLOC_000393	XLOC_000393
Upin_00000042	XLOC_000059	XLOC_000059
Upin_00000527	XLOC_000059	XLOC_000059
Upin_00000528	XLOC_000059	XLOC_000059
Upin_00000043	XLOC_000059	XLOC_000059
Upin_00000787	XLOC_000394	XLOC_000394
Upin_00000044	XLOC_000060	XLOC_000060
Upin_00000529	XLOC_000060	XLOC_000060
Upin_00000045	XLOC_000061	XLOC_000061
Upin_00000788	XLOC_000395	XLOC_000395
Upin_00000046	XLOC_000062	XLOC_000062
Upin_00000273	XLOC_000396	XLOC_000396
Upin_00000047	XLOC_000063	XLOC_000063
Upin_00000789	XLOC_000397	XLOC_000397
Upin_00000274	XLOC_000397	XLOC_000397
Upin_00000048	XLOC_000064	XLOC_000064
Upin_00000049	XLOC_000065	XLOC_000065
Upin_00000050	XLOC_000066	XLOC_000066
Upin_00000530	XLOC_000067	XLOC_000067
Upin_00000051	XLOC_000068	XLOC_000068
Upin_00000052	XLOC_000069	XLOC_000069
Upin_00000053	XLOC_000070	XLOC_000070
Upin_00000275	XLOC_000399	XLOC_000399
Upin_00000791	XLOC_000399	XLOC_000399
Upin_00000054	XLOC_000071	XLOC_000071
Upin_00000055	XLOC_000072	XLOC_000072
Upin_00000276	XLOC_000400	XLOC_000400
Upin_00000793	XLOC_000400	XLOC_000400
Upin_00000792	XLOC_000401	XLOC_000401
Upin_00000056	XLOC_000073	XLOC_000073
Upin_00000057	XLOC_000074	XLOC_000074
Upin_00000058	XLOC_000075	XLOC_000075
Upin_00000531	XLOC_000075	XLOC_000075
Upin_00000277	XLOC_000402	XLOC_000402
Upin_00000278	XLOC_000403	XLOC_000403
Upin_00000794	XLOC_000403	XLOC_000403
Upin_00000059	XLOC_000077	XLOC_000077
Upin_00000533	XLOC_000077	XLOC_000077
Upin_00000060	XLOC_000078	XLOC_000078
Upin_00000534	XLOC_000078	XLOC_000078
Upin_00000279	XLOC_000404	XLOC_000404
Upin_00000061	XLOC_000079	XLOC_000079
Upin_00000280	XLOC_000405	XLOC_000405
Upin_00000795	XLOC_000406	XLOC_000406
Upin_00000062	XLOC_000080	XLOC_000080
Upin_00000282	XLOC_000407	XLOC_000407
Upin_00000535	XLOC_000081	XLOC_000081
Upin_00000796	XLOC_000408	XLOC_000408
Upin_00000283	XLOC_000408	XLOC_000408
Upin_00000797	XLOC_000409	XLOC_000409
Upin_00000284	XLOC_000409	XLOC_000409
Upin_00000063	XLOC_000082	XLOC_000082
Upin_00000064	XLOC_000083	XLOC_000083
Upin_00000285	XLOC_000410	XLOC_000410
Upin_00000286	XLOC_000411	XLOC_000411
Upin_00000287	XLOC_000412	XLOC_000412
Upin_00000065	XLOC_000084	XLOC_000084
Upin_00000536	XLOC_000084	XLOC_000084
Upin_00000537	XLOC_000084	XLOC_000084
Upin_00000067	XLOC_000085	XLOC_000085
Upin_00000798	XLOC_000413	XLOC_000413
Upin_00000288	XLOC_000413	XLOC_000413
Upin_00000799	XLOC_000414	XLOC_000414
Upin_00000538	XLOC_000086	XLOC_000086
Upin_00000539	XLOC_000087	XLOC_000087
Upin_00000289	XLOC_000415	XLOC_000415
Upin_00000800	XLOC_000415	XLOC_000415
Upin_00000540	XLOC_000088	XLOC_000088
Upin_00000290	XLOC_000417	XLOC_000417
Upin_00000541	XLOC_000089	XLOC_000089
Upin_00000291	XLOC_000418	XLOC_000418
Upin_00000542	XLOC_000091	XLOC_000091
Upin_00000069	XLOC_000091	XLOC_000091
Upin_00000070	XLOC_000092	XLOC_000092
Upin_00000292	XLOC_000419	XLOC_000419
Upin_00000805	XLOC_000420	XLOC_000420
Upin_00000293	XLOC_000420	XLOC_000420
Upin_00000543	XLOC_000093	XLOC_000093
Upin_00000544	XLOC_000094	XLOC_000094
Upin_00000806	XLOC_000421	XLOC_000421
Upin_00000071	XLOC_000095	XLOC_000095
Upin_00000545	XLOC_000095	XLOC_000095
Upin_00000546	XLOC_000095	XLOC_000095
Upin_00000807	XLOC_000422	XLOC_000422
Upin_00000072	XLOC_000096	XLOC_000096
Upin_00000297	XLOC_000424	XLOC_000424
Upin_00000298	XLOC_000425	XLOC_000425
Upin_00000809	XLOC_000425	XLOC_000425
Upin_00000547	XLOC_000097	XLOC_000097
Upin_00000074	XLOC_000097	XLOC_000097
Upin_00000810	XLOC_000426	XLOC_000426
Upin_00000812	XLOC_000427	XLOC_000427
Upin_00000548	XLOC_000098	XLOC_000098
Upin_00000300	XLOC_000428	XLOC_000428
Upin_00000075	XLOC_000099	XLOC_000099
Upin_00000549	XLOC_000099	XLOC_000099
Upin_00000076	XLOC_000100	XLOC_000100
Upin_00000550	XLOC_000100	XLOC_000100
Upin_00000551	XLOC_000101	XLOC_000101
Upin_00000078	XLOC_000101	XLOC_000101
Upin_00000079	XLOC_000102	XLOC_000102
Upin_00000301	XLOC_000430	XLOC_000430
Upin_00000080	XLOC_000103	XLOC_000103
Upin_00000552	XLOC_000103	XLOC_000103
Upin_00000816	XLOC_000431	XLOC_000431
Upin_00000081	XLOC_000104	XLOC_000104
Upin_00000820	XLOC_000433	XLOC_000433
Upin_00000082	XLOC_000105	XLOC_000105
Upin_00000553	XLOC_000105	XLOC_000105
Upin_00000302	XLOC_000434	XLOC_000434
Upin_00000821	XLOC_000435	XLOC_000435
Upin_00000303	XLOC_000436	XLOC_000436
Upin_00000822	XLOC_000436	XLOC_000436
Upin_00000823	XLOC_000436	XLOC_000436
Upin_00000554	XLOC_000106	XLOC_000106
Upin_00000555	XLOC_000107	XLOC_000107
Upin_00000556	XLOC_000108	XLOC_000108
Upin_00000557	XLOC_000109	XLOC_000109
Upin_00000083	XLOC_000109	XLOC_000109
Upin_00000304	XLOC_000437	XLOC_000437
Upin_00000305	XLOC_000438	XLOC_000438
Upin_00000084	XLOC_000110	XLOC_000110
Upin_00000085	XLOC_000111	XLOC_000111
Upin_00000558	XLOC_000111	XLOC_000111
Upin_00000306	XLOC_000439	XLOC_000439
Upin_00000307	XLOC_000440	XLOC_000440
Upin_00000559	XLOC_000112	XLOC_000112
Upin_00000086	XLOC_000112	XLOC_000112
Upin_00000308	XLOC_000441	XLOC_000441
Upin_00000309	XLOC_000442	XLOC_000442
Upin_00000824	XLOC_000443	XLOC_000443
Upin_00000825	XLOC_000444	XLOC_000444
Upin_00000560	XLOC_000113	XLOC_000113
Upin_00000311	XLOC_000445	XLOC_000445
Upin_00000087	XLOC_000115	XLOC_000115
Upin_00000562	XLOC_000115	XLOC_000115
Upin_00000563	XLOC_000115	XLOC_000115
Upin_00000564	XLOC_000116	XLOC_000116
Upin_00000565	XLOC_000117	XLOC_000117
Upin_00000312	XLOC_000446	XLOC_000446
Upin_00000827	XLOC_000446	XLOC_000446
Upin_00000313	XLOC_000447	XLOC_000447
Upin_00000567	XLOC_000119	XLOC_000119
Upin_00000088	XLOC_000120	XLOC_000120
Upin_00000568	XLOC_000120	XLOC_000120
Upin_00000314	XLOC_000448	XLOC_000448
Upin_00000315	XLOC_000449	XLOC_000449
Upin_00000316	XLOC_000450	XLOC_000450
Upin_00000317	XLOC_000451	XLOC_000451
Upin_00000569	XLOC_000121	XLOC_000121
Upin_00000089	XLOC_000122	XLOC_000122
Upin_00000090	XLOC_000123	XLOC_000123
Upin_00000318	XLOC_000452	XLOC_000452
Upin_00000828	XLOC_000452	XLOC_000452
Upin_00000319	XLOC_000453	XLOC_000453
Upin_00000091	XLOC_000124	XLOC_000124
Upin_00000320	XLOC_000454	XLOC_000454
Upin_00000092	XLOC_000125	XLOC_000125
Upin_00000830	XLOC_000456	XLOC_000456
Upin_00000321	XLOC_000456	XLOC_000456
Upin_00000093	XLOC_000126	XLOC_000126
Upin_00000831	XLOC_000457	XLOC_000457
Upin_00000322	XLOC_000457	XLOC_000457
Upin_00000832	XLOC_000457	XLOC_000457
Upin_00000094	XLOC_000127	XLOC_000127
Upin_00000570	XLOC_000127	XLOC_000127
Upin_00000572	XLOC_000129	XLOC_000129
Upin_00000833	XLOC_000458	XLOC_000458
Upin_00000573	XLOC_000130	XLOC_000130
Upin_00000095	XLOC_000131	XLOC_000131
Upin_00000574	XLOC_000131	XLOC_000131
Upin_00000834	XLOC_000459	XLOC_000459
Upin_00000575	XLOC_000132	XLOC_000132
Upin_00000835	XLOC_000460	XLOC_000460
Upin_00000323	XLOC_000460	XLOC_000460
Upin_00000096	XLOC_000133	XLOC_000133
Upin_00000097	XLOC_000134	XLOC_000134
Upin_00000576	XLOC_000135	XLOC_000135
Upin_00000098	XLOC_000136	XLOC_000136
Upin_00000577	XLOC_000137	XLOC_000137
Upin_00000324	XLOC_000461	XLOC_000461
Upin_00000836	XLOC_000461	XLOC_000461
Upin_00000837	XLOC_000462	XLOC_000462
Upin_00000578	XLOC_000138	XLOC_000138
Upin_00000838	XLOC_000463	XLOC_000463
Upin_00000579	XLOC_000139	XLOC_000139
Upin_00000839	XLOC_000464	XLOC_000464
Upin_00000325	XLOC_000464	XLOC_000464
Upin_00000840	XLOC_000464	XLOC_000464
Upin_00000841	XLOC_000464	XLOC_000464
Upin_00000842	XLOC_000465	XLOC_000465
Upin_00000327	XLOC_000466	XLOC_000466
Upin_00000843	XLOC_000467	XLOC_000467
Upin_00000328	XLOC_000468	XLOC_000468
Upin_00000844	XLOC_000468	XLOC_000468
Upin_00000099	XLOC_000140	XLOC_000140
Upin_00000580	XLOC_000140	XLOC_000140
Upin_00000581	XLOC_000141	XLOC_000141
Upin_00000845	XLOC_000469	XLOC_000469
Upin_00000329	XLOC_000470	XLOC_000470
Upin_00000582	XLOC_000142	XLOC_000142
Upin_00000330	XLOC_000471	XLOC_000471
Upin_00000583	XLOC_000143	XLOC_000143
Upin_00000331	XLOC_000472	XLOC_000472
Upin_00000847	XLOC_000472	XLOC_000472
Upin_00000848	XLOC_000472	XLOC_000472
Upin_00000849	XLOC_000472	XLOC_000472
Upin_00000846	XLOC_000473	XLOC_000473
Upin_00000100	XLOC_000144	XLOC_000144
Upin_00000585	XLOC_000145	XLOC_000145
Upin_00000101	XLOC_000146	XLOC_000146
Upin_00000332	XLOC_000474	XLOC_000474
Upin_00000102	XLOC_000147	XLOC_000147
Upin_00000586	XLOC_000147	XLOC_000147
Upin_00000333	XLOC_000476	XLOC_000476
Upin_00000103	XLOC_000148	XLOC_000148
Upin_00000587	XLOC_000148	XLOC_000148
Upin_00000334	XLOC_000477	XLOC_000477
Upin_00000851	XLOC_000477	XLOC_000477
Upin_00000852	XLOC_000477	XLOC_000477
Upin_00000588	XLOC_000149	XLOC_000149
Upin_00000335	XLOC_000478	XLOC_000478
Upin_00000104	XLOC_000150	XLOC_000150
Upin_00000105	XLOC_000151	XLOC_000151
Upin_00000853	XLOC_000479	XLOC_000479
Upin_00000106	XLOC_000152	XLOC_000152
Upin_00000589	XLOC_000153	XLOC_000153
Upin_00000854	XLOC_000480	XLOC_000480
Upin_00000337	XLOC_000481	XLOC_000481
Upin_00000107	XLOC_000154	XLOC_000154
Upin_00000590	XLOC_000154	XLOC_000154
Upin_00000591	XLOC_000154	XLOC_000154
Upin_00000108	XLOC_000155	XLOC_000155
Upin_00000592	XLOC_000156	XLOC_000156
Upin_00000338	XLOC_000482	XLOC_000482
Upin_00000855	XLOC_000483	XLOC_000483
Upin_00000856	XLOC_000484	XLOC_000484
Upin_00000857	XLOC_000485	XLOC_000485
Upin_00000593	XLOC_000157	XLOC_000157
Upin_00000340	XLOC_000486	XLOC_000486
Upin_00000859	XLOC_000486	XLOC_000486
Upin_00000860	XLOC_000486	XLOC_000486
Upin_00000109	XLOC_000158	XLOC_000158
Upin_00000110	XLOC_000159	XLOC_000159
Upin_00000594	XLOC_000159	XLOC_000159
Upin_00000341	XLOC_000487	XLOC_000487
Upin_00000595	XLOC_000160	XLOC_000160
Upin_00000596	XLOC_000161	XLOC_000161
Upin_00000861	XLOC_000488	XLOC_000488
Upin_00000597	XLOC_000162	XLOC_000162
Upin_00000111	XLOC_000162	XLOC_000162
Upin_00000112	XLOC_000163	XLOC_000163
Upin_00000598	XLOC_000163	XLOC_000163
Upin_00000113	XLOC_000164	XLOC_000164
Upin_00000599	XLOC_000164	XLOC_000164
Upin_00000600	XLOC_000164	XLOC_000164
Upin_00000601	XLOC_000164	XLOC_000164
Upin_00000602	XLOC_000164	XLOC_000164
Upin_00000603	XLOC_000164	XLOC_000164
Upin_00000604	XLOC_000164	XLOC_000164
Upin_00000862	XLOC_000489	XLOC_000489
Upin_00000343	XLOC_000490	XLOC_000490
Upin_00000863	XLOC_000490	XLOC_000490
Upin_00000605	XLOC_000165	XLOC_000165
Upin_00000344	XLOC_000491	XLOC_000491
Upin_00000864	XLOC_000491	XLOC_000491
Upin_00000606	XLOC_000166	XLOC_000166
Upin_00000114	XLOC_000167	XLOC_000167
Upin_00000607	XLOC_000168	XLOC_000168
Upin_00000345	XLOC_000492	XLOC_000492
Upin_00000608	XLOC_000169	XLOC_000169
Upin_00000115	XLOC_000169	XLOC_000169
Upin_00000609	XLOC_000169	XLOC_000169
Upin_00000610	XLOC_000169	XLOC_000169
Upin_00000611	XLOC_000169	XLOC_000169
Upin_00000612	XLOC_000169	XLOC_000169
Upin_00000613	XLOC_000169	XLOC_000169
Upin_00000346	XLOC_000493	XLOC_000493
Upin_00000865	XLOC_000493	XLOC_000493
Upin_00000866	XLOC_000493	XLOC_000493
Upin_00000867	XLOC_000493	XLOC_000493
Upin_00000614	XLOC_000170	XLOC_000170
Upin_00000615	XLOC_000171	XLOC_000171
Upin_00000117	XLOC_000171	XLOC_000171
Upin_00000868	XLOC_000494	XLOC_000494
Upin_00000118	XLOC_000172	XLOC_000172
Upin_00000869	XLOC_000495	XLOC_000495
Upin_00000347	XLOC_000495	XLOC_000495
Upin_00000348	XLOC_000496	XLOC_000496
Upin_00000349	XLOC_000497	XLOC_000497
Upin_00000119	XLOC_000173	XLOC_000173
Upin_00000870	XLOC_000498	XLOC_000498
Upin_00000616	XLOC_000174	XLOC_000174
Upin_00000617	XLOC_000175	XLOC_000175
Upin_00000120	XLOC_000176	XLOC_000176
Upin_00000871	XLOC_000499	XLOC_000499
Upin_00000121	XLOC_000177	XLOC_000177
Upin_00000618	XLOC_000178	XLOC_000178
Upin_00000350	XLOC_000500	XLOC_000500
Upin_00000122	XLOC_000179	XLOC_000179
Upin_00000620	XLOC_000179	XLOC_000179
Upin_00000621	XLOC_000180	XLOC_000180
Upin_00000872	XLOC_000501	XLOC_000501
Upin_00000123	XLOC_000181	XLOC_000181
Upin_00000124	XLOC_000182	XLOC_000182
Upin_00000622	XLOC_000182	XLOC_000182
Upin_00000351	XLOC_000502	XLOC_000502
Upin_00000623	XLOC_000183	XLOC_000183
Upin_00000125	XLOC_000184	XLOC_000184
Upin_00000624	XLOC_000184	XLOC_000184
Upin_00000353	XLOC_000503	XLOC_000503
Upin_00000354	XLOC_000504	XLOC_000504
Upin_00000874	XLOC_000504	XLOC_000504
Upin_00000126	XLOC_000185	XLOC_000185
Upin_00000875	XLOC_000505	XLOC_000505
Upin_00000355	XLOC_000505	XLOC_000505
Upin_00000356	XLOC_000506	XLOC_000506
Upin_00000357	XLOC_000507	XLOC_000507
Upin_00000127	XLOC_000186	XLOC_000186
Upin_00000358	XLOC_000508	XLOC_000508
Upin_00000359	XLOC_000509	XLOC_000509
Upin_00000360	XLOC_000510	XLOC_000510
Upin_00000361	XLOC_000511	XLOC_000511
Upin_00000877	XLOC_000513	XLOC_000513
Upin_00000363	XLOC_000514	XLOC_000514
Upin_00000128	XLOC_000187	XLOC_000187
Upin_00000625	XLOC_000187	XLOC_000187
Upin_00000129	XLOC_000188	XLOC_000188
Upin_00000364	XLOC_000515	XLOC_000515
Upin_00000365	XLOC_000516	XLOC_000516
Upin_00000878	XLOC_000516	XLOC_000516
Upin_00000879	XLOC_000516	XLOC_000516
Upin_00000880	XLOC_000517	XLOC_000517
Upin_00000130	XLOC_000189	XLOC_000189
Upin_00000626	XLOC_000189	XLOC_000189
Upin_00000881	XLOC_000518	XLOC_000518
Upin_00000366	XLOC_000519	XLOC_000519
Upin_00000131	XLOC_000190	XLOC_000190
Upin_00000132	XLOC_000191	XLOC_000191
Upin_00000367	XLOC_000520	XLOC_000520
Upin_00000627	XLOC_000192	XLOC_000192
Upin_00000133	XLOC_000193	XLOC_000193
Upin_00000368	XLOC_000521	XLOC_000521
Upin_00000882	XLOC_000521	XLOC_000521
Upin_00000369	XLOC_000522	XLOC_000522
Upin_00000883	XLOC_000522	XLOC_000522
Upin_00000628	XLOC_000194	XLOC_000194
Upin_00000134	XLOC_000195	XLOC_000195
Upin_00000370	XLOC_000523	XLOC_000523
Upin_00000884	XLOC_000524	XLOC_000524
Upin_00000371	XLOC_000525	XLOC_000525
Upin_00000629	XLOC_000196	XLOC_000196
Upin_00000136	XLOC_000197	XLOC_000197
Upin_00000630	XLOC_000197	XLOC_000197
Upin_00000631	XLOC_000197	XLOC_000197
Upin_00000372	XLOC_000526	XLOC_000526
Upin_00000885	XLOC_000526	XLOC_000526
Upin_00000373	XLOC_000527	XLOC_000527
Upin_00000374	XLOC_000528	XLOC_000528
Upin_00000375	XLOC_000529	XLOC_000529
Upin_00000376	XLOC_000530	XLOC_000530
Upin_00000377	XLOC_000531	XLOC_000531
Upin_00000378	XLOC_000532	XLOC_000532
Upin_00000137	XLOC_000198	XLOC_000198
Upin_00000379	XLOC_000533	XLOC_000533
Upin_00000888	XLOC_000533	XLOC_000533
Upin_00000138	XLOC_000199	XLOC_000199
Upin_00000380	XLOC_000535	XLOC_000535
Upin_00000381	XLOC_000536	XLOC_000536
Upin_00000382	XLOC_000537	XLOC_000537
Upin_00000383	XLOC_000538	XLOC_000538
Upin_00000384	XLOC_000539	XLOC_000539
Upin_00000632	XLOC_000200	XLOC_000200
Upin_00000139	XLOC_000200	XLOC_000200
Upin_00000890	XLOC_000540	XLOC_000540
Upin_00000385	XLOC_000541	XLOC_000541
Upin_00000140	XLOC_000201	XLOC_000201
Upin_00000141	XLOC_000202	XLOC_000202
Upin_00000386	XLOC_000542	XLOC_000542
Upin_00000142	XLOC_000203	XLOC_000203
Upin_00000634	XLOC_000203	XLOC_000203
Upin_00000635	XLOC_000203	XLOC_000203
Upin_00000636	XLOC_000203	XLOC_000203
Upin_00000637	XLOC_000203	XLOC_000203
Upin_00000638	XLOC_000203	XLOC_000203
Upin_00000387	XLOC_000543	XLOC_000543
Upin_00000143	XLOC_000204	XLOC_000204
Upin_00000639	XLOC_000204	XLOC_000204
Upin_00000640	XLOC_000204	XLOC_000204
Upin_00000641	XLOC_000204	XLOC_000204
Upin_00000642	XLOC_000204	XLOC_000204
Upin_00000388	XLOC_000544	XLOC_000544
Upin_00000643	XLOC_000205	XLOC_000205
Upin_00000144	XLOC_000206	XLOC_000206
Upin_00000644	XLOC_000207	XLOC_000207
Upin_00000145	XLOC_000207	XLOC_000207
Upin_00000389	XLOC_000545	XLOC_000545
Upin_00000146	XLOC_000208	XLOC_000208
Upin_00000147	XLOC_000209	XLOC_000209
Upin_00000646	XLOC_000210	XLOC_000210
Upin_00000148	XLOC_000211	XLOC_000211
Upin_00000892	XLOC_000547	XLOC_000547
Upin_00000391	XLOC_000548	XLOC_000548
Upin_00000893	XLOC_000549	XLOC_000549
Upin_00000392	XLOC_000549	XLOC_000549
Upin_00000149	XLOC_000212	XLOC_000212
Upin_00000647	XLOC_000212	XLOC_000212
Upin_00000150	XLOC_000213	XLOC_000213
Upin_00000393	XLOC_000550	XLOC_000550
Upin_00000894	XLOC_000551	XLOC_000551
Upin_00000394	XLOC_000552	XLOC_000552
Upin_00000648	XLOC_000214	XLOC_000214
Upin_00000396	XLOC_000553	XLOC_000553
Upin_00000649	XLOC_000215	XLOC_000215
Upin_00000397	XLOC_000554	XLOC_000554
Upin_00000650	XLOC_000216	XLOC_000216
Upin_00000398	XLOC_000555	XLOC_000555
Upin_00000651	XLOC_000217	XLOC_000217
Upin_00000652	XLOC_000218	XLOC_000218
Upin_00000653	XLOC_000219	XLOC_000219
Upin_00000896	XLOC_000556	XLOC_000556
Upin_00000399	XLOC_000557	XLOC_000557
Upin_00000151	XLOC_000220	XLOC_000220
Upin_00000897	XLOC_000558	XLOC_000558
Upin_00000400	XLOC_000558	XLOC_000558
Upin_00000401	XLOC_000559	XLOC_000559
Upin_00000152	XLOC_000221	XLOC_000221
Upin_00000402	XLOC_000560	XLOC_000560
Upin_00000654	XLOC_000222	XLOC_000222
Upin_00000898	XLOC_000561	XLOC_000561
Upin_00000403	XLOC_000561	XLOC_000561
Upin_00000655	XLOC_000223	XLOC_000223
Upin_00000404	XLOC_000562	XLOC_000562
Upin_00000899	XLOC_000563	XLOC_000563
Upin_00000900	XLOC_000564	XLOC_000564
Upin_00000405	XLOC_000564	XLOC_000564
Upin_00000901	XLOC_000565	XLOC_000565
Upin_00000153	XLOC_000225	XLOC_000225
Upin_00000657	XLOC_000225	XLOC_000225
Upin_00000406	XLOC_000566	XLOC_000566
Upin_00000658	XLOC_000226	XLOC_000226
Upin_00000659	XLOC_000227	XLOC_000227
Upin_00000154	XLOC_000227	XLOC_000227
Upin_00000407	XLOC_000567	XLOC_000567
Upin_00000408	XLOC_000568	XLOC_000568
Upin_00000409	XLOC_000569	XLOC_000569
Upin_00000660	XLOC_000228	XLOC_000228
Upin_00000410	XLOC_000570	XLOC_000570
Upin_00000902	XLOC_000570	XLOC_000570
Upin_00000903	XLOC_000570	XLOC_000570
Upin_00000904	XLOC_000570	XLOC_000570
Upin_00000905	XLOC_000570	XLOC_000570
Upin_00000661	XLOC_000229	XLOC_000229
Upin_00000156	XLOC_000230	XLOC_000230
Upin_00000411	XLOC_000571	XLOC_000571
Upin_00000662	XLOC_000231	XLOC_000231
Upin_00000663	XLOC_000232	XLOC_000232
Upin_00000157	XLOC_000233	XLOC_000233
Upin_00000907	XLOC_000573	XLOC_000573
Upin_00000158	XLOC_000234	XLOC_000234
Upin_00000664	XLOC_000234	XLOC_000234
Upin_00000665	XLOC_000234	XLOC_000234
Upin_00000666	XLOC_000234	XLOC_000234
Upin_00000667	XLOC_000234	XLOC_000234
Upin_00000668	XLOC_000235	XLOC_000235
Upin_00000669	XLOC_000236	XLOC_000236
Upin_00000908	XLOC_000574	XLOC_000574
Upin_00000159	XLOC_000237	XLOC_000237
Upin_00000670	XLOC_000237	XLOC_000237
Upin_00000909	XLOC_000575	XLOC_000575
Upin_00000412	XLOC_000576	XLOC_000576
Upin_00000910	XLOC_000576	XLOC_000576
Upin_00000413	XLOC_000577	XLOC_000577
Upin_00000911	XLOC_000577	XLOC_000577
Upin_00000671	XLOC_000238	XLOC_000238
Upin_00000160	XLOC_000239	XLOC_000239
Upin_00000672	XLOC_000239	XLOC_000239
Upin_00000912	XLOC_000578	XLOC_000578
Upin_00000673	XLOC_000240	XLOC_000240
Upin_00000914	XLOC_000580	XLOC_000580
Upin_00000414	XLOC_000581	XLOC_000581
Upin_00000915	XLOC_000581	XLOC_000581
Upin_00000916	XLOC_000581	XLOC_000581
Upin_00000161	XLOC_000241	XLOC_000241
Upin_00000917	XLOC_000582	XLOC_000582
Upin_00000918	XLOC_000583	XLOC_000583
Upin_00000674	XLOC_000242	XLOC_000242
Upin_00000162	XLOC_000243	XLOC_000243
Upin_00000675	XLOC_000243	XLOC_000243
Upin_00000676	XLOC_000244	XLOC_000244
Upin_00000415	XLOC_000584	XLOC_000584
Upin_00000163	XLOC_000245	XLOC_000245
Upin_00000677	XLOC_000245	XLOC_000245
Upin_00000164	XLOC_000246	XLOC_000246
Upin_00000416	XLOC_000585	XLOC_000585
Upin_00000165	XLOC_000247	XLOC_000247
Upin_00000417	XLOC_000586	XLOC_000586
Upin_00000166	XLOC_000248	XLOC_000248
Upin_00000418	XLOC_000587	XLOC_000587
Upin_00000167	XLOC_000249	XLOC_000249
Upin_00000419	XLOC_000588	XLOC_000588
Upin_00000919	XLOC_000588	XLOC_000588
Upin_00000420	XLOC_000589	XLOC_000589
Upin_00000920	XLOC_000590	XLOC_000590
Upin_00000421	XLOC_000590	XLOC_000590
Upin_00000922	XLOC_000590	XLOC_000590
Upin_00000168	XLOC_000250	XLOC_000250
Upin_00000422	XLOC_000592	XLOC_000592
Upin_00000923	XLOC_000592	XLOC_000592
Upin_00000423	XLOC_000593	XLOC_000593
Upin_00000924	XLOC_000593	XLOC_000593
Upin_00000169	XLOC_000251	XLOC_000251
Upin_00000678	XLOC_000251	XLOC_000251
Upin_00000424	XLOC_000594	XLOC_000594
Upin_00000425	XLOC_000595	XLOC_000595
Upin_00000170	XLOC_000252	XLOC_000252
Upin_00000680	XLOC_000252	XLOC_000252
Upin_00000679	XLOC_000253	XLOC_000253
Upin_00000171	XLOC_000254	XLOC_000254
Upin_00000426	XLOC_000596	XLOC_000596
Upin_00000427	XLOC_000597	XLOC_000597
Upin_00000428	XLOC_000598	XLOC_000598
Upin_00000429	XLOC_000599	XLOC_000599
Upin_00000172	XLOC_000255	XLOC_000255
Upin_00000925	XLOC_000600	XLOC_000600
Upin_00000430	XLOC_000601	XLOC_000601
Upin_00000928	XLOC_000601	XLOC_000601
Upin_00000927	XLOC_000602	XLOC_000602
Upin_00000431	XLOC_000603	XLOC_000603
Upin_00000432	XLOC_000604	XLOC_000604
Upin_00000433	XLOC_000605	XLOC_000605
Upin_00000929	XLOC_000605	XLOC_000605
Upin_00000930	XLOC_000605	XLOC_000605
Upin_00000173	XLOC_000257	XLOC_000257
Upin_00000931	XLOC_000606	XLOC_000606
Upin_00000434	XLOC_000606	XLOC_000606
Upin_00000932	XLOC_000606	XLOC_000606
Upin_00000933	XLOC_000606	XLOC_000606
Upin_00000934	XLOC_000606	XLOC_000606
Upin_00000935	XLOC_000606	XLOC_000606
Upin_00000682	XLOC_000258	XLOC_000258
Upin_00000936	XLOC_000607	XLOC_000607
Upin_00000435	XLOC_000607	XLOC_000607
Upin_00000937	XLOC_000607	XLOC_000607
Upin_00000683	XLOC_000259	XLOC_000259
Upin_00000938	XLOC_000608	XLOC_000608
Upin_00000684	XLOC_000260	XLOC_000260
Upin_00000174	XLOC_000260	XLOC_000260
Upin_00000686	XLOC_000260	XLOC_000260
Upin_00000685	XLOC_000261	XLOC_000261
Upin_00000436	XLOC_000609	XLOC_000609
Upin_00000939	XLOC_000610	XLOC_000610
Upin_00000175	XLOC_000263	XLOC_000263
Upin_00000940	XLOC_000611	XLOC_000611
Upin_00000688	XLOC_000264	XLOC_000264
Upin_00000176	XLOC_000264	XLOC_000264
Upin_00000689	XLOC_000265	XLOC_000265
Upin_00000941	XLOC_000612	XLOC_000612
Upin_00000438	XLOC_000612	XLOC_000612
Upin_00000942	XLOC_000612	XLOC_000612
Upin_00000691	XLOC_000266	XLOC_000266
Upin_00000178	XLOC_000266	XLOC_000266
Upin_00000692	XLOC_000266	XLOC_000266
Upin_00000943	XLOC_000613	XLOC_000613
Upin_00000439	XLOC_000613	XLOC_000613
Upin_00000694	XLOC_000268	XLOC_000268
Upin_00000179	XLOC_000268	XLOC_000268
Upin_00000440	XLOC_000614	XLOC_000614
Upin_00000696	XLOC_000270	XLOC_000270
Upin_00000180	XLOC_000270	XLOC_000270
Upin_00000441	XLOC_000615	XLOC_000615
Upin_00000181	XLOC_000271	XLOC_000271
Upin_00000697	XLOC_000272	XLOC_000272
Upin_00000182	XLOC_000272	XLOC_000272
Upin_00000944	XLOC_000616	XLOC_000616
Upin_00000945	XLOC_000617	XLOC_000617
Upin_00000698	XLOC_000273	XLOC_000273
Upin_00000183	XLOC_000273	XLOC_000273
Upin_00000700	XLOC_000274	XLOC_000274
Upin_00000184	XLOC_000274	XLOC_000274
Upin_00000946	XLOC_000618	XLOC_000618
Upin_00000442	XLOC_000618	XLOC_000618
Upin_00000947	XLOC_000618	XLOC_000618
Upin_00000948	XLOC_000618	XLOC_000618
Upin_00000949	XLOC_000618	XLOC_000618
Upin_00000950	XLOC_000619	XLOC_000619
Upin_00000443	XLOC_000619	XLOC_000619
Upin_00000701	XLOC_000275	XLOC_000275
Upin_00000185	XLOC_000276	XLOC_000276
Upin_00000702	XLOC_000276	XLOC_000276
Upin_00000703	XLOC_000276	XLOC_000276
Upin_00000704	XLOC_000276	XLOC_000276
Upin_00000705	XLOC_000277	XLOC_000277
Upin_00000444	XLOC_000620	XLOC_000620
Upin_00000186	XLOC_000278	XLOC_000278
Upin_00000951	XLOC_000621	XLOC_000621
Upin_00000445	XLOC_000623	XLOC_000623
Upin_00000707	XLOC_000280	XLOC_000280
Upin_00000447	XLOC_000624	XLOC_000624
Upin_00000954	XLOC_000624	XLOC_000624
Upin_00000955	XLOC_000624	XLOC_000624
Upin_00000956	XLOC_000624	XLOC_000624
Upin_00000957	XLOC_000624	XLOC_000624
Upin_00000958	XLOC_000624	XLOC_000624
Upin_00000959	XLOC_000624	XLOC_000624
Upin_00000960	XLOC_000624	XLOC_000624
Upin_00000187	XLOC_000281	XLOC_000281
Upin_00000188	XLOC_000282	XLOC_000282
Upin_00000448	XLOC_000625	XLOC_000625
Upin_00000190	XLOC_000284	XLOC_000284
Upin_00000961	XLOC_000626	XLOC_000626
Upin_00000962	XLOC_000627	XLOC_000627
Upin_00000449	XLOC_000627	XLOC_000627
Upin_00000191	XLOC_000285	XLOC_000285
Upin_00000450	XLOC_000628	XLOC_000628
Upin_00000451	XLOC_000629	XLOC_000629
Upin_00000192	XLOC_000286	XLOC_000286
Upin_00000708	XLOC_000286	XLOC_000286
Upin_00000709	XLOC_000286	XLOC_000286
Upin_00000963	XLOC_000630	XLOC_000630
Upin_00000964	XLOC_000631	XLOC_000631
Upin_00000452	XLOC_000631	XLOC_000631
Upin_00000965	XLOC_000631	XLOC_000631
Upin_00000710	XLOC_000287	XLOC_000287
Upin_00000193	XLOC_000287	XLOC_000287
Upin_00000453	XLOC_000632	XLOC_000632
Upin_00000194	XLOC_000288	XLOC_000288
Upin_00000195	XLOC_000289	XLOC_000289
Upin_00000454	XLOC_000633	XLOC_000633
Upin_00000455	XLOC_000634	XLOC_000634
Upin_00000456	XLOC_000635	XLOC_000635
Upin_00000966	XLOC_000636	XLOC_000636
Upin_00000457	XLOC_000637	XLOC_000637
Upin_00000967	XLOC_000637	XLOC_000637
Upin_00000969	XLOC_000639	XLOC_000639
Upin_00000970	XLOC_000640	XLOC_000640
Upin_00000458	XLOC_000640	XLOC_000640
Upin_00000459	XLOC_000641	XLOC_000641
Upin_00000712	XLOC_000291	XLOC_000291
Upin_00000196	XLOC_000292	XLOC_000292
Upin_00000460	XLOC_000642	XLOC_000642
Upin_00000971	XLOC_000642	XLOC_000642
Upin_00000972	XLOC_000642	XLOC_000642
Upin_00000461	XLOC_000643	XLOC_000643
Upin_00000973	XLOC_000643	XLOC_000643
Upin_00000715	XLOC_000293	XLOC_000293
Upin_00000197	XLOC_000293	XLOC_000293
Upin_00000716	XLOC_000293	XLOC_000293
Upin_00000974	XLOC_000644	XLOC_000644
Upin_00000462	XLOC_000644	XLOC_000644
Upin_00000975	XLOC_000644	XLOC_000644
Upin_00000199	XLOC_000294	XLOC_000294
Upin_00000717	XLOC_000295	XLOC_000295
Upin_00000718	XLOC_000296	XLOC_000296
Upin_00000200	XLOC_000296	XLOC_000296
Upin_00000719	XLOC_000297	XLOC_000297
Upin_00000201	XLOC_000297	XLOC_000297
Upin_00000720	XLOC_000297	XLOC_000297
Upin_00000721	XLOC_000298	XLOC_000298
Upin_00000464	XLOC_000646	XLOC_000646
Upin_00000202	XLOC_000299	XLOC_000299
Upin_00000465	XLOC_000647	XLOC_000647
Upin_00000976	XLOC_000647	XLOC_000647
Upin_00000977	XLOC_000647	XLOC_000647
Upin_00000978	XLOC_000647	XLOC_000647
Upin_00000203	XLOC_000301	XLOC_000301
Upin_00000204	XLOC_000302	XLOC_000302
Upin_00000205	XLOC_000303	XLOC_000303
Upin_00000206	XLOC_000304	XLOC_000304
Upin_00000724	XLOC_000305	XLOC_000305
Upin_00000725	XLOC_000306	XLOC_000306
Upin_00000726	XLOC_000307	XLOC_000307
Upin_00000727	XLOC_000308	XLOC_000308
Upin_00000207	XLOC_000308	XLOC_000308
Upin_00000208	XLOC_000309	XLOC_000309
Upin_00000728	XLOC_000310	XLOC_000310
Upin_00000466	XLOC_000648	XLOC_000648
Upin_00000467	XLOC_000650	XLOC_000650
Upin_00000980	XLOC_000650	XLOC_000650
Upin_00000210	XLOC_000312	XLOC_000312
Upin_00000730	XLOC_000312	XLOC_000312
Upin_00000731	XLOC_000312	XLOC_000312
Upin_00000981	XLOC_000651	XLOC_000651
Upin_00000982	XLOC_000652	XLOC_000652
Upin_00000211	XLOC_000314	XLOC_000314
Upin_00000468	XLOC_000653	XLOC_000653
Upin_00000983	XLOC_000654	XLOC_000654
Upin_00000212	XLOC_000315	XLOC_000315
Upin_00000470	XLOC_000655	XLOC_000655
Upin_00000213	XLOC_000316	XLOC_000316
Upin_00000735	XLOC_000316	XLOC_000316
Upin_00000734	XLOC_000317	XLOC_000317
Upin_00000984	XLOC_000656	XLOC_000656
Upin_00000471	XLOC_000656	XLOC_000656
Upin_00000985	XLOC_000656	XLOC_000656
Upin_00000986	XLOC_000656	XLOC_000656
Upin_00000214	XLOC_000318	XLOC_000318
Upin_00000472	XLOC_000657	XLOC_000657
Upin_00000987	XLOC_000658	XLOC_000658
Upin_00000215	XLOC_000320	XLOC_000320
Upin_00000473	XLOC_000659	XLOC_000659
Upin_00000474	XLOC_000660	XLOC_000660
Upin_00010979	XLOC_007390	XLOC_007390
Upin_00011911	XLOC_007390	XLOC_007390
Upin_00011912	XLOC_007390	XLOC_007390
Upin_00010551	XLOC_006807	XLOC_006807
Upin_00010552	XLOC_006808	XLOC_006808
Upin_00010553	XLOC_006809	XLOC_006809
Upin_00011420	XLOC_006809	XLOC_006809
Upin_00011423	XLOC_006809	XLOC_006809
Upin_00011913	XLOC_007391	XLOC_007391
Upin_00010980	XLOC_007392	XLOC_007392
Upin_00010981	XLOC_007393	XLOC_007393
Upin_00010554	XLOC_006812	XLOC_006812
Upin_00011425	XLOC_006812	XLOC_006812
Upin_00011426	XLOC_006813	XLOC_006813
Upin_00010555	XLOC_006814	XLOC_006814
Upin_00011427	XLOC_006814	XLOC_006814
Upin_00010557	XLOC_006815	XLOC_006815
Upin_00010982	XLOC_007394	XLOC_007394
Upin_00011916	XLOC_007396	XLOC_007396
Upin_00010983	XLOC_007396	XLOC_007396
Upin_00010559	XLOC_006817	XLOC_006817
Upin_00011917	XLOC_007397	XLOC_007397
Upin_00010560	XLOC_006818	XLOC_006818
Upin_00010561	XLOC_006819	XLOC_006819
Upin_00010562	XLOC_006820	XLOC_006820
Upin_00010984	XLOC_007398	XLOC_007398
Upin_00010563	XLOC_006822	XLOC_006822
Upin_00010564	XLOC_006823	XLOC_006823
Upin_00011918	XLOC_007399	XLOC_007399
Upin_00010985	XLOC_007399	XLOC_007399
Upin_00010986	XLOC_007400	XLOC_007400
Upin_00011919	XLOC_007400	XLOC_007400
Upin_00010565	XLOC_006825	XLOC_006825
Upin_00010987	XLOC_007401	XLOC_007401
Upin_00011434	XLOC_006826	XLOC_006826
Upin_00010988	XLOC_007402	XLOC_007402
Upin_00011920	XLOC_007402	XLOC_007402
Upin_00011435	XLOC_006827	XLOC_006827
Upin_00011436	XLOC_006828	XLOC_006828
Upin_00010989	XLOC_007403	XLOC_007403
Upin_00010990	XLOC_007404	XLOC_007404
Upin_00011921	XLOC_007404	XLOC_007404
Upin_00010568	XLOC_006829	XLOC_006829
Upin_00010569	XLOC_006830	XLOC_006830
Upin_00011437	XLOC_006831	XLOC_006831
Upin_00010991	XLOC_007405	XLOC_007405
Upin_00011922	XLOC_007405	XLOC_007405
Upin_00010570	XLOC_006832	XLOC_006832
Upin_00010992	XLOC_007406	XLOC_007406
Upin_00010571	XLOC_006833	XLOC_006833
Upin_00010993	XLOC_007407	XLOC_007407
Upin_00011924	XLOC_007408	XLOC_007408
Upin_00010994	XLOC_007408	XLOC_007408
Upin_00010572	XLOC_006834	XLOC_006834
Upin_00010995	XLOC_007409	XLOC_007409
Upin_00010573	XLOC_006835	XLOC_006835
Upin_00010574	XLOC_006836	XLOC_006836
Upin_00010996	XLOC_007410	XLOC_007410
Upin_00010997	XLOC_007411	XLOC_007411
Upin_00011926	XLOC_007411	XLOC_007411
Upin_00011439	XLOC_006837	XLOC_006837
Upin_00010575	XLOC_006837	XLOC_006837
Upin_00010999	XLOC_007413	XLOC_007413
Upin_00011928	XLOC_007413	XLOC_007413
Upin_00010576	XLOC_006838	XLOC_006838
Upin_00011442	XLOC_006839	XLOC_006839
Upin_00011443	XLOC_006840	XLOC_006840
Upin_00011929	XLOC_007414	XLOC_007414
Upin_00011000	XLOC_007414	XLOC_007414
Upin_00011001	XLOC_007415	XLOC_007415
Upin_00011930	XLOC_007415	XLOC_007415
Upin_00010577	XLOC_006841	XLOC_006841
Upin_00011931	XLOC_007416	XLOC_007416
Upin_00011002	XLOC_007416	XLOC_007416
Upin_00011932	XLOC_007417	XLOC_007417
Upin_00011933	XLOC_007418	XLOC_007418
Upin_00011934	XLOC_007419	XLOC_007419
Upin_00011935	XLOC_007420	XLOC_007420
Upin_00011936	XLOC_007421	XLOC_007421
Upin_00011003	XLOC_007422	XLOC_007422
Upin_00011937	XLOC_007422	XLOC_007422
Upin_00011938	XLOC_007422	XLOC_007422
Upin_00011004	XLOC_007423	XLOC_007423
Upin_00010578	XLOC_006842	XLOC_006842
Upin_00011005	XLOC_007424	XLOC_007424
Upin_00011939	XLOC_007424	XLOC_007424
Upin_00010579	XLOC_006843	XLOC_006843
Upin_00011006	XLOC_007425	XLOC_007425
Upin_00010580	XLOC_006844	XLOC_006844
Upin_00010581	XLOC_006845	XLOC_006845
Upin_00011444	XLOC_006845	XLOC_006845
Upin_00011007	XLOC_007427	XLOC_007427
Upin_00011942	XLOC_007427	XLOC_007427
Upin_00010582	XLOC_006846	XLOC_006846
Upin_00011008	XLOC_007428	XLOC_007428
Upin_00011009	XLOC_007429	XLOC_007429
Upin_00011943	XLOC_007429	XLOC_007429
Upin_00010583	XLOC_006847	XLOC_006847
Upin_00011010	XLOC_007431	XLOC_007431
Upin_00011945	XLOC_007431	XLOC_007431
Upin_00010584	XLOC_006849	XLOC_006849
Upin_00010585	XLOC_006850	XLOC_006850
Upin_00011011	XLOC_007432	XLOC_007432
Upin_00011946	XLOC_007432	XLOC_007432
Upin_00010586	XLOC_006851	XLOC_006851
Upin_00011449	XLOC_006852	XLOC_006852
Upin_00011947	XLOC_007433	XLOC_007433
Upin_00011948	XLOC_007434	XLOC_007434
Upin_00011012	XLOC_007434	XLOC_007434
Upin_00011013	XLOC_007435	XLOC_007435
Upin_00010587	XLOC_006853	XLOC_006853
Upin_00011450	XLOC_006853	XLOC_006853
Upin_00011451	XLOC_006854	XLOC_006854
Upin_00010588	XLOC_006855	XLOC_006855
Upin_00011014	XLOC_007436	XLOC_007436
Upin_00011015	XLOC_007437	XLOC_007437
Upin_00011016	XLOC_007438	XLOC_007438
Upin_00011017	XLOC_007439	XLOC_007439
Upin_00010589	XLOC_006856	XLOC_006856
Upin_00011018	XLOC_007440	XLOC_007440
Upin_00011950	XLOC_007440	XLOC_007440
Upin_00011019	XLOC_007441	XLOC_007441
Upin_00011951	XLOC_007441	XLOC_007441
Upin_00011952	XLOC_007441	XLOC_007441
Upin_00011452	XLOC_006857	XLOC_006857
Upin_00011020	XLOC_007442	XLOC_007442
Upin_00011021	XLOC_007443	XLOC_007443
Upin_00011954	XLOC_007444	XLOC_007444
Upin_00011022	XLOC_007444	XLOC_007444
Upin_00011955	XLOC_007444	XLOC_007444
Upin_00011453	XLOC_006858	XLOC_006858
Upin_00011454	XLOC_006859	XLOC_006859
Upin_00010591	XLOC_006861	XLOC_006861
Upin_00010592	XLOC_006862	XLOC_006862
Upin_00011023	XLOC_007445	XLOC_007445
Upin_00010593	XLOC_006864	XLOC_006864
Upin_00011024	XLOC_007446	XLOC_007446
Upin_00011957	XLOC_007446	XLOC_007446
Upin_00011958	XLOC_007447	XLOC_007447
Upin_00011025	XLOC_007448	XLOC_007448
Upin_00010594	XLOC_006865	XLOC_006865
Upin_00011460	XLOC_006866	XLOC_006866
Upin_00011959	XLOC_007449	XLOC_007449
Upin_00011960	XLOC_007450	XLOC_007450
Upin_00010595	XLOC_006867	XLOC_006867
Upin_00010596	XLOC_006868	XLOC_006868
Upin_00011461	XLOC_006869	XLOC_006869
Upin_00010597	XLOC_006870	XLOC_006870
Upin_00010598	XLOC_006871	XLOC_006871
Upin_00010599	XLOC_006872	XLOC_006872
Upin_00010600	XLOC_006873	XLOC_006873
Upin_00010601	XLOC_006874	XLOC_006874
Upin_00010602	XLOC_006875	XLOC_006875
Upin_00010603	XLOC_006876	XLOC_006876
Upin_00010604	XLOC_006877	XLOC_006877
Upin_00010605	XLOC_006878	XLOC_006878
Upin_00011961	XLOC_007451	XLOC_007451
Upin_00011026	XLOC_007452	XLOC_007452
Upin_00011962	XLOC_007453	XLOC_007453
Upin_00011027	XLOC_007454	XLOC_007454
Upin_00011028	XLOC_007455	XLOC_007455
Upin_00011963	XLOC_007455	XLOC_007455
Upin_00011964	XLOC_007455	XLOC_007455
Upin_00011965	XLOC_007455	XLOC_007455
Upin_00010606	XLOC_006879	XLOC_006879
Upin_00011463	XLOC_006879	XLOC_006879
Upin_00011464	XLOC_006880	XLOC_006880
Upin_00011029	XLOC_007456	XLOC_007456
Upin_00011030	XLOC_007457	XLOC_007457
Upin_00011031	XLOC_007458	XLOC_007458
Upin_00010607	XLOC_006881	XLOC_006881
Upin_00010608	XLOC_006882	XLOC_006882
Upin_00011467	XLOC_006884	XLOC_006884
Upin_00011468	XLOC_006886	XLOC_006886
Upin_00011967	XLOC_007460	XLOC_007460
Upin_00011470	XLOC_006887	XLOC_006887
Upin_00010610	XLOC_006888	XLOC_006888
Upin_00010611	XLOC_006889	XLOC_006889
Upin_00011032	XLOC_007461	XLOC_007461
Upin_00010612	XLOC_006890	XLOC_006890
Upin_00011033	XLOC_007462	XLOC_007462
Upin_00010613	XLOC_006892	XLOC_006892
Upin_00011474	XLOC_006892	XLOC_006892
Upin_00011034	XLOC_007463	XLOC_007463
Upin_00011035	XLOC_007465	XLOC_007465
Upin_00010614	XLOC_006893	XLOC_006893
Upin_00011036	XLOC_007466	XLOC_007466
Upin_00011037	XLOC_007467	XLOC_007467
Upin_00011038	XLOC_007468	XLOC_007468
Upin_00010615	XLOC_006894	XLOC_006894
Upin_00011969	XLOC_007469	XLOC_007469
Upin_00011039	XLOC_007469	XLOC_007469
Upin_00011970	XLOC_007469	XLOC_007469
Upin_00011971	XLOC_007469	XLOC_007469
Upin_00011972	XLOC_007469	XLOC_007469
Upin_00011973	XLOC_007469	XLOC_007469
Upin_00010616	XLOC_006895	XLOC_006895
Upin_00011040	XLOC_007470	XLOC_007470
Upin_00011974	XLOC_007470	XLOC_007470
Upin_00011975	XLOC_007470	XLOC_007470
Upin_00010617	XLOC_006897	XLOC_006897
Upin_00010618	XLOC_006898	XLOC_006898
Upin_00010619	XLOC_006899	XLOC_006899
Upin_00010620	XLOC_006900	XLOC_006900
Upin_00011041	XLOC_007471	XLOC_007471
Upin_00011976	XLOC_007471	XLOC_007471
Upin_00010621	XLOC_006901	XLOC_006901
Upin_00011042	XLOC_007472	XLOC_007472
Upin_00011043	XLOC_007473	XLOC_007473
Upin_00011044	XLOC_007474	XLOC_007474
Upin_00010622	XLOC_006902	XLOC_006902
Upin_00011481	XLOC_006902	XLOC_006902
Upin_00011045	XLOC_007475	XLOC_007475
Upin_00011046	XLOC_007476	XLOC_007476
Upin_00011047	XLOC_007477	XLOC_007477
Upin_00011048	XLOC_007478	XLOC_007478
Upin_00011049	XLOC_007479	XLOC_007479
Upin_00011050	XLOC_007480	XLOC_007480
Upin_00011977	XLOC_007481	XLOC_007481
Upin_00011051	XLOC_007482	XLOC_007482
Upin_00011483	XLOC_006903	XLOC_006903
Upin_00011484	XLOC_006904	XLOC_006904
Upin_00011485	XLOC_006905	XLOC_006905
Upin_00011486	XLOC_006906	XLOC_006906
Upin_00010623	XLOC_006907	XLOC_006907
Upin_00010624	XLOC_006908	XLOC_006908
Upin_00010625	XLOC_006909	XLOC_006909
Upin_00010626	XLOC_006910	XLOC_006910
Upin_00011487	XLOC_006911	XLOC_006911
Upin_00011978	XLOC_007483	XLOC_007483
Upin_00011053	XLOC_007484	XLOC_007484
Upin_00010628	XLOC_006913	XLOC_006913
Upin_00010629	XLOC_006914	XLOC_006914
Upin_00011979	XLOC_007485	XLOC_007485
Upin_00011054	XLOC_007485	XLOC_007485
Upin_00010630	XLOC_006915	XLOC_006915
Upin_00011491	XLOC_006916	XLOC_006916
Upin_00011492	XLOC_006917	XLOC_006917
Upin_00010631	XLOC_006917	XLOC_006917
Upin_00011055	XLOC_007486	XLOC_007486
Upin_00010632	XLOC_006918	XLOC_006918
Upin_00011056	XLOC_007487	XLOC_007487
Upin_00010633	XLOC_006919	XLOC_006919
Upin_00011495	XLOC_006920	XLOC_006920
Upin_00010634	XLOC_006921	XLOC_006921
Upin_00011980	XLOC_007488	XLOC_007488
Upin_00011057	XLOC_007489	XLOC_007489
Upin_00011497	XLOC_006922	XLOC_006922
Upin_00011058	XLOC_007490	XLOC_007490
Upin_00011059	XLOC_007491	XLOC_007491
Upin_00011060	XLOC_007492	XLOC_007492
Upin_00011061	XLOC_007493	XLOC_007493
Upin_00011981	XLOC_007493	XLOC_007493
Upin_00011498	XLOC_006923	XLOC_006923
Upin_00010635	XLOC_006924	XLOC_006924
Upin_00011062	XLOC_007494	XLOC_007494
Upin_00011982	XLOC_007494	XLOC_007494
Upin_00011063	XLOC_007495	XLOC_007495
Upin_00010636	XLOC_006925	XLOC_006925
Upin_00011984	XLOC_007496	XLOC_007496
Upin_00011064	XLOC_007497	XLOC_007497
Upin_00011985	XLOC_007497	XLOC_007497
Upin_00010637	XLOC_006927	XLOC_006927
Upin_00011502	XLOC_006927	XLOC_006927
Upin_00010638	XLOC_006928	XLOC_006928
Upin_00011065	XLOC_007498	XLOC_007498
Upin_00010639	XLOC_006929	XLOC_006929
Upin_00011987	XLOC_007500	XLOC_007500
Upin_00010640	XLOC_006931	XLOC_006931
Upin_00011066	XLOC_007501	XLOC_007501
Upin_00011989	XLOC_007501	XLOC_007501
Upin_00011990	XLOC_007502	XLOC_007502
Upin_00010641	XLOC_006932	XLOC_006932
Upin_00011505	XLOC_006933	XLOC_006933
Upin_00010642	XLOC_006934	XLOC_006934
Upin_00011506	XLOC_006935	XLOC_006935
Upin_00011067	XLOC_007503	XLOC_007503
Upin_00011991	XLOC_007504	XLOC_007504
Upin_00011068	XLOC_007504	XLOC_007504
Upin_00010643	XLOC_006936	XLOC_006936
Upin_00011508	XLOC_006937	XLOC_006937
Upin_00011992	XLOC_007505	XLOC_007505
Upin_00011069	XLOC_007506	XLOC_007506
Upin_00010644	XLOC_006938	XLOC_006938
Upin_00011070	XLOC_007507	XLOC_007507
Upin_00011071	XLOC_007508	XLOC_007508
Upin_00011072	XLOC_007509	XLOC_007509
Upin_00011994	XLOC_007510	XLOC_007510
Upin_00011995	XLOC_007511	XLOC_007511
Upin_00011073	XLOC_007511	XLOC_007511
Upin_00010645	XLOC_006942	XLOC_006942
Upin_00011074	XLOC_007512	XLOC_007512
Upin_00011996	XLOC_007513	XLOC_007513
Upin_00011075	XLOC_007513	XLOC_007513
Upin_00010646	XLOC_006943	XLOC_006943
Upin_00011515	XLOC_006943	XLOC_006943
Upin_00011516	XLOC_006943	XLOC_006943
Upin_00011517	XLOC_006943	XLOC_006943
Upin_00011518	XLOC_006943	XLOC_006943
Upin_00011076	XLOC_007514	XLOC_007514
Upin_00011077	XLOC_007515	XLOC_007515
Upin_00011997	XLOC_007515	XLOC_007515
Upin_00011998	XLOC_007515	XLOC_007515
Upin_00010647	XLOC_006944	XLOC_006944
Upin_00011520	XLOC_006944	XLOC_006944
Upin_00011078	XLOC_007516	XLOC_007516
Upin_00011999	XLOC_007516	XLOC_007516
Upin_00010648	XLOC_006945	XLOC_006945
Upin_00011522	XLOC_006945	XLOC_006945
Upin_00011523	XLOC_006945	XLOC_006945
Upin_00012000	XLOC_007517	XLOC_007517
Upin_00011079	XLOC_007518	XLOC_007518
Upin_00010649	XLOC_006947	XLOC_006947
Upin_00011080	XLOC_007519	XLOC_007519
Upin_00012003	XLOC_007519	XLOC_007519
Upin_00010650	XLOC_006948	XLOC_006948
Upin_00010651	XLOC_006949	XLOC_006949
Upin_00010652	XLOC_006950	XLOC_006950
Upin_00010653	XLOC_006951	XLOC_006951
Upin_00010654	XLOC_006952	XLOC_006952
Upin_00010655	XLOC_006953	XLOC_006953
Upin_00010656	XLOC_006954	XLOC_006954
Upin_00011081	XLOC_007520	XLOC_007520
Upin_00011082	XLOC_007521	XLOC_007521
Upin_00010657	XLOC_006955	XLOC_006955
Upin_00011083	XLOC_007522	XLOC_007522
Upin_00010658	XLOC_006956	XLOC_006956
Upin_00011525	XLOC_006956	XLOC_006956
Upin_00011084	XLOC_007523	XLOC_007523
Upin_00010659	XLOC_006957	XLOC_006957
Upin_00010660	XLOC_006958	XLOC_006958
Upin_00011526	XLOC_006958	XLOC_006958
Upin_00011528	XLOC_006958	XLOC_006958
Upin_00011529	XLOC_006958	XLOC_006958
Upin_00012004	XLOC_007524	XLOC_007524
Upin_00011085	XLOC_007525	XLOC_007525
Upin_00011086	XLOC_007526	XLOC_007526
Upin_00011087	XLOC_007527	XLOC_007527
Upin_00012005	XLOC_007527	XLOC_007527
Upin_00011530	XLOC_006959	XLOC_006959
Upin_00010661	XLOC_006960	XLOC_006960
Upin_00011088	XLOC_007528	XLOC_007528
Upin_00012006	XLOC_007529	XLOC_007529
Upin_00011531	XLOC_006961	XLOC_006961
Upin_00011532	XLOC_006962	XLOC_006962
Upin_00010662	XLOC_006962	XLOC_006962
Upin_00012007	XLOC_007530	XLOC_007530
Upin_00010663	XLOC_006963	XLOC_006963
Upin_00011534	XLOC_006963	XLOC_006963
Upin_00011535	XLOC_006964	XLOC_006964
Upin_00012008	XLOC_007531	XLOC_007531
Upin_00011089	XLOC_007531	XLOC_007531
Upin_00010664	XLOC_006965	XLOC_006965
Upin_00011537	XLOC_006965	XLOC_006965
Upin_00011539	XLOC_006965	XLOC_006965
Upin_00012009	XLOC_007532	XLOC_007532
Upin_00012010	XLOC_007533	XLOC_007533
Upin_00012011	XLOC_007533	XLOC_007533
Upin_00011091	XLOC_007533	XLOC_007533
Upin_00011092	XLOC_007534	XLOC_007534
Upin_00012012	XLOC_007534	XLOC_007534
Upin_00011093	XLOC_007535	XLOC_007535
Upin_00012013	XLOC_007535	XLOC_007535
Upin_00012014	XLOC_007535	XLOC_007535
Upin_00011094	XLOC_007536	XLOC_007536
Upin_00012015	XLOC_007536	XLOC_007536
Upin_00012016	XLOC_007537	XLOC_007537
Upin_00012017	XLOC_007538	XLOC_007538
Upin_00010665	XLOC_006967	XLOC_006967
Upin_00011542	XLOC_006967	XLOC_006967
Upin_00012018	XLOC_007539	XLOC_007539
Upin_00011095	XLOC_007540	XLOC_007540
Upin_00010666	XLOC_006968	XLOC_006968
Upin_00011544	XLOC_006968	XLOC_006968
Upin_00012019	XLOC_007541	XLOC_007541
Upin_00012020	XLOC_007542	XLOC_007542
Upin_00011096	XLOC_007542	XLOC_007542
Upin_00012021	XLOC_007542	XLOC_007542
Upin_00012022	XLOC_007542	XLOC_007542
Upin_00010667	XLOC_006969	XLOC_006969
Upin_00011546	XLOC_006969	XLOC_006969
Upin_00012023	XLOC_007543	XLOC_007543
Upin_00010668	XLOC_006971	XLOC_006971
Upin_00010669	XLOC_006972	XLOC_006972
Upin_00011549	XLOC_006972	XLOC_006972
Upin_00010670	XLOC_006973	XLOC_006973
Upin_00012025	XLOC_007544	XLOC_007544
Upin_00011551	XLOC_006974	XLOC_006974
Upin_00012026	XLOC_007545	XLOC_007545
Upin_00010671	XLOC_006976	XLOC_006976
Upin_00010672	XLOC_006977	XLOC_006977
Upin_00010673	XLOC_006978	XLOC_006978
Upin_00011098	XLOC_007546	XLOC_007546
Upin_00010674	XLOC_006979	XLOC_006979
Upin_00011556	XLOC_006979	XLOC_006979
Upin_00011099	XLOC_007547	XLOC_007547
Upin_00012029	XLOC_007549	XLOC_007549
Upin_00011100	XLOC_007550	XLOC_007550
Upin_00012031	XLOC_007551	XLOC_007551
Upin_00011101	XLOC_007551	XLOC_007551
Upin_00010678	XLOC_006980	XLOC_006980
Upin_00010679	XLOC_006981	XLOC_006981
Upin_00012032	XLOC_007552	XLOC_007552
Upin_00012033	XLOC_007553	XLOC_007553
Upin_00011103	XLOC_007553	XLOC_007553
Upin_00012034	XLOC_007553	XLOC_007553
Upin_00012035	XLOC_007554	XLOC_007554
Upin_00010680	XLOC_006982	XLOC_006982
Upin_00012036	XLOC_007555	XLOC_007555
Upin_00011104	XLOC_007556	XLOC_007556
Upin_00012037	XLOC_007556	XLOC_007556
Upin_00010681	XLOC_006983	XLOC_006983
Upin_00010682	XLOC_006984	XLOC_006984
Upin_00011105	XLOC_007557	XLOC_007557
Upin_00012038	XLOC_007558	XLOC_007558
Upin_00012040	XLOC_007560	XLOC_007560
Upin_00010683	XLOC_006986	XLOC_006986
Upin_00011107	XLOC_007561	XLOC_007561
Upin_00012041	XLOC_007561	XLOC_007561
Upin_00010684	XLOC_006987	XLOC_006987
Upin_00012042	XLOC_007562	XLOC_007562
Upin_00010685	XLOC_006989	XLOC_006989
Upin_00010686	XLOC_006990	XLOC_006990
Upin_00010687	XLOC_006992	XLOC_006992
Upin_00011569	XLOC_006993	XLOC_006993
Upin_00011108	XLOC_007563	XLOC_007563
Upin_00010688	XLOC_006994	XLOC_006994
Upin_00011571	XLOC_006994	XLOC_006994
Upin_00011109	XLOC_007564	XLOC_007564
Upin_00012044	XLOC_007564	XLOC_007564
Upin_00012045	XLOC_007564	XLOC_007564
Upin_00010689	XLOC_006995	XLOC_006995
Upin_00011572	XLOC_006996	XLOC_006996
Upin_00010690	XLOC_006997	XLOC_006997
Upin_00012046	XLOC_007565	XLOC_007565
Upin_00012047	XLOC_007566	XLOC_007566
Upin_00012048	XLOC_007567	XLOC_007567
Upin_00011111	XLOC_007567	XLOC_007567
Upin_00011575	XLOC_006998	XLOC_006998
Upin_00012050	XLOC_007569	XLOC_007569
Upin_00010691	XLOC_006999	XLOC_006999
Upin_00011577	XLOC_006999	XLOC_006999
Upin_00011113	XLOC_007570	XLOC_007570
Upin_00011114	XLOC_007571	XLOC_007571
Upin_00011115	XLOC_007572	XLOC_007572
Upin_00012051	XLOC_007572	XLOC_007572
Upin_00011116	XLOC_007573	XLOC_007573
Upin_00012052	XLOC_007574	XLOC_007574
Upin_00010692	XLOC_007002	XLOC_007002
Upin_00010693	XLOC_007003	XLOC_007003
Upin_00010694	XLOC_007004	XLOC_007004
Upin_00011581	XLOC_007004	XLOC_007004
Upin_00010695	XLOC_007006	XLOC_007006
Upin_00010696	XLOC_007007	XLOC_007007
Upin_00011585	XLOC_007008	XLOC_007008
Upin_00011586	XLOC_007009	XLOC_007009
Upin_00012055	XLOC_007576	XLOC_007576
Upin_00011118	XLOC_007576	XLOC_007576
Upin_00011587	XLOC_007010	XLOC_007010
Upin_00011588	XLOC_007011	XLOC_007011
Upin_00011119	XLOC_007577	XLOC_007577
Upin_00012056	XLOC_007577	XLOC_007577
Upin_00012057	XLOC_007577	XLOC_007577
Upin_00012058	XLOC_007577	XLOC_007577
Upin_00011120	XLOC_007578	XLOC_007578
Upin_00011589	XLOC_007012	XLOC_007012
Upin_00010698	XLOC_007013	XLOC_007013
Upin_00011121	XLOC_007579	XLOC_007579
Upin_00012059	XLOC_007580	XLOC_007580
Upin_00011123	XLOC_007580	XLOC_007580
Upin_00012060	XLOC_007580	XLOC_007580
Upin_00010699	XLOC_007014	XLOC_007014
Upin_00011590	XLOC_007014	XLOC_007014
Upin_00011591	XLOC_007014	XLOC_007014
Upin_00011124	XLOC_007581	XLOC_007581
Upin_00011125	XLOC_007582	XLOC_007582
Upin_00011126	XLOC_007583	XLOC_007583
Upin_00012062	XLOC_007583	XLOC_007583
Upin_00011593	XLOC_007017	XLOC_007017
Upin_00011127	XLOC_007584	XLOC_007584
Upin_00010703	XLOC_007018	XLOC_007018
Upin_00012065	XLOC_007586	XLOC_007586
Upin_00011128	XLOC_007586	XLOC_007586
Upin_00012067	XLOC_007588	XLOC_007588
Upin_00011129	XLOC_007588	XLOC_007588
Upin_00010704	XLOC_007019	XLOC_007019
Upin_00011130	XLOC_007589	XLOC_007589
Upin_00011131	XLOC_007590	XLOC_007590
Upin_00012069	XLOC_007590	XLOC_007590
Upin_00012070	XLOC_007590	XLOC_007590
Upin_00010705	XLOC_007020	XLOC_007020
Upin_00011132	XLOC_007591	XLOC_007591
Upin_00012071	XLOC_007591	XLOC_007591
Upin_00012072	XLOC_007591	XLOC_007591
Upin_00010706	XLOC_007021	XLOC_007021
Upin_00011597	XLOC_007021	XLOC_007021
Upin_00011133	XLOC_007592	XLOC_007592
Upin_00010707	XLOC_007022	XLOC_007022
Upin_00011599	XLOC_007022	XLOC_007022
Upin_00012073	XLOC_007593	XLOC_007593
Upin_00011134	XLOC_007593	XLOC_007593
Upin_00010708	XLOC_007023	XLOC_007023
Upin_00011135	XLOC_007594	XLOC_007594
Upin_00010709	XLOC_007024	XLOC_007024
Upin_00010710	XLOC_007025	XLOC_007025
Upin_00010712	XLOC_007026	XLOC_007026
Upin_00011136	XLOC_007595	XLOC_007595
Upin_00012074	XLOC_007595	XLOC_007595
Upin_00010713	XLOC_007027	XLOC_007027
Upin_00010714	XLOC_007028	XLOC_007028
Upin_00011604	XLOC_007028	XLOC_007028
Upin_00011137	XLOC_007596	XLOC_007596
Upin_00012075	XLOC_007596	XLOC_007596
Upin_00012076	XLOC_007596	XLOC_007596
Upin_00012077	XLOC_007596	XLOC_007596
Upin_00011605	XLOC_007029	XLOC_007029
Upin_00011606	XLOC_007030	XLOC_007030
Upin_00012078	XLOC_007597	XLOC_007597
Upin_00012079	XLOC_007598	XLOC_007598
Upin_00012080	XLOC_007599	XLOC_007599
Upin_00011139	XLOC_007600	XLOC_007600
Upin_00010715	XLOC_007032	XLOC_007032
Upin_00011609	XLOC_007034	XLOC_007034
Upin_00010716	XLOC_007035	XLOC_007035
Upin_00011610	XLOC_007035	XLOC_007035
Upin_00012082	XLOC_007601	XLOC_007601
Upin_00012083	XLOC_007602	XLOC_007602
Upin_00011611	XLOC_007036	XLOC_007036
Upin_00010717	XLOC_007037	XLOC_007037
Upin_00011140	XLOC_007605	XLOC_007605
Upin_00011141	XLOC_007606	XLOC_007606
Upin_00011143	XLOC_007607	XLOC_007607
Upin_00010718	XLOC_007038	XLOC_007038
Upin_00011144	XLOC_007608	XLOC_007608
Upin_00012087	XLOC_007608	XLOC_007608
Upin_00011145	XLOC_007609	XLOC_007609
Upin_00011613	XLOC_007039	XLOC_007039
Upin_00010719	XLOC_007040	XLOC_007040
Upin_00011146	XLOC_007610	XLOC_007610
Upin_00011614	XLOC_007041	XLOC_007041
Upin_00010720	XLOC_007041	XLOC_007041
Upin_00011615	XLOC_007041	XLOC_007041
Upin_00011147	XLOC_007611	XLOC_007611
Upin_00012088	XLOC_007611	XLOC_007611
Upin_00010721	XLOC_007042	XLOC_007042
Upin_00011617	XLOC_007042	XLOC_007042
Upin_00012089	XLOC_007612	XLOC_007612
Upin_00012090	XLOC_007613	XLOC_007613
Upin_00011618	XLOC_007043	XLOC_007043
Upin_00012091	XLOC_007614	XLOC_007614
Upin_00012092	XLOC_007615	XLOC_007615
Upin_00010723	XLOC_007044	XLOC_007044
Upin_00011149	XLOC_007616	XLOC_007616
Upin_00011150	XLOC_007617	XLOC_007617
Upin_00012093	XLOC_007618	XLOC_007618
Upin_00010724	XLOC_007045	XLOC_007045
Upin_00010725	XLOC_007046	XLOC_007046
Upin_00011151	XLOC_007619	XLOC_007619
Upin_00010726	XLOC_007047	XLOC_007047
Upin_00011152	XLOC_007620	XLOC_007620
Upin_00011153	XLOC_007621	XLOC_007621
Upin_00011622	XLOC_007048	XLOC_007048
Upin_00012096	XLOC_007622	XLOC_007622
Upin_00011623	XLOC_007049	XLOC_007049
Upin_00012097	XLOC_007623	XLOC_007623
Upin_00011155	XLOC_007623	XLOC_007623
Upin_00011625	XLOC_007051	XLOC_007051
Upin_00010729	XLOC_007052	XLOC_007052
Upin_00011156	XLOC_007624	XLOC_007624
Upin_00010730	XLOC_007053	XLOC_007053
Upin_00011626	XLOC_007053	XLOC_007053
Upin_00010731	XLOC_007054	XLOC_007054
Upin_00011627	XLOC_007055	XLOC_007055
Upin_00011157	XLOC_007625	XLOC_007625
Upin_00010732	XLOC_007056	XLOC_007056
Upin_00012099	XLOC_007626	XLOC_007626
Upin_00012100	XLOC_007626	XLOC_007626
Upin_00010733	XLOC_007057	XLOC_007057
Upin_00011158	XLOC_007627	XLOC_007627
Upin_00012101	XLOC_007627	XLOC_007627
Upin_00011628	XLOC_007058	XLOC_007058
Upin_00012102	XLOC_007628	XLOC_007628
Upin_00010734	XLOC_007060	XLOC_007060
Upin_00011631	XLOC_007060	XLOC_007060
Upin_00011632	XLOC_007060	XLOC_007060
Upin_00010735	XLOC_007061	XLOC_007061
Upin_00011634	XLOC_007061	XLOC_007061
Upin_00012103	XLOC_007629	XLOC_007629
Upin_00011635	XLOC_007062	XLOC_007062
Upin_00010736	XLOC_007062	XLOC_007062
Upin_00011159	XLOC_007630	XLOC_007630
Upin_00012105	XLOC_007630	XLOC_007630
Upin_00010737	XLOC_007063	XLOC_007063
Upin_00012106	XLOC_007631	XLOC_007631
Upin_00011160	XLOC_007631	XLOC_007631
Upin_00010738	XLOC_007064	XLOC_007064
Upin_00011161	XLOC_007632	XLOC_007632
Upin_00012107	XLOC_007632	XLOC_007632
Upin_00012108	XLOC_007633	XLOC_007633
Upin_00010739	XLOC_007065	XLOC_007065
Upin_00011636	XLOC_007065	XLOC_007065
Upin_00012109	XLOC_007634	XLOC_007634
Upin_00011163	XLOC_007634	XLOC_007634
Upin_00011164	XLOC_007635	XLOC_007635
Upin_00011165	XLOC_007636	XLOC_007636
Upin_00012110	XLOC_007637	XLOC_007637
Upin_00011166	XLOC_007638	XLOC_007638
Upin_00012111	XLOC_007638	XLOC_007638
Upin_00011637	XLOC_007066	XLOC_007066
Upin_00010740	XLOC_007067	XLOC_007067
Upin_00012112	XLOC_007639	XLOC_007639
Upin_00011167	XLOC_007640	XLOC_007640
Upin_00011168	XLOC_007641	XLOC_007641
Upin_00011169	XLOC_007642	XLOC_007642
Upin_00012113	XLOC_007642	XLOC_007642
Upin_00012114	XLOC_007642	XLOC_007642
Upin_00012115	XLOC_007643	XLOC_007643
Upin_00010741	XLOC_007068	XLOC_007068
Upin_00011638	XLOC_007068	XLOC_007068
Upin_00011172	XLOC_007644	XLOC_007644
Upin_00010743	XLOC_007070	XLOC_007070
Upin_00011173	XLOC_007645	XLOC_007645
Upin_00012117	XLOC_007645	XLOC_007645
Upin_00011174	XLOC_007646	XLOC_007646
Upin_00012118	XLOC_007647	XLOC_007647
Upin_00011176	XLOC_007648	XLOC_007648
Upin_00012119	XLOC_007648	XLOC_007648
Upin_00012120	XLOC_007648	XLOC_007648
Upin_00010744	XLOC_007072	XLOC_007072
Upin_00011177	XLOC_007649	XLOC_007649
Upin_00010745	XLOC_007073	XLOC_007073
Upin_00011643	XLOC_007073	XLOC_007073
Upin_00011178	XLOC_007650	XLOC_007650
Upin_00012121	XLOC_007650	XLOC_007650
Upin_00010746	XLOC_007074	XLOC_007074
Upin_00012122	XLOC_007651	XLOC_007651
Upin_00011179	XLOC_007652	XLOC_007652
Upin_00012123	XLOC_007652	XLOC_007652
Upin_00012124	XLOC_007653	XLOC_007653
Upin_00011180	XLOC_007654	XLOC_007654
Upin_00012126	XLOC_007654	XLOC_007654
Upin_00010747	XLOC_007075	XLOC_007075
Upin_00011181	XLOC_007655	XLOC_007655
Upin_00010748	XLOC_007076	XLOC_007076
Upin_00011182	XLOC_007656	XLOC_007656
Upin_00010749	XLOC_007077	XLOC_007077
Upin_00011183	XLOC_007657	XLOC_007657
Upin_00010750	XLOC_007078	XLOC_007078
Upin_00012129	XLOC_007658	XLOC_007658
Upin_00011184	XLOC_007658	XLOC_007658
Upin_00012130	XLOC_007658	XLOC_007658
Upin_00012131	XLOC_007658	XLOC_007658
Upin_00010751	XLOC_007079	XLOC_007079
Upin_00011649	XLOC_007079	XLOC_007079
Upin_00011185	XLOC_007659	XLOC_007659
Upin_00010752	XLOC_007080	XLOC_007080
Upin_00012132	XLOC_007660	XLOC_007660
Upin_00012133	XLOC_007661	XLOC_007661
Upin_00012134	XLOC_007662	XLOC_007662
Upin_00011186	XLOC_007662	XLOC_007662
Upin_00011187	XLOC_007663	XLOC_007663
Upin_00010753	XLOC_007082	XLOC_007082
Upin_00011188	XLOC_007664	XLOC_007664
Upin_00011189	XLOC_007665	XLOC_007665
Upin_00010754	XLOC_007084	XLOC_007084
Upin_00012135	XLOC_007666	XLOC_007666
Upin_00011653	XLOC_007085	XLOC_007085
Upin_00010755	XLOC_007085	XLOC_007085
Upin_00011190	XLOC_007667	XLOC_007667
Upin_00011191	XLOC_007668	XLOC_007668
Upin_00011654	XLOC_007086	XLOC_007086
Upin_00011192	XLOC_007669	XLOC_007669
Upin_00012137	XLOC_007669	XLOC_007669
Upin_00012138	XLOC_007669	XLOC_007669
Upin_00012139	XLOC_007669	XLOC_007669
Upin_00012140	XLOC_007669	XLOC_007669
Upin_00012141	XLOC_007669	XLOC_007669
Upin_00012142	XLOC_007669	XLOC_007669
Upin_00010758	XLOC_007087	XLOC_007087
Upin_00011655	XLOC_007088	XLOC_007088
Upin_00011656	XLOC_007089	XLOC_007089
Upin_00012144	XLOC_007671	XLOC_007671
Upin_00011657	XLOC_007090	XLOC_007090
Upin_00010759	XLOC_007091	XLOC_007091
Upin_00011195	XLOC_007672	XLOC_007672
Upin_00011196	XLOC_007673	XLOC_007673
Upin_00011659	XLOC_007092	XLOC_007092
Upin_00011197	XLOC_007674	XLOC_007674
Upin_00010762	XLOC_007093	XLOC_007093
Upin_00011660	XLOC_007093	XLOC_007093
Upin_00010763	XLOC_007094	XLOC_007094
Upin_00011661	XLOC_007094	XLOC_007094
Upin_00011662	XLOC_007094	XLOC_007094
Upin_00011198	XLOC_007675	XLOC_007675
Upin_00012145	XLOC_007675	XLOC_007675
Upin_00010764	XLOC_007096	XLOC_007096
Upin_00011199	XLOC_007676	XLOC_007676
Upin_00011200	XLOC_007677	XLOC_007677
Upin_00012146	XLOC_007677	XLOC_007677
Upin_00012147	XLOC_007677	XLOC_007677
Upin_00010765	XLOC_007097	XLOC_007097
Upin_00011665	XLOC_007098	XLOC_007098
Upin_00012148	XLOC_007678	XLOC_007678
Upin_00011201	XLOC_007678	XLOC_007678
Upin_00011666	XLOC_007099	XLOC_007099
Upin_00011202	XLOC_007679	XLOC_007679
Upin_00012149	XLOC_007680	XLOC_007680
Upin_00010767	XLOC_007100	XLOC_007100
Upin_00012150	XLOC_007681	XLOC_007681
Upin_00011203	XLOC_007681	XLOC_007681
Upin_00010768	XLOC_007101	XLOC_007101
Upin_00011669	XLOC_007101	XLOC_007101
Upin_00011204	XLOC_007682	XLOC_007682
Upin_00010769	XLOC_007102	XLOC_007102
Upin_00010770	XLOC_007103	XLOC_007103
Upin_00010771	XLOC_007104	XLOC_007104
Upin_00011671	XLOC_007104	XLOC_007104
Upin_00012153	XLOC_007683	XLOC_007683
Upin_00011205	XLOC_007684	XLOC_007684
Upin_00011206	XLOC_007685	XLOC_007685
Upin_00010772	XLOC_007105	XLOC_007105
Upin_00010773	XLOC_007106	XLOC_007106
Upin_00012154	XLOC_007686	XLOC_007686
Upin_00011207	XLOC_007686	XLOC_007686
Upin_00011208	XLOC_007687	XLOC_007687
Upin_00012155	XLOC_007687	XLOC_007687
Upin_00010774	XLOC_007108	XLOC_007108
Upin_00011209	XLOC_007688	XLOC_007688
Upin_00010775	XLOC_007109	XLOC_007109
Upin_00011210	XLOC_007689	XLOC_007689
Upin_00012156	XLOC_007689	XLOC_007689
Upin_00011211	XLOC_007690	XLOC_007690
Upin_00011674	XLOC_007110	XLOC_007110
Upin_00010778	XLOC_007111	XLOC_007111
Upin_00011675	XLOC_007112	XLOC_007112
Upin_00011212	XLOC_007692	XLOC_007692
Upin_00010779	XLOC_007113	XLOC_007113
Upin_00012158	XLOC_007693	XLOC_007693
Upin_00011213	XLOC_007693	XLOC_007693
Upin_00012159	XLOC_007693	XLOC_007693
Upin_00010780	XLOC_007115	XLOC_007115
Upin_00011214	XLOC_007694	XLOC_007694
Upin_00010781	XLOC_007116	XLOC_007116
Upin_00011215	XLOC_007695	XLOC_007695
Upin_00012160	XLOC_007695	XLOC_007695
Upin_00010782	XLOC_007117	XLOC_007117
Upin_00010783	XLOC_007118	XLOC_007118
Upin_00011216	XLOC_007696	XLOC_007696
Upin_00011679	XLOC_007119	XLOC_007119
Upin_00011217	XLOC_007697	XLOC_007697
Upin_00011218	XLOC_007698	XLOC_007698
Upin_00010784	XLOC_007120	XLOC_007120
Upin_00011219	XLOC_007699	XLOC_007699
Upin_00012162	XLOC_007699	XLOC_007699
Upin_00011220	XLOC_007700	XLOC_007700
Upin_00010785	XLOC_007121	XLOC_007121
Upin_00010786	XLOC_007122	XLOC_007122
Upin_00011221	XLOC_007701	XLOC_007701
Upin_00010787	XLOC_007123	XLOC_007123
Upin_00010788	XLOC_007124	XLOC_007124
Upin_00012164	XLOC_007702	XLOC_007702
Upin_00011222	XLOC_007703	XLOC_007703
Upin_00012165	XLOC_007703	XLOC_007703
Upin_00010789	XLOC_007125	XLOC_007125
Upin_00011223	XLOC_007704	XLOC_007704
Upin_00011683	XLOC_007126	XLOC_007126
Upin_00010790	XLOC_007127	XLOC_007127
Upin_00011224	XLOC_007705	XLOC_007705
Upin_00011225	XLOC_007706	XLOC_007706
Upin_00010791	XLOC_007128	XLOC_007128
Upin_00010792	XLOC_007130	XLOC_007130
Upin_00011226	XLOC_007707	XLOC_007707
Upin_00012166	XLOC_007707	XLOC_007707
Upin_00011227	XLOC_007708	XLOC_007708
Upin_00012167	XLOC_007708	XLOC_007708
Upin_00010793	XLOC_007132	XLOC_007132
Upin_00011228	XLOC_007709	XLOC_007709
Upin_00011229	XLOC_007710	XLOC_007710
Upin_00010794	XLOC_007133	XLOC_007133
Upin_00011230	XLOC_007711	XLOC_007711
Upin_00010795	XLOC_007134	XLOC_007134
Upin_00011231	XLOC_007712	XLOC_007712
Upin_00012168	XLOC_007712	XLOC_007712
Upin_00011232	XLOC_007713	XLOC_007713
Upin_00010796	XLOC_007135	XLOC_007135
Upin_00012169	XLOC_007714	XLOC_007714
Upin_00011233	XLOC_007714	XLOC_007714
Upin_00011686	XLOC_007136	XLOC_007136
Upin_00011687	XLOC_007137	XLOC_007137
Upin_00011234	XLOC_007715	XLOC_007715
Upin_00010798	XLOC_007139	XLOC_007139
Upin_00011235	XLOC_007716	XLOC_007716
Upin_00012170	XLOC_007716	XLOC_007716
Upin_00012171	XLOC_007716	XLOC_007716
Upin_00011689	XLOC_007140	XLOC_007140
Upin_00010799	XLOC_007141	XLOC_007141
Upin_00011236	XLOC_007717	XLOC_007717
Upin_00010800	XLOC_007143	XLOC_007143
Upin_00011237	XLOC_007718	XLOC_007718
Upin_00011238	XLOC_007719	XLOC_007719
Upin_00010801	XLOC_007144	XLOC_007144
Upin_00011692	XLOC_007144	XLOC_007144
Upin_00011693	XLOC_007145	XLOC_007145
Upin_00011239	XLOC_007720	XLOC_007720
Upin_00010802	XLOC_007146	XLOC_007146
Upin_00011694	XLOC_007146	XLOC_007146
Upin_00011695	XLOC_007146	XLOC_007146
Upin_00012173	XLOC_007721	XLOC_007721
Upin_00011240	XLOC_007722	XLOC_007722
Upin_00012174	XLOC_007723	XLOC_007723
Upin_00011697	XLOC_007147	XLOC_007147
Upin_00012175	XLOC_007724	XLOC_007724
Upin_00012176	XLOC_007725	XLOC_007725
Upin_00011241	XLOC_007726	XLOC_007726
Upin_00012177	XLOC_007727	XLOC_007727
Upin_00011242	XLOC_007728	XLOC_007728
Upin_00010803	XLOC_007148	XLOC_007148
Upin_00011698	XLOC_007148	XLOC_007148
Upin_00011699	XLOC_007149	XLOC_007149
Upin_00011243	XLOC_007730	XLOC_007730
Upin_00011700	XLOC_007150	XLOC_007150
Upin_00010805	XLOC_007151	XLOC_007151
Upin_00010806	XLOC_007152	XLOC_007152
Upin_00010807	XLOC_007153	XLOC_007153
Upin_00011244	XLOC_007731	XLOC_007731
Upin_00011701	XLOC_007154	XLOC_007154
Upin_00010808	XLOC_007155	XLOC_007155
Upin_00011702	XLOC_007155	XLOC_007155
Upin_00012179	XLOC_007732	XLOC_007732
Upin_00011245	XLOC_007732	XLOC_007732
Upin_00012180	XLOC_007733	XLOC_007733
Upin_00011246	XLOC_007733	XLOC_007733
Upin_00012182	XLOC_007733	XLOC_007733
Upin_00011247	XLOC_007735	XLOC_007735
Upin_00012184	XLOC_007735	XLOC_007735
Upin_00011704	XLOC_007156	XLOC_007156
Upin_00012185	XLOC_007736	XLOC_007736
Upin_00010810	XLOC_007157	XLOC_007157
Upin_00012186	XLOC_007737	XLOC_007737
Upin_00011249	XLOC_007737	XLOC_007737
Upin_00010811	XLOC_007158	XLOC_007158
Upin_00012187	XLOC_007738	XLOC_007738
Upin_00011250	XLOC_007739	XLOC_007739
Upin_00012188	XLOC_007740	XLOC_007740
Upin_00010812	XLOC_007159	XLOC_007159
Upin_00011708	XLOC_007159	XLOC_007159
Upin_00011709	XLOC_007160	XLOC_007160
Upin_00010813	XLOC_007161	XLOC_007161
Upin_00011711	XLOC_007162	XLOC_007162
Upin_00012190	XLOC_007742	XLOC_007742
Upin_00010814	XLOC_007163	XLOC_007163
Upin_00011252	XLOC_007743	XLOC_007743
Upin_00012191	XLOC_007743	XLOC_007743
Upin_00011253	XLOC_007744	XLOC_007744
Upin_00010815	XLOC_007164	XLOC_007164
Upin_00011712	XLOC_007164	XLOC_007164
Upin_00012192	XLOC_007745	XLOC_007745
Upin_00012193	XLOC_007746	XLOC_007746
Upin_00012194	XLOC_007747	XLOC_007747
Upin_00011713	XLOC_007165	XLOC_007165
Upin_00011255	XLOC_007748	XLOC_007748
Upin_00011714	XLOC_007166	XLOC_007166
Upin_00011256	XLOC_007749	XLOC_007749
Upin_00012195	XLOC_007749	XLOC_007749
Upin_00011257	XLOC_007751	XLOC_007751
Upin_00011715	XLOC_007167	XLOC_007167
Upin_00012197	XLOC_007752	XLOC_007752
Upin_00011258	XLOC_007752	XLOC_007752
Upin_00010818	XLOC_007168	XLOC_007168
Upin_00011717	XLOC_007168	XLOC_007168
Upin_00011259	XLOC_007753	XLOC_007753
Upin_00012198	XLOC_007754	XLOC_007754
Upin_00012199	XLOC_007755	XLOC_007755
Upin_00012200	XLOC_007756	XLOC_007756
Upin_00011718	XLOC_007169	XLOC_007169
Upin_00010819	XLOC_007170	XLOC_007170
Upin_00011719	XLOC_007170	XLOC_007170
Upin_00012201	XLOC_007757	XLOC_007757
Upin_00011260	XLOC_007758	XLOC_007758
Upin_00011261	XLOC_007759	XLOC_007759
Upin_00011721	XLOC_007172	XLOC_007172
Upin_00011722	XLOC_007173	XLOC_007173
Upin_00011724	XLOC_007174	XLOC_007174
Upin_00011262	XLOC_007760	XLOC_007760
Upin_00012202	XLOC_007760	XLOC_007760
Upin_00010822	XLOC_007175	XLOC_007175
Upin_00011263	XLOC_007761	XLOC_007761
Upin_00011728	XLOC_007176	XLOC_007176
Upin_00011264	XLOC_007762	XLOC_007762
Upin_00012203	XLOC_007762	XLOC_007762
Upin_00010823	XLOC_007178	XLOC_007178
Upin_00011730	XLOC_007178	XLOC_007178
Upin_00012204	XLOC_007763	XLOC_007763
Upin_00012205	XLOC_007763	XLOC_007763
Upin_00011731	XLOC_007179	XLOC_007179
Upin_00011266	XLOC_007764	XLOC_007764
Upin_00011732	XLOC_007180	XLOC_007180
Upin_00010825	XLOC_007180	XLOC_007180
Upin_00011267	XLOC_007765	XLOC_007765
Upin_00010826	XLOC_007181	XLOC_007181
Upin_00011734	XLOC_007181	XLOC_007181
Upin_00011733	XLOC_007182	XLOC_007182
Upin_00012208	XLOC_007766	XLOC_007766
Upin_00011268	XLOC_007766	XLOC_007766
Upin_00012209	XLOC_007767	XLOC_007767
Upin_00012210	XLOC_007768	XLOC_007768
Upin_00011269	XLOC_007768	XLOC_007768
Upin_00010827	XLOC_007183	XLOC_007183
Upin_00011735	XLOC_007183	XLOC_007183
Upin_00012211	XLOC_007769	XLOC_007769
Upin_00011270	XLOC_007769	XLOC_007769
Upin_00010828	XLOC_007184	XLOC_007184
Upin_00010829	XLOC_007185	XLOC_007185
Upin_00011736	XLOC_007186	XLOC_007186
Upin_00011271	XLOC_007770	XLOC_007770
Upin_00012212	XLOC_007770	XLOC_007770
Upin_00010830	XLOC_007187	XLOC_007187
Upin_00012213	XLOC_007771	XLOC_007771
Upin_00010831	XLOC_007188	XLOC_007188
Upin_00011273	XLOC_007772	XLOC_007772
Upin_00010832	XLOC_007189	XLOC_007189
Upin_00012214	XLOC_007773	XLOC_007773
Upin_00011274	XLOC_007773	XLOC_007773
Upin_00012215	XLOC_007773	XLOC_007773
Upin_00011275	XLOC_007774	XLOC_007774
Upin_00011737	XLOC_007190	XLOC_007190
Upin_00010833	XLOC_007191	XLOC_007191
Upin_00011276	XLOC_007775	XLOC_007775
Upin_00011277	XLOC_007776	XLOC_007776
Upin_00012217	XLOC_007776	XLOC_007776
Upin_00012218	XLOC_007777	XLOC_007777
Upin_00010834	XLOC_007192	XLOC_007192
Upin_00011279	XLOC_007778	XLOC_007778
Upin_00012219	XLOC_007778	XLOC_007778
Upin_00010835	XLOC_007194	XLOC_007194
Upin_00012220	XLOC_007779	XLOC_007779
Upin_00011281	XLOC_007779	XLOC_007779
Upin_00011282	XLOC_007780	XLOC_007780
Upin_00012221	XLOC_007780	XLOC_007780
Upin_00011283	XLOC_007781	XLOC_007781
Upin_00011285	XLOC_007783	XLOC_007783
Upin_00011743	XLOC_007197	XLOC_007197
Upin_00011286	XLOC_007784	XLOC_007784
Upin_00012222	XLOC_007784	XLOC_007784
Upin_00010836	XLOC_007198	XLOC_007198
Upin_00012223	XLOC_007785	XLOC_007785
Upin_00011287	XLOC_007785	XLOC_007785
Upin_00010837	XLOC_007199	XLOC_007199
Upin_00011288	XLOC_007786	XLOC_007786
Upin_00010839	XLOC_007200	XLOC_007200
Upin_00010840	XLOC_007201	XLOC_007201
Upin_00012224	XLOC_007787	XLOC_007787
Upin_00012225	XLOC_007788	XLOC_007788
Upin_00011290	XLOC_007789	XLOC_007789
Upin_00010841	XLOC_007202	XLOC_007202
Upin_00012226	XLOC_007790	XLOC_007790
Upin_00011291	XLOC_007791	XLOC_007791
Upin_00012227	XLOC_007791	XLOC_007791
Upin_00010842	XLOC_007203	XLOC_007203
Upin_00010843	XLOC_007204	XLOC_007204
Upin_00011749	XLOC_007205	XLOC_007205
Upin_00012228	XLOC_007792	XLOC_007792
Upin_00010844	XLOC_007206	XLOC_007206
Upin_00011750	XLOC_007207	XLOC_007207
Upin_00011292	XLOC_007793	XLOC_007793
Upin_00011293	XLOC_007794	XLOC_007794
Upin_00010845	XLOC_007209	XLOC_007209
Upin_00010846	XLOC_007210	XLOC_007210
Upin_00010847	XLOC_007211	XLOC_007211
Upin_00010848	XLOC_007212	XLOC_007212
Upin_00011752	XLOC_007212	XLOC_007212
Upin_00011754	XLOC_007213	XLOC_007213
Upin_00012229	XLOC_007795	XLOC_007795
Upin_00011294	XLOC_007795	XLOC_007795
Upin_00011755	XLOC_007214	XLOC_007214
Upin_00010850	XLOC_007215	XLOC_007215
Upin_00012230	XLOC_007796	XLOC_007796
Upin_00012231	XLOC_007796	XLOC_007796
Upin_00011295	XLOC_007797	XLOC_007797
Upin_00012232	XLOC_007798	XLOC_007798
Upin_00010851	XLOC_007216	XLOC_007216
Upin_00011756	XLOC_007217	XLOC_007217
Upin_00010852	XLOC_007217	XLOC_007217
Upin_00012233	XLOC_007799	XLOC_007799
Upin_00011297	XLOC_007799	XLOC_007799
Upin_00012234	XLOC_007799	XLOC_007799
Upin_00012235	XLOC_007799	XLOC_007799
Upin_00010854	XLOC_007218	XLOC_007218
Upin_00011759	XLOC_007218	XLOC_007218
Upin_00011761	XLOC_007218	XLOC_007218
Upin_00011762	XLOC_007218	XLOC_007218
Upin_00011763	XLOC_007218	XLOC_007218
Upin_00012236	XLOC_007800	XLOC_007800
Upin_00011298	XLOC_007801	XLOC_007801
Upin_00010855	XLOC_007221	XLOC_007221
Upin_00012237	XLOC_007802	XLOC_007802
Upin_00012238	XLOC_007802	XLOC_007802
Upin_00010856	XLOC_007223	XLOC_007223
Upin_00010857	XLOC_007224	XLOC_007224
Upin_00011301	XLOC_007804	XLOC_007804
Upin_00011770	XLOC_007226	XLOC_007226
Upin_00011771	XLOC_007227	XLOC_007227
Upin_00012240	XLOC_007806	XLOC_007806
Upin_00011774	XLOC_007228	XLOC_007228
Upin_00011304	XLOC_007807	XLOC_007807
Upin_00011777	XLOC_007230	XLOC_007230
Upin_00010858	XLOC_007231	XLOC_007231
Upin_00011778	XLOC_007231	XLOC_007231
Upin_00010859	XLOC_007232	XLOC_007232
Upin_00011781	XLOC_007234	XLOC_007234
Upin_00012242	XLOC_007808	XLOC_007808
Upin_00011306	XLOC_007809	XLOC_007809
Upin_00012243	XLOC_007809	XLOC_007809
Upin_00010861	XLOC_007235	XLOC_007235
Upin_00010862	XLOC_007236	XLOC_007236
Upin_00011307	XLOC_007810	XLOC_007810
Upin_00010863	XLOC_007237	XLOC_007237
Upin_00011308	XLOC_007812	XLOC_007812
Upin_00012245	XLOC_007812	XLOC_007812
Upin_00012246	XLOC_007813	XLOC_007813
Upin_00010864	XLOC_007239	XLOC_007239
Upin_00011783	XLOC_007239	XLOC_007239
Upin_00011784	XLOC_007239	XLOC_007239
Upin_00010865	XLOC_007240	XLOC_007240
Upin_00011309	XLOC_007814	XLOC_007814
Upin_00012247	XLOC_007814	XLOC_007814
Upin_00010866	XLOC_007241	XLOC_007241
Upin_00011310	XLOC_007815	XLOC_007815
Upin_00010867	XLOC_007243	XLOC_007243
Upin_00010868	XLOC_007244	XLOC_007244
Upin_00010870	XLOC_007246	XLOC_007246
Upin_00011789	XLOC_007246	XLOC_007246
Upin_00011311	XLOC_007816	XLOC_007816
Upin_00012248	XLOC_007817	XLOC_007817
Upin_00010871	XLOC_007247	XLOC_007247
Upin_00011790	XLOC_007247	XLOC_007247
Upin_00012249	XLOC_007818	XLOC_007818
Upin_00010872	XLOC_007248	XLOC_007248
Upin_00011792	XLOC_007248	XLOC_007248
Upin_00011313	XLOC_007819	XLOC_007819
Upin_00011314	XLOC_007820	XLOC_007820
Upin_00010873	XLOC_007250	XLOC_007250
Upin_00011796	XLOC_007250	XLOC_007250
Upin_00012250	XLOC_007821	XLOC_007821
Upin_00010874	XLOC_007251	XLOC_007251
Upin_00011315	XLOC_007822	XLOC_007822
Upin_00010875	XLOC_007252	XLOC_007252
Upin_00012251	XLOC_007823	XLOC_007823
Upin_00011316	XLOC_007824	XLOC_007824
Upin_00010876	XLOC_007253	XLOC_007253
Upin_00011799	XLOC_007253	XLOC_007253
Upin_00011317	XLOC_007825	XLOC_007825
Upin_00011318	XLOC_007826	XLOC_007826
Upin_00010877	XLOC_007255	XLOC_007255
Upin_00011802	XLOC_007255	XLOC_007255
Upin_00011319	XLOC_007827	XLOC_007827
Upin_00012255	XLOC_007828	XLOC_007828
Upin_00010878	XLOC_007256	XLOC_007256
Upin_00011321	XLOC_007830	XLOC_007830
Upin_00012258	XLOC_007831	XLOC_007831
Upin_00011322	XLOC_007832	XLOC_007832
Upin_00011804	XLOC_007257	XLOC_007257
Upin_00011323	XLOC_007833	XLOC_007833
Upin_00011324	XLOC_007834	XLOC_007834
Upin_00012262	XLOC_007835	XLOC_007835
Upin_00011325	XLOC_007836	XLOC_007836
Upin_00010880	XLOC_007258	XLOC_007258
Upin_00010881	XLOC_007259	XLOC_007259
Upin_00010882	XLOC_007260	XLOC_007260
Upin_00010884	XLOC_007261	XLOC_007261
Upin_00011326	XLOC_007837	XLOC_007837
Upin_00012264	XLOC_007837	XLOC_007837
Upin_00012265	XLOC_007837	XLOC_007837
Upin_00010885	XLOC_007262	XLOC_007262
Upin_00011327	XLOC_007838	XLOC_007838
Upin_00010886	XLOC_007263	XLOC_007263
Upin_00010887	XLOC_007264	XLOC_007264
Upin_00010888	XLOC_007265	XLOC_007265
Upin_00011809	XLOC_007266	XLOC_007266
Upin_00011328	XLOC_007839	XLOC_007839
Upin_00012266	XLOC_007839	XLOC_007839
Upin_00010890	XLOC_007269	XLOC_007269
Upin_00012267	XLOC_007840	XLOC_007840
Upin_00010891	XLOC_007270	XLOC_007270
Upin_00012268	XLOC_007841	XLOC_007841
Upin_00012269	XLOC_007842	XLOC_007842
Upin_00011330	XLOC_007842	XLOC_007842
Upin_00010892	XLOC_007271	XLOC_007271
Upin_00011331	XLOC_007843	XLOC_007843
Upin_00010893	XLOC_007272	XLOC_007272
Upin_00011814	XLOC_007272	XLOC_007272
Upin_00011332	XLOC_007844	XLOC_007844
Upin_00012271	XLOC_007844	XLOC_007844
Upin_00011816	XLOC_007273	XLOC_007273
Upin_00011817	XLOC_007274	XLOC_007274
Upin_00011333	XLOC_007845	XLOC_007845
Upin_00012273	XLOC_007846	XLOC_007846
Upin_00011334	XLOC_007847	XLOC_007847
Upin_00010895	XLOC_007275	XLOC_007275
Upin_00011335	XLOC_007849	XLOC_007849
Upin_00010896	XLOC_007276	XLOC_007276
Upin_00011818	XLOC_007276	XLOC_007276
Upin_00011819	XLOC_007276	XLOC_007276
Upin_00011336	XLOC_007850	XLOC_007850
Upin_00011820	XLOC_007277	XLOC_007277
Upin_00010897	XLOC_007278	XLOC_007278
Upin_00011822	XLOC_007278	XLOC_007278
Upin_00012278	XLOC_007851	XLOC_007851
Upin_00011338	XLOC_007852	XLOC_007852
Upin_00012279	XLOC_007852	XLOC_007852
Upin_00010898	XLOC_007279	XLOC_007279
Upin_00011339	XLOC_007853	XLOC_007853
Upin_00011340	XLOC_007854	XLOC_007854
Upin_00010899	XLOC_007280	XLOC_007280
Upin_00012282	XLOC_007855	XLOC_007855
Upin_00010900	XLOC_007281	XLOC_007281
Upin_00011825	XLOC_007282	XLOC_007282
Upin_00011341	XLOC_007856	XLOC_007856
Upin_00011342	XLOC_007857	XLOC_007857
Upin_00010902	XLOC_007283	XLOC_007283
Upin_00012285	XLOC_007859	XLOC_007859
Upin_00011343	XLOC_007860	XLOC_007860
Upin_00010903	XLOC_007284	XLOC_007284
Upin_00011344	XLOC_007862	XLOC_007862
Upin_00010904	XLOC_007285	XLOC_007285
Upin_00010905	XLOC_007286	XLOC_007286
Upin_00011828	XLOC_007287	XLOC_007287
Upin_00011345	XLOC_007863	XLOC_007863
Upin_00010907	XLOC_007288	XLOC_007288
Upin_00011829	XLOC_007288	XLOC_007288
Upin_00011346	XLOC_007864	XLOC_007864
Upin_00012288	XLOC_007864	XLOC_007864
Upin_00011347	XLOC_007865	XLOC_007865
Upin_00011830	XLOC_007289	XLOC_007289
Upin_00011348	XLOC_007866	XLOC_007866
Upin_00010909	XLOC_007290	XLOC_007290
Upin_00011831	XLOC_007290	XLOC_007290
Upin_00012291	XLOC_007867	XLOC_007867
Upin_00011832	XLOC_007291	XLOC_007291
Upin_00011833	XLOC_007292	XLOC_007292
Upin_00011349	XLOC_007868	XLOC_007868
Upin_00011834	XLOC_007293	XLOC_007293
Upin_00010910	XLOC_007294	XLOC_007294
Upin_00011835	XLOC_007295	XLOC_007295
Upin_00011350	XLOC_007869	XLOC_007869
Upin_00012293	XLOC_007869	XLOC_007869
Upin_00010911	XLOC_007296	XLOC_007296
Upin_00011351	XLOC_007870	XLOC_007870
Upin_00010912	XLOC_007297	XLOC_007297
Upin_00012297	XLOC_007872	XLOC_007872
Upin_00011352	XLOC_007872	XLOC_007872
Upin_00012298	XLOC_007873	XLOC_007873
Upin_00011353	XLOC_007874	XLOC_007874
Upin_00010913	XLOC_007298	XLOC_007298
Upin_00011354	XLOC_007876	XLOC_007876
Upin_00010914	XLOC_007299	XLOC_007299
Upin_00011355	XLOC_007877	XLOC_007877
Upin_00012301	XLOC_007877	XLOC_007877
Upin_00010915	XLOC_007301	XLOC_007301
Upin_00011839	XLOC_007301	XLOC_007301
Upin_00011356	XLOC_007878	XLOC_007878
Upin_00011357	XLOC_007879	XLOC_007879
Upin_00010916	XLOC_007302	XLOC_007302
Upin_00011840	XLOC_007302	XLOC_007302
Upin_00011841	XLOC_007302	XLOC_007302
Upin_00011358	XLOC_007880	XLOC_007880
Upin_00010917	XLOC_007303	XLOC_007303
Upin_00011842	XLOC_007304	XLOC_007304
Upin_00011359	XLOC_007881	XLOC_007881
Upin_00012307	XLOC_007881	XLOC_007881
Upin_00011843	XLOC_007305	XLOC_007305
Upin_00010918	XLOC_007305	XLOC_007305
Upin_00011360	XLOC_007883	XLOC_007883
Upin_00010919	XLOC_007306	XLOC_007306
Upin_00011844	XLOC_007306	XLOC_007306
Upin_00011361	XLOC_007884	XLOC_007884
Upin_00011845	XLOC_007307	XLOC_007307
Upin_00010920	XLOC_007308	XLOC_007308
Upin_00011362	XLOC_007885	XLOC_007885
Upin_00012311	XLOC_007885	XLOC_007885
Upin_00012312	XLOC_007885	XLOC_007885
Upin_00011846	XLOC_007309	XLOC_007309
Upin_00010921	XLOC_007309	XLOC_007309
Upin_00011363	XLOC_007886	XLOC_007886
Upin_00010922	XLOC_007310	XLOC_007310
Upin_00011848	XLOC_007310	XLOC_007310
Upin_00011364	XLOC_007887	XLOC_007887
Upin_00010923	XLOC_007311	XLOC_007311
Upin_00012314	XLOC_007888	XLOC_007888
Upin_00011365	XLOC_007888	XLOC_007888
Upin_00011366	XLOC_007889	XLOC_007889
Upin_00010924	XLOC_007312	XLOC_007312
Upin_00011849	XLOC_007312	XLOC_007312
Upin_00011367	XLOC_007890	XLOC_007890
Upin_00010925	XLOC_007313	XLOC_007313
Upin_00010926	XLOC_007315	XLOC_007315
Upin_00011851	XLOC_007316	XLOC_007316
Upin_00011852	XLOC_007317	XLOC_007317
Upin_00012317	XLOC_007891	XLOC_007891
Upin_00011853	XLOC_007318	XLOC_007318
Upin_00012318	XLOC_007892	XLOC_007892
Upin_00011854	XLOC_007319	XLOC_007319
Upin_00011369	XLOC_007893	XLOC_007893
Upin_00011370	XLOC_007894	XLOC_007894
Upin_00011855	XLOC_007320	XLOC_007320
Upin_00011371	XLOC_007895	XLOC_007895
Upin_00011856	XLOC_007321	XLOC_007321
Upin_00011372	XLOC_007896	XLOC_007896
Upin_00011857	XLOC_007322	XLOC_007322
Upin_00011373	XLOC_007897	XLOC_007897
Upin_00010928	XLOC_007323	XLOC_007323
Upin_00011374	XLOC_007898	XLOC_007898
Upin_00010929	XLOC_007324	XLOC_007324
Upin_00011858	XLOC_007324	XLOC_007324
Upin_00010930	XLOC_007325	XLOC_007325
Upin_00011859	XLOC_007325	XLOC_007325
Upin_00012321	XLOC_007899	XLOC_007899
Upin_00011375	XLOC_007899	XLOC_007899
Upin_00011377	XLOC_007901	XLOC_007901
Upin_00011378	XLOC_007902	XLOC_007902
Upin_00012324	XLOC_007902	XLOC_007902
Upin_00011379	XLOC_007903	XLOC_007903
Upin_00011860	XLOC_007326	XLOC_007326
Upin_00011380	XLOC_007904	XLOC_007904
Upin_00012325	XLOC_007905	XLOC_007905
Upin_00011381	XLOC_007905	XLOC_007905
Upin_00012326	XLOC_007906	XLOC_007906
Upin_00011382	XLOC_007906	XLOC_007906
Upin_00012327	XLOC_007907	XLOC_007907
Upin_00010932	XLOC_007328	XLOC_007328
Upin_00011384	XLOC_007908	XLOC_007908
Upin_00010933	XLOC_007329	XLOC_007329
Upin_00011385	XLOC_007909	XLOC_007909
Upin_00012329	XLOC_007909	XLOC_007909
Upin_00011863	XLOC_007330	XLOC_007330
Upin_00010934	XLOC_007331	XLOC_007331
Upin_00010935	XLOC_007332	XLOC_007332
Upin_00011864	XLOC_007333	XLOC_007333
Upin_00011386	XLOC_007912	XLOC_007912
Upin_00010937	XLOC_007334	XLOC_007334
Upin_00011387	XLOC_007913	XLOC_007913
Upin_00012332	XLOC_007913	XLOC_007913
Upin_00012333	XLOC_007914	XLOC_007914
Upin_00012334	XLOC_007915	XLOC_007915
Upin_00011389	XLOC_007916	XLOC_007916
Upin_00011390	XLOC_007917	XLOC_007917
Upin_00011865	XLOC_007335	XLOC_007335
Upin_00010938	XLOC_007336	XLOC_007336
Upin_00011866	XLOC_007336	XLOC_007336
Upin_00011391	XLOC_007918	XLOC_007918
Upin_00011867	XLOC_007337	XLOC_007337
Upin_00010939	XLOC_007337	XLOC_007337
Upin_00010940	XLOC_007338	XLOC_007338
Upin_00012335	XLOC_007919	XLOC_007919
Upin_00011392	XLOC_007920	XLOC_007920
Upin_00010941	XLOC_007339	XLOC_007339
Upin_00010942	XLOC_007340	XLOC_007340
Upin_00010943	XLOC_007341	XLOC_007341
Upin_00010944	XLOC_007342	XLOC_007342
Upin_00010945	XLOC_007343	XLOC_007343
Upin_00010947	XLOC_007345	XLOC_007345
Upin_00010948	XLOC_007346	XLOC_007346
Upin_00011393	XLOC_007921	XLOC_007921
Upin_00011868	XLOC_007347	XLOC_007347
Upin_00010949	XLOC_007348	XLOC_007348
Upin_00010950	XLOC_007349	XLOC_007349
Upin_00011869	XLOC_007349	XLOC_007349
Upin_00011394	XLOC_007922	XLOC_007922
Upin_00010951	XLOC_007351	XLOC_007351
Upin_00011395	XLOC_007923	XLOC_007923
Upin_00011872	XLOC_007352	XLOC_007352
Upin_00010952	XLOC_007352	XLOC_007352
Upin_00010953	XLOC_007353	XLOC_007353
Upin_00011396	XLOC_007924	XLOC_007924
Upin_00010954	XLOC_007354	XLOC_007354
Upin_00011873	XLOC_007354	XLOC_007354
Upin_00011875	XLOC_007354	XLOC_007354
Upin_00011874	XLOC_007355	XLOC_007355
Upin_00012338	XLOC_007925	XLOC_007925
Upin_00011397	XLOC_007925	XLOC_007925
Upin_00010955	XLOC_007356	XLOC_007356
Upin_00011876	XLOC_007356	XLOC_007356
Upin_00011398	XLOC_007926	XLOC_007926
Upin_00011399	XLOC_007927	XLOC_007927
Upin_00010956	XLOC_007357	XLOC_007357
Upin_00011877	XLOC_007357	XLOC_007357
Upin_00011878	XLOC_007358	XLOC_007358
Upin_00011879	XLOC_007359	XLOC_007359
Upin_00011880	XLOC_007360	XLOC_007360
Upin_00011400	XLOC_007928	XLOC_007928
Upin_00010957	XLOC_007361	XLOC_007361
Upin_00010958	XLOC_007362	XLOC_007362
Upin_00011881	XLOC_007362	XLOC_007362
Upin_00011401	XLOC_007929	XLOC_007929
Upin_00010959	XLOC_007363	XLOC_007363
Upin_00010960	XLOC_007364	XLOC_007364
Upin_00011882	XLOC_007364	XLOC_007364
Upin_00012340	XLOC_007930	XLOC_007930
Upin_00011883	XLOC_007365	XLOC_007365
Upin_00011884	XLOC_007365	XLOC_007365
Upin_00011403	XLOC_007931	XLOC_007931
Upin_00010963	XLOC_007366	XLOC_007366
Upin_00011885	XLOC_007367	XLOC_007367
Upin_00010964	XLOC_007367	XLOC_007367
Upin_00011404	XLOC_007932	XLOC_007932
Upin_00010965	XLOC_007368	XLOC_007368
Upin_00011405	XLOC_007933	XLOC_007933
Upin_00012342	XLOC_007934	XLOC_007934
Upin_00012343	XLOC_007935	XLOC_007935
Upin_00010966	XLOC_007369	XLOC_007369
Upin_00011408	XLOC_007936	XLOC_007936
Upin_00012344	XLOC_007936	XLOC_007936
Upin_00011887	XLOC_007370	XLOC_007370
Upin_00011888	XLOC_007371	XLOC_007371
Upin_00010967	XLOC_007372	XLOC_007372
Upin_00011889	XLOC_007372	XLOC_007372
Upin_00012346	XLOC_007938	XLOC_007938
Upin_00012347	XLOC_007939	XLOC_007939
Upin_00010968	XLOC_007373	XLOC_007373
Upin_00010969	XLOC_007374	XLOC_007374
Upin_00011409	XLOC_007940	XLOC_007940
Upin_00011410	XLOC_007941	XLOC_007941
Upin_00011411	XLOC_007942	XLOC_007942
Upin_00011891	XLOC_007375	XLOC_007375
Upin_00010970	XLOC_007376	XLOC_007376
Upin_00011412	XLOC_007943	XLOC_007943
Upin_00010971	XLOC_007377	XLOC_007377
Upin_00011892	XLOC_007377	XLOC_007377
Upin_00011413	XLOC_007944	XLOC_007944
Upin_00012354	XLOC_007945	XLOC_007945
Upin_00011414	XLOC_007946	XLOC_007946
Upin_00012356	XLOC_007946	XLOC_007946
Upin_00011894	XLOC_007379	XLOC_007379
Upin_00010972	XLOC_007380	XLOC_007380
Upin_00010973	XLOC_007382	XLOC_007382
Upin_00011896	XLOC_007382	XLOC_007382
Upin_00010974	XLOC_007383	XLOC_007383
Upin_00011898	XLOC_007383	XLOC_007383
Upin_00012357	XLOC_007947	XLOC_007947
Upin_00011899	XLOC_007384	XLOC_007384
Upin_00010975	XLOC_007384	XLOC_007384
Upin_00011900	XLOC_007384	XLOC_007384
Upin_00011415	XLOC_007948	XLOC_007948
Upin_00010976	XLOC_007385	XLOC_007385
Upin_00011901	XLOC_007385	XLOC_007385
Upin_00012359	XLOC_007950	XLOC_007950
Upin_00011902	XLOC_007386	XLOC_007386
Upin_00010977	XLOC_007386	XLOC_007386
Upin_00011903	XLOC_007386	XLOC_007386
Upin_00011904	XLOC_007386	XLOC_007386
Upin_00011905	XLOC_007386	XLOC_007386
Upin_00011906	XLOC_007386	XLOC_007386
Upin_00010978	XLOC_007387	XLOC_007387
Upin_00011908	XLOC_007387	XLOC_007387
Upin_00011909	XLOC_007388	XLOC_007388
Upin_00012360	XLOC_007951	XLOC_007951
Upin_00022012	XLOC_014430	XLOC_014430
Upin_00021945	XLOC_014338	XLOC_014338
Upin_00022166	XLOC_014431	XLOC_014431
Upin_00022167	XLOC_014432	XLOC_014432
Upin_00021946	XLOC_014340	XLOC_014340
Upin_00021947	XLOC_014341	XLOC_014341
Upin_00022095	XLOC_014341	XLOC_014341
Upin_00022168	XLOC_014433	XLOC_014433
Upin_00022169	XLOC_014434	XLOC_014434
Upin_00021948	XLOC_014342	XLOC_014342
Upin_00022096	XLOC_014342	XLOC_014342
Upin_00022097	XLOC_014342	XLOC_014342
Upin_00022098	XLOC_014343	XLOC_014343
Upin_00022170	XLOC_014435	XLOC_014435
Upin_00022013	XLOC_014435	XLOC_014435
Upin_00022014	XLOC_014436	XLOC_014436
Upin_00021950	XLOC_014344	XLOC_014344
Upin_00021951	XLOC_014346	XLOC_014346
Upin_00022101	XLOC_014346	XLOC_014346
Upin_00022015	XLOC_014437	XLOC_014437
Upin_00021952	XLOC_014347	XLOC_014347
Upin_00022102	XLOC_014348	XLOC_014348
Upin_00021953	XLOC_014349	XLOC_014349
Upin_00021954	XLOC_014350	XLOC_014350
Upin_00021955	XLOC_014351	XLOC_014351
Upin_00022016	XLOC_014439	XLOC_014439
Upin_00022174	XLOC_014439	XLOC_014439
Upin_00022105	XLOC_014352	XLOC_014352
Upin_00022017	XLOC_014440	XLOC_014440
Upin_00021956	XLOC_014353	XLOC_014353
Upin_00021957	XLOC_014354	XLOC_014354
Upin_00021958	XLOC_014355	XLOC_014355
Upin_00022179	XLOC_014443	XLOC_014443
Upin_00022018	XLOC_014444	XLOC_014444
Upin_00022182	XLOC_014444	XLOC_014444
Upin_00022106	XLOC_014356	XLOC_014356
Upin_00021959	XLOC_014357	XLOC_014357
Upin_00022019	XLOC_014446	XLOC_014446
Upin_00022186	XLOC_014447	XLOC_014447
Upin_00021960	XLOC_014358	XLOC_014358
Upin_00022108	XLOC_014359	XLOC_014359
Upin_00022188	XLOC_014448	XLOC_014448
Upin_00022021	XLOC_014449	XLOC_014449
Upin_00022022	XLOC_014450	XLOC_014450
Upin_00021961	XLOC_014360	XLOC_014360
Upin_00022023	XLOC_014451	XLOC_014451
Upin_00021962	XLOC_014363	XLOC_014363
Upin_00022190	XLOC_014452	XLOC_014452
Upin_00022024	XLOC_014453	XLOC_014453
Upin_00021963	XLOC_014364	XLOC_014364
Upin_00021964	XLOC_014365	XLOC_014365
Upin_00022113	XLOC_014365	XLOC_014365
Upin_00022025	XLOC_014454	XLOC_014454
Upin_00022114	XLOC_014366	XLOC_014366
Upin_00022194	XLOC_014457	XLOC_014457
Upin_00022195	XLOC_014458	XLOC_014458
Upin_00021966	XLOC_014367	XLOC_014367
Upin_00021967	XLOC_014368	XLOC_014368
Upin_00022196	XLOC_014459	XLOC_014459
Upin_00022117	XLOC_014369	XLOC_014369
Upin_00022197	XLOC_014460	XLOC_014460
Upin_00022027	XLOC_014461	XLOC_014461
Upin_00022118	XLOC_014370	XLOC_014370
Upin_00022029	XLOC_014462	XLOC_014462
Upin_00021968	XLOC_014371	XLOC_014371
Upin_00022199	XLOC_014463	XLOC_014463
Upin_00022031	XLOC_014464	XLOC_014464
Upin_00022120	XLOC_014372	XLOC_014372
Upin_00022032	XLOC_014465	XLOC_014465
Upin_00021969	XLOC_014373	XLOC_014373
Upin_00022121	XLOC_014373	XLOC_014373
Upin_00022122	XLOC_014373	XLOC_014373
Upin_00021970	XLOC_014374	XLOC_014374
Upin_00021971	XLOC_014375	XLOC_014375
Upin_00021972	XLOC_014376	XLOC_014376
Upin_00022033	XLOC_014466	XLOC_014466
Upin_00021973	XLOC_014377	XLOC_014377
Upin_00022034	XLOC_014467	XLOC_014467
Upin_00022035	XLOC_014468	XLOC_014468
Upin_00021975	XLOC_014378	XLOC_014378
Upin_00022124	XLOC_014378	XLOC_014378
Upin_00022125	XLOC_014378	XLOC_014378
Upin_00022126	XLOC_014378	XLOC_014378
Upin_00022036	XLOC_014469	XLOC_014469
Upin_00021976	XLOC_014379	XLOC_014379
Upin_00022200	XLOC_014470	XLOC_014470
Upin_00022038	XLOC_014471	XLOC_014471
Upin_00021977	XLOC_014380	XLOC_014380
Upin_00022201	XLOC_014472	XLOC_014472
Upin_00022040	XLOC_014473	XLOC_014473
Upin_00022041	XLOC_014474	XLOC_014474
Upin_00022204	XLOC_014475	XLOC_014475
Upin_00021978	XLOC_014381	XLOC_014381
Upin_00021979	XLOC_014382	XLOC_014382
Upin_00022205	XLOC_014476	XLOC_014476
Upin_00022206	XLOC_014477	XLOC_014477
Upin_00022207	XLOC_014478	XLOC_014478
Upin_00022208	XLOC_014479	XLOC_014479
Upin_00022209	XLOC_014480	XLOC_014480
Upin_00022043	XLOC_014480	XLOC_014480
Upin_00021981	XLOC_014385	XLOC_014385
Upin_00022210	XLOC_014481	XLOC_014481
Upin_00022044	XLOC_014481	XLOC_014481
Upin_00022045	XLOC_014482	XLOC_014482
Upin_00022211	XLOC_014482	XLOC_014482
Upin_00021982	XLOC_014386	XLOC_014386
Upin_00022129	XLOC_014386	XLOC_014386
Upin_00022046	XLOC_014483	XLOC_014483
Upin_00021983	XLOC_014387	XLOC_014387
Upin_00022213	XLOC_014484	XLOC_014484
Upin_00022214	XLOC_014485	XLOC_014485
Upin_00022215	XLOC_014486	XLOC_014486
Upin_00022047	XLOC_014486	XLOC_014486
Upin_00021984	XLOC_014388	XLOC_014388
Upin_00022048	XLOC_014488	XLOC_014488
Upin_00021985	XLOC_014389	XLOC_014389
Upin_00022131	XLOC_014389	XLOC_014389
Upin_00022217	XLOC_014489	XLOC_014489
Upin_00021986	XLOC_014390	XLOC_014390
Upin_00021987	XLOC_014391	XLOC_014391
Upin_00022050	XLOC_014491	XLOC_014491
Upin_00022220	XLOC_014491	XLOC_014491
Upin_00022051	XLOC_014492	XLOC_014492
Upin_00022052	XLOC_014493	XLOC_014493
Upin_00022134	XLOC_014392	XLOC_014392
Upin_00022053	XLOC_014495	XLOC_014495
Upin_00022222	XLOC_014495	XLOC_014495
Upin_00021988	XLOC_014393	XLOC_014393
Upin_00022223	XLOC_014496	XLOC_014496
Upin_00022054	XLOC_014496	XLOC_014496
Upin_00022055	XLOC_014497	XLOC_014497
Upin_00022225	XLOC_014497	XLOC_014497
Upin_00021989	XLOC_014394	XLOC_014394
Upin_00022056	XLOC_014498	XLOC_014498
Upin_00022057	XLOC_014499	XLOC_014499
Upin_00022058	XLOC_014500	XLOC_014500
Upin_00022059	XLOC_014501	XLOC_014501
Upin_00021990	XLOC_014396	XLOC_014396
Upin_00022060	XLOC_014502	XLOC_014502
Upin_00022061	XLOC_014503	XLOC_014503
Upin_00021991	XLOC_014398	XLOC_014398
Upin_00022062	XLOC_014504	XLOC_014504
Upin_00022063	XLOC_014506	XLOC_014506
Upin_00022064	XLOC_014507	XLOC_014507
Upin_00021992	XLOC_014400	XLOC_014400
Upin_00022065	XLOC_014508	XLOC_014508
Upin_00021993	XLOC_014401	XLOC_014401
Upin_00022227	XLOC_014509	XLOC_014509
Upin_00022066	XLOC_014509	XLOC_014509
Upin_00021994	XLOC_014402	XLOC_014402
Upin_00022067	XLOC_014510	XLOC_014510
Upin_00021995	XLOC_014404	XLOC_014404
Upin_00022141	XLOC_014405	XLOC_014405
Upin_00022068	XLOC_014511	XLOC_014511
Upin_00022142	XLOC_014406	XLOC_014406
Upin_00021996	XLOC_014407	XLOC_014407
Upin_00022229	XLOC_014512	XLOC_014512
Upin_00022069	XLOC_014513	XLOC_014513
Upin_00022230	XLOC_014513	XLOC_014513
Upin_00021997	XLOC_014408	XLOC_014408
Upin_00021998	XLOC_014409	XLOC_014409
Upin_00022070	XLOC_014514	XLOC_014514
Upin_00022231	XLOC_014514	XLOC_014514
Upin_00022232	XLOC_014514	XLOC_014514
Upin_00022235	XLOC_014514	XLOC_014514
Upin_00022236	XLOC_014514	XLOC_014514
Upin_00022237	XLOC_014514	XLOC_014514
Upin_00021999	XLOC_014411	XLOC_014411
Upin_00022147	XLOC_014411	XLOC_014411
Upin_00022071	XLOC_014515	XLOC_014515
Upin_00022072	XLOC_014516	XLOC_014516
Upin_00022000	XLOC_014412	XLOC_014412
Upin_00022073	XLOC_014517	XLOC_014517
Upin_00022001	XLOC_014413	XLOC_014413
Upin_00022074	XLOC_014518	XLOC_014518
Upin_00022075	XLOC_014519	XLOC_014519
Upin_00022076	XLOC_014520	XLOC_014520
Upin_00022002	XLOC_014414	XLOC_014414
Upin_00022077	XLOC_014522	XLOC_014522
Upin_00022149	XLOC_014416	XLOC_014416
Upin_00022004	XLOC_014417	XLOC_014417
Upin_00022150	XLOC_014417	XLOC_014417
Upin_00022151	XLOC_014417	XLOC_014417
Upin_00022239	XLOC_014523	XLOC_014523
Upin_00022240	XLOC_014524	XLOC_014524
Upin_00022078	XLOC_014525	XLOC_014525
Upin_00022079	XLOC_014526	XLOC_014526
Upin_00022080	XLOC_014527	XLOC_014527
Upin_00022242	XLOC_014528	XLOC_014528
Upin_00022083	XLOC_014529	XLOC_014529
Upin_00022084	XLOC_014530	XLOC_014530
Upin_00022243	XLOC_014531	XLOC_014531
Upin_00022154	XLOC_014420	XLOC_014420
Upin_00022155	XLOC_014420	XLOC_014420
Upin_00022086	XLOC_014532	XLOC_014532
Upin_00022005	XLOC_014421	XLOC_014421
Upin_00022156	XLOC_014421	XLOC_014421
Upin_00022087	XLOC_014534	XLOC_014534
Upin_00022006	XLOC_014422	XLOC_014422
Upin_00022007	XLOC_014423	XLOC_014423
Upin_00022008	XLOC_014424	XLOC_014424
Upin_00022159	XLOC_014424	XLOC_014424
Upin_00022088	XLOC_014535	XLOC_014535
Upin_00022160	XLOC_014425	XLOC_014425
Upin_00022247	XLOC_014536	XLOC_014536
Upin_00022248	XLOC_014537	XLOC_014537
Upin_00022161	XLOC_014426	XLOC_014426
Upin_00022249	XLOC_014538	XLOC_014538
Upin_00022250	XLOC_014539	XLOC_014539
Upin_00022090	XLOC_014539	XLOC_014539
Upin_00022251	XLOC_014539	XLOC_014539
Upin_00022010	XLOC_014428	XLOC_014428
Upin_00022091	XLOC_014540	XLOC_014540
Upin_00022011	XLOC_014429	XLOC_014429
Upin_00022163	XLOC_014429	XLOC_014429
Upin_00024353	XLOC_015807	XLOC_015807
Upin_00024168	XLOC_015587	XLOC_015587
Upin_00024005	XLOC_015808	XLOC_015808
Upin_00024354	XLOC_015808	XLOC_015808
Upin_00024170	XLOC_015588	XLOC_015588
Upin_00023847	XLOC_015589	XLOC_015589
Upin_00023848	XLOC_015590	XLOC_015590
Upin_00024171	XLOC_015590	XLOC_015590
Upin_00024006	XLOC_015809	XLOC_015809
Upin_00023849	XLOC_015591	XLOC_015591
Upin_00024172	XLOC_015592	XLOC_015592
Upin_00024360	XLOC_015811	XLOC_015811
Upin_00024361	XLOC_015812	XLOC_015812
Upin_00024007	XLOC_015812	XLOC_015812
Upin_00023851	XLOC_015593	XLOC_015593
Upin_00024008	XLOC_015814	XLOC_015814
Upin_00024009	XLOC_015815	XLOC_015815
Upin_00023852	XLOC_015594	XLOC_015594
Upin_00024010	XLOC_015816	XLOC_015816
Upin_00024367	XLOC_015816	XLOC_015816
Upin_00024174	XLOC_015595	XLOC_015595
Upin_00023853	XLOC_015595	XLOC_015595
Upin_00024011	XLOC_015817	XLOC_015817
Upin_00023854	XLOC_015596	XLOC_015596
Upin_00024175	XLOC_015596	XLOC_015596
Upin_00024176	XLOC_015596	XLOC_015596
Upin_00024177	XLOC_015596	XLOC_015596
Upin_00024179	XLOC_015596	XLOC_015596
Upin_00024368	XLOC_015818	XLOC_015818
Upin_00024369	XLOC_015819	XLOC_015819
Upin_00024370	XLOC_015820	XLOC_015820
Upin_00024371	XLOC_015821	XLOC_015821
Upin_00024372	XLOC_015822	XLOC_015822
Upin_00024373	XLOC_015823	XLOC_015823
Upin_00024012	XLOC_015824	XLOC_015824
Upin_00024375	XLOC_015826	XLOC_015826
Upin_00024376	XLOC_015827	XLOC_015827
Upin_00023855	XLOC_015599	XLOC_015599
Upin_00024378	XLOC_015829	XLOC_015829
Upin_00023856	XLOC_015600	XLOC_015600
Upin_00024379	XLOC_015830	XLOC_015830
Upin_00023857	XLOC_015601	XLOC_015601
Upin_00024184	XLOC_015601	XLOC_015601
Upin_00024380	XLOC_015831	XLOC_015831
Upin_00024186	XLOC_015603	XLOC_015603
Upin_00023858	XLOC_015604	XLOC_015604
Upin_00024015	XLOC_015833	XLOC_015833
Upin_00023859	XLOC_015605	XLOC_015605
Upin_00024016	XLOC_015834	XLOC_015834
Upin_00023860	XLOC_015607	XLOC_015607
Upin_00023861	XLOC_015608	XLOC_015608
Upin_00024017	XLOC_015835	XLOC_015835
Upin_00024383	XLOC_015835	XLOC_015835
Upin_00024384	XLOC_015835	XLOC_015835
Upin_00024190	XLOC_015609	XLOC_015609
Upin_00024018	XLOC_015836	XLOC_015836
Upin_00024385	XLOC_015836	XLOC_015836
Upin_00024192	XLOC_015611	XLOC_015611
Upin_00023862	XLOC_015612	XLOC_015612
Upin_00024019	XLOC_015837	XLOC_015837
Upin_00023863	XLOC_015613	XLOC_015613
Upin_00023864	XLOC_015614	XLOC_015614
Upin_00024020	XLOC_015838	XLOC_015838
Upin_00023865	XLOC_015615	XLOC_015615
Upin_00024021	XLOC_015839	XLOC_015839
Upin_00024387	XLOC_015839	XLOC_015839
Upin_00024388	XLOC_015839	XLOC_015839
Upin_00024022	XLOC_015840	XLOC_015840
Upin_00023866	XLOC_015618	XLOC_015618
Upin_00023867	XLOC_015619	XLOC_015619
Upin_00024196	XLOC_015619	XLOC_015619
Upin_00024023	XLOC_015841	XLOC_015841
Upin_00024390	XLOC_015841	XLOC_015841
Upin_00023868	XLOC_015620	XLOC_015620
Upin_00024024	XLOC_015842	XLOC_015842
Upin_00023869	XLOC_015621	XLOC_015621
Upin_00023870	XLOC_015622	XLOC_015622
Upin_00024198	XLOC_015622	XLOC_015622
Upin_00024199	XLOC_015623	XLOC_015623
Upin_00023871	XLOC_015624	XLOC_015624
Upin_00023872	XLOC_015626	XLOC_015626
Upin_00024025	XLOC_015844	XLOC_015844
Upin_00023873	XLOC_015627	XLOC_015627
Upin_00024393	XLOC_015845	XLOC_015845
Upin_00024394	XLOC_015846	XLOC_015846
Upin_00024204	XLOC_015628	XLOC_015628
Upin_00023874	XLOC_015628	XLOC_015628
Upin_00024395	XLOC_015847	XLOC_015847
Upin_00024026	XLOC_015847	XLOC_015847
Upin_00023875	XLOC_015629	XLOC_015629
Upin_00024205	XLOC_015629	XLOC_015629
Upin_00024206	XLOC_015630	XLOC_015630
Upin_00024027	XLOC_015848	XLOC_015848
Upin_00024207	XLOC_015631	XLOC_015631
Upin_00024208	XLOC_015632	XLOC_015632
Upin_00024028	XLOC_015849	XLOC_015849
Upin_00024029	XLOC_015850	XLOC_015850
Upin_00023877	XLOC_015633	XLOC_015633
Upin_00024030	XLOC_015851	XLOC_015851
Upin_00024399	XLOC_015851	XLOC_015851
Upin_00023878	XLOC_015634	XLOC_015634
Upin_00024031	XLOC_015852	XLOC_015852
Upin_00024400	XLOC_015852	XLOC_015852
Upin_00024033	XLOC_015854	XLOC_015854
Upin_00024401	XLOC_015854	XLOC_015854
Upin_00024402	XLOC_015854	XLOC_015854
Upin_00024403	XLOC_015854	XLOC_015854
Upin_00024404	XLOC_015854	XLOC_015854
Upin_00024405	XLOC_015854	XLOC_015854
Upin_00024406	XLOC_015854	XLOC_015854
Upin_00024209	XLOC_015635	XLOC_015635
Upin_00024210	XLOC_015636	XLOC_015636
Upin_00023879	XLOC_015637	XLOC_015637
Upin_00023880	XLOC_015639	XLOC_015639
Upin_00024034	XLOC_015856	XLOC_015856
Upin_00024035	XLOC_015858	XLOC_015858
Upin_00023881	XLOC_015640	XLOC_015640
Upin_00024213	XLOC_015640	XLOC_015640
Upin_00024217	XLOC_015640	XLOC_015640
Upin_00024036	XLOC_015859	XLOC_015859
Upin_00024037	XLOC_015860	XLOC_015860
Upin_00023882	XLOC_015641	XLOC_015641
Upin_00024038	XLOC_015861	XLOC_015861
Upin_00023883	XLOC_015643	XLOC_015643
Upin_00023884	XLOC_015644	XLOC_015644
Upin_00024219	XLOC_015644	XLOC_015644
Upin_00024039	XLOC_015862	XLOC_015862
Upin_00024040	XLOC_015863	XLOC_015863
Upin_00024041	XLOC_015864	XLOC_015864
Upin_00023885	XLOC_015647	XLOC_015647
Upin_00024222	XLOC_015647	XLOC_015647
Upin_00024042	XLOC_015866	XLOC_015866
Upin_00023886	XLOC_015648	XLOC_015648
Upin_00024223	XLOC_015648	XLOC_015648
Upin_00024416	XLOC_015867	XLOC_015867
Upin_00024043	XLOC_015868	XLOC_015868
Upin_00024044	XLOC_015870	XLOC_015870
Upin_00024419	XLOC_015870	XLOC_015870
Upin_00023887	XLOC_015649	XLOC_015649
Upin_00024225	XLOC_015650	XLOC_015650
Upin_00023888	XLOC_015651	XLOC_015651
Upin_00024226	XLOC_015651	XLOC_015651
Upin_00024045	XLOC_015872	XLOC_015872
Upin_00024229	XLOC_015652	XLOC_015652
Upin_00023890	XLOC_015653	XLOC_015653
Upin_00024046	XLOC_015874	XLOC_015874
Upin_00024047	XLOC_015875	XLOC_015875
Upin_00024423	XLOC_015875	XLOC_015875
Upin_00024049	XLOC_015877	XLOC_015877
Upin_00023892	XLOC_015655	XLOC_015655
Upin_00024424	XLOC_015878	XLOC_015878
Upin_00024050	XLOC_015878	XLOC_015878
Upin_00024231	XLOC_015656	XLOC_015656
Upin_00023893	XLOC_015657	XLOC_015657
Upin_00024233	XLOC_015659	XLOC_015659
Upin_00024425	XLOC_015880	XLOC_015880
Upin_00024052	XLOC_015881	XLOC_015881
Upin_00024426	XLOC_015882	XLOC_015882
Upin_00023895	XLOC_015660	XLOC_015660
Upin_00023896	XLOC_015661	XLOC_015661
Upin_00024234	XLOC_015662	XLOC_015662
Upin_00024053	XLOC_015883	XLOC_015883
Upin_00024054	XLOC_015884	XLOC_015884
Upin_00023897	XLOC_015663	XLOC_015663
Upin_00024055	XLOC_015885	XLOC_015885
Upin_00023898	XLOC_015665	XLOC_015665
Upin_00024056	XLOC_015886	XLOC_015886
Upin_00023899	XLOC_015666	XLOC_015666
Upin_00024236	XLOC_015667	XLOC_015667
Upin_00023900	XLOC_015667	XLOC_015667
Upin_00024431	XLOC_015887	XLOC_015887
Upin_00023901	XLOC_015668	XLOC_015668
Upin_00024237	XLOC_015668	XLOC_015668
Upin_00024058	XLOC_015888	XLOC_015888
Upin_00024059	XLOC_015889	XLOC_015889
Upin_00023902	XLOC_015669	XLOC_015669
Upin_00024060	XLOC_015890	XLOC_015890
Upin_00023903	XLOC_015670	XLOC_015670
Upin_00024061	XLOC_015891	XLOC_015891
Upin_00023904	XLOC_015671	XLOC_015671
Upin_00024062	XLOC_015892	XLOC_015892
Upin_00024063	XLOC_015893	XLOC_015893
Upin_00023905	XLOC_015672	XLOC_015672
Upin_00024064	XLOC_015894	XLOC_015894
Upin_00024238	XLOC_015673	XLOC_015673
Upin_00023906	XLOC_015674	XLOC_015674
Upin_00024433	XLOC_015895	XLOC_015895
Upin_00023907	XLOC_015675	XLOC_015675
Upin_00024066	XLOC_015896	XLOC_015896
Upin_00024067	XLOC_015897	XLOC_015897
Upin_00024068	XLOC_015898	XLOC_015898
Upin_00023908	XLOC_015677	XLOC_015677
Upin_00023909	XLOC_015678	XLOC_015678
Upin_00024069	XLOC_015900	XLOC_015900
Upin_00024436	XLOC_015901	XLOC_015901
Upin_00024070	XLOC_015902	XLOC_015902
Upin_00024071	XLOC_015903	XLOC_015903
Upin_00024437	XLOC_015903	XLOC_015903
Upin_00024439	XLOC_015903	XLOC_015903
Upin_00023910	XLOC_015680	XLOC_015680
Upin_00023911	XLOC_015681	XLOC_015681
Upin_00024243	XLOC_015681	XLOC_015681
Upin_00024072	XLOC_015905	XLOC_015905
Upin_00024073	XLOC_015906	XLOC_015906
Upin_00023912	XLOC_015682	XLOC_015682
Upin_00024244	XLOC_015682	XLOC_015682
Upin_00024245	XLOC_015683	XLOC_015683
Upin_00023913	XLOC_015684	XLOC_015684
Upin_00024246	XLOC_015684	XLOC_015684
Upin_00024074	XLOC_015907	XLOC_015907
Upin_00024075	XLOC_015909	XLOC_015909
Upin_00024446	XLOC_015909	XLOC_015909
Upin_00024247	XLOC_015685	XLOC_015685
Upin_00023914	XLOC_015686	XLOC_015686
Upin_00023915	XLOC_015687	XLOC_015687
Upin_00023916	XLOC_015688	XLOC_015688
Upin_00024249	XLOC_015688	XLOC_015688
Upin_00024076	XLOC_015910	XLOC_015910
Upin_00024250	XLOC_015689	XLOC_015689
Upin_00023917	XLOC_015690	XLOC_015690
Upin_00024251	XLOC_015691	XLOC_015691
Upin_00024254	XLOC_015694	XLOC_015694
Upin_00024077	XLOC_015911	XLOC_015911
Upin_00024078	XLOC_015912	XLOC_015912
Upin_00024079	XLOC_015913	XLOC_015913
Upin_00024257	XLOC_015697	XLOC_015697
Upin_00023918	XLOC_015698	XLOC_015698
Upin_00023919	XLOC_015699	XLOC_015699
Upin_00024080	XLOC_015914	XLOC_015914
Upin_00023920	XLOC_015700	XLOC_015700
Upin_00023921	XLOC_015701	XLOC_015701
Upin_00024081	XLOC_015915	XLOC_015915
Upin_00023922	XLOC_015702	XLOC_015702
Upin_00024082	XLOC_015916	XLOC_015916
Upin_00024083	XLOC_015918	XLOC_015918
Upin_00024084	XLOC_015919	XLOC_015919
Upin_00023923	XLOC_015703	XLOC_015703
Upin_00024261	XLOC_015703	XLOC_015703
Upin_00023924	XLOC_015704	XLOC_015704
Upin_00024262	XLOC_015705	XLOC_015705
Upin_00024458	XLOC_015921	XLOC_015921
Upin_00023925	XLOC_015706	XLOC_015706
Upin_00024085	XLOC_015922	XLOC_015922
Upin_00024460	XLOC_015923	XLOC_015923
Upin_00023926	XLOC_015707	XLOC_015707
Upin_00024086	XLOC_015924	XLOC_015924
Upin_00024087	XLOC_015925	XLOC_015925
Upin_00024088	XLOC_015926	XLOC_015926
Upin_00023927	XLOC_015709	XLOC_015709
Upin_00024462	XLOC_015927	XLOC_015927
Upin_00023928	XLOC_015710	XLOC_015710
Upin_00024090	XLOC_015928	XLOC_015928
Upin_00023929	XLOC_015711	XLOC_015711
Upin_00024265	XLOC_015711	XLOC_015711
Upin_00024266	XLOC_015711	XLOC_015711
Upin_00024267	XLOC_015711	XLOC_015711
Upin_00024268	XLOC_015711	XLOC_015711
Upin_00024091	XLOC_015929	XLOC_015929
Upin_00024092	XLOC_015930	XLOC_015930
Upin_00023930	XLOC_015712	XLOC_015712
Upin_00023931	XLOC_015713	XLOC_015713
Upin_00023932	XLOC_015715	XLOC_015715
Upin_00024274	XLOC_015715	XLOC_015715
Upin_00023933	XLOC_015716	XLOC_015716
Upin_00024276	XLOC_015716	XLOC_015716
Upin_00024277	XLOC_015717	XLOC_015717
Upin_00024468	XLOC_015931	XLOC_015931
Upin_00024093	XLOC_015931	XLOC_015931
Upin_00024469	XLOC_015931	XLOC_015931
Upin_00024470	XLOC_015932	XLOC_015932
Upin_00024278	XLOC_015718	XLOC_015718
Upin_00023934	XLOC_015719	XLOC_015719
Upin_00024279	XLOC_015719	XLOC_015719
Upin_00024094	XLOC_015933	XLOC_015933
Upin_00024095	XLOC_015934	XLOC_015934
Upin_00024471	XLOC_015934	XLOC_015934
Upin_00023935	XLOC_015720	XLOC_015720
Upin_00024097	XLOC_015935	XLOC_015935
Upin_00024098	XLOC_015936	XLOC_015936
Upin_00023936	XLOC_015721	XLOC_015721
Upin_00024099	XLOC_015937	XLOC_015937
Upin_00024100	XLOC_015938	XLOC_015938
Upin_00024472	XLOC_015938	XLOC_015938
Upin_00023937	XLOC_015723	XLOC_015723
Upin_00024282	XLOC_015723	XLOC_015723
Upin_00023938	XLOC_015724	XLOC_015724
Upin_00023939	XLOC_015725	XLOC_015725
Upin_00024101	XLOC_015939	XLOC_015939
Upin_00024102	XLOC_015940	XLOC_015940
Upin_00023940	XLOC_015726	XLOC_015726
Upin_00023941	XLOC_015727	XLOC_015727
Upin_00024103	XLOC_015941	XLOC_015941
Upin_00024473	XLOC_015941	XLOC_015941
Upin_00024104	XLOC_015942	XLOC_015942
Upin_00024475	XLOC_015943	XLOC_015943
Upin_00023942	XLOC_015728	XLOC_015728
Upin_00024105	XLOC_015944	XLOC_015944
Upin_00024285	XLOC_015729	XLOC_015729
Upin_00023943	XLOC_015730	XLOC_015730
Upin_00024106	XLOC_015945	XLOC_015945
Upin_00023944	XLOC_015731	XLOC_015731
Upin_00024286	XLOC_015731	XLOC_015731
Upin_00023945	XLOC_015732	XLOC_015732
Upin_00024287	XLOC_015733	XLOC_015733
Upin_00023946	XLOC_015734	XLOC_015734
Upin_00023947	XLOC_015735	XLOC_015735
Upin_00023948	XLOC_015736	XLOC_015736
Upin_00024288	XLOC_015736	XLOC_015736
Upin_00024290	XLOC_015736	XLOC_015736
Upin_00024477	XLOC_015946	XLOC_015946
Upin_00024292	XLOC_015737	XLOC_015737
Upin_00024107	XLOC_015947	XLOC_015947
Upin_00024108	XLOC_015949	XLOC_015949
Upin_00024479	XLOC_015949	XLOC_015949
Upin_00023949	XLOC_015739	XLOC_015739
Upin_00024295	XLOC_015739	XLOC_015739
Upin_00024109	XLOC_015950	XLOC_015950
Upin_00024483	XLOC_015950	XLOC_015950
Upin_00023950	XLOC_015740	XLOC_015740
Upin_00024486	XLOC_015951	XLOC_015951
Upin_00024487	XLOC_015951	XLOC_015951
Upin_00024111	XLOC_015952	XLOC_015952
Upin_00024112	XLOC_015953	XLOC_015953
Upin_00024113	XLOC_015954	XLOC_015954
Upin_00024488	XLOC_015954	XLOC_015954
Upin_00024296	XLOC_015741	XLOC_015741
Upin_00023951	XLOC_015742	XLOC_015742
Upin_00024297	XLOC_015742	XLOC_015742
Upin_00024114	XLOC_015955	XLOC_015955
Upin_00024490	XLOC_015956	XLOC_015956
Upin_00024115	XLOC_015957	XLOC_015957
Upin_00024116	XLOC_015958	XLOC_015958
Upin_00023952	XLOC_015744	XLOC_015744
Upin_00023953	XLOC_015745	XLOC_015745
Upin_00024492	XLOC_015959	XLOC_015959
Upin_00024301	XLOC_015746	XLOC_015746
Upin_00024117	XLOC_015960	XLOC_015960
Upin_00023954	XLOC_015747	XLOC_015747
Upin_00024302	XLOC_015748	XLOC_015748
Upin_00024118	XLOC_015961	XLOC_015961
Upin_00024495	XLOC_015962	XLOC_015962
Upin_00024303	XLOC_015749	XLOC_015749
Upin_00023956	XLOC_015749	XLOC_015749
Upin_00024304	XLOC_015749	XLOC_015749
Upin_00024496	XLOC_015963	XLOC_015963
Upin_00023957	XLOC_015750	XLOC_015750
Upin_00024119	XLOC_015964	XLOC_015964
Upin_00023958	XLOC_015751	XLOC_015751
Upin_00024120	XLOC_015965	XLOC_015965
Upin_00023959	XLOC_015752	XLOC_015752
Upin_00023960	XLOC_015753	XLOC_015753
Upin_00024121	XLOC_015966	XLOC_015966
Upin_00024122	XLOC_015967	XLOC_015967
Upin_00024123	XLOC_015968	XLOC_015968
Upin_00024124	XLOC_015969	XLOC_015969
Upin_00024500	XLOC_015969	XLOC_015969
Upin_00023961	XLOC_015755	XLOC_015755
Upin_00024125	XLOC_015970	XLOC_015970
Upin_00024501	XLOC_015970	XLOC_015970
Upin_00023962	XLOC_015756	XLOC_015756
Upin_00024126	XLOC_015971	XLOC_015971
Upin_00024309	XLOC_015757	XLOC_015757
Upin_00023964	XLOC_015758	XLOC_015758
Upin_00024127	XLOC_015972	XLOC_015972
Upin_00023965	XLOC_015759	XLOC_015759
Upin_00024311	XLOC_015760	XLOC_015760
Upin_00024128	XLOC_015973	XLOC_015973
Upin_00023966	XLOC_015761	XLOC_015761
Upin_00024129	XLOC_015974	XLOC_015974
Upin_00023967	XLOC_015762	XLOC_015762
Upin_00023968	XLOC_015763	XLOC_015763
Upin_00024130	XLOC_015975	XLOC_015975
Upin_00023969	XLOC_015764	XLOC_015764
Upin_00023970	XLOC_015765	XLOC_015765
Upin_00024131	XLOC_015976	XLOC_015976
Upin_00024132	XLOC_015977	XLOC_015977
Upin_00024505	XLOC_015978	XLOC_015978
Upin_00024506	XLOC_015979	XLOC_015979
Upin_00023971	XLOC_015766	XLOC_015766
Upin_00024316	XLOC_015766	XLOC_015766
Upin_00024318	XLOC_015766	XLOC_015766
Upin_00024319	XLOC_015766	XLOC_015766
Upin_00024320	XLOC_015767	XLOC_015767
Upin_00024507	XLOC_015980	XLOC_015980
Upin_00024133	XLOC_015981	XLOC_015981
Upin_00023972	XLOC_015768	XLOC_015768
Upin_00023973	XLOC_015769	XLOC_015769
Upin_00023974	XLOC_015770	XLOC_015770
Upin_00024323	XLOC_015770	XLOC_015770
Upin_00023975	XLOC_015772	XLOC_015772
Upin_00024134	XLOC_015985	XLOC_015985
Upin_00023976	XLOC_015773	XLOC_015773
Upin_00024135	XLOC_015986	XLOC_015986
Upin_00024136	XLOC_015987	XLOC_015987
Upin_00024514	XLOC_015988	XLOC_015988
Upin_00023977	XLOC_015774	XLOC_015774
Upin_00024137	XLOC_015989	XLOC_015989
Upin_00024515	XLOC_015989	XLOC_015989
Upin_00024516	XLOC_015989	XLOC_015989
Upin_00024138	XLOC_015990	XLOC_015990
Upin_00023978	XLOC_015775	XLOC_015775
Upin_00023979	XLOC_015776	XLOC_015776
Upin_00023980	XLOC_015777	XLOC_015777
Upin_00024139	XLOC_015991	XLOC_015991
Upin_00024140	XLOC_015992	XLOC_015992
Upin_00023981	XLOC_015778	XLOC_015778
Upin_00024328	XLOC_015778	XLOC_015778
Upin_00024142	XLOC_015993	XLOC_015993
Upin_00023982	XLOC_015779	XLOC_015779
Upin_00024143	XLOC_015994	XLOC_015994
Upin_00023983	XLOC_015781	XLOC_015781
Upin_00024331	XLOC_015781	XLOC_015781
Upin_00023984	XLOC_015782	XLOC_015782
Upin_00024144	XLOC_015995	XLOC_015995
Upin_00024145	XLOC_015996	XLOC_015996
Upin_00023985	XLOC_015783	XLOC_015783
Upin_00024147	XLOC_015997	XLOC_015997
Upin_00024148	XLOC_015998	XLOC_015998
Upin_00024149	XLOC_016000	XLOC_016000
Upin_00023986	XLOC_015784	XLOC_015784
Upin_00024333	XLOC_015784	XLOC_015784
Upin_00023987	XLOC_015785	XLOC_015785
Upin_00023988	XLOC_015786	XLOC_015786
Upin_00024150	XLOC_016001	XLOC_016001
Upin_00024335	XLOC_015787	XLOC_015787
Upin_00024151	XLOC_016002	XLOC_016002
Upin_00024152	XLOC_016003	XLOC_016003
Upin_00023989	XLOC_015788	XLOC_015788
Upin_00024521	XLOC_016004	XLOC_016004
Upin_00023990	XLOC_015789	XLOC_015789
Upin_00024155	XLOC_016005	XLOC_016005
Upin_00023991	XLOC_015790	XLOC_015790
Upin_00024156	XLOC_016006	XLOC_016006
Upin_00024157	XLOC_016007	XLOC_016007
Upin_00023992	XLOC_015791	XLOC_015791
Upin_00024338	XLOC_015791	XLOC_015791
Upin_00024158	XLOC_016008	XLOC_016008
Upin_00023993	XLOC_015792	XLOC_015792
Upin_00024339	XLOC_015792	XLOC_015792
Upin_00024340	XLOC_015792	XLOC_015792
Upin_00023994	XLOC_015793	XLOC_015793
Upin_00024342	XLOC_015793	XLOC_015793
Upin_00024159	XLOC_016009	XLOC_016009
Upin_00024160	XLOC_016011	XLOC_016011
Upin_00023995	XLOC_015794	XLOC_015794
Upin_00024161	XLOC_016014	XLOC_016014
Upin_00024525	XLOC_016014	XLOC_016014
Upin_00024162	XLOC_016015	XLOC_016015
Upin_00023996	XLOC_015795	XLOC_015795
Upin_00023997	XLOC_015796	XLOC_015796
Upin_00023998	XLOC_015797	XLOC_015797
Upin_00024346	XLOC_015797	XLOC_015797
Upin_00024163	XLOC_016016	XLOC_016016
Upin_00024164	XLOC_016017	XLOC_016017
Upin_00024526	XLOC_016017	XLOC_016017
Upin_00024165	XLOC_016018	XLOC_016018
Upin_00023999	XLOC_015799	XLOC_015799
Upin_00024529	XLOC_016020	XLOC_016020
Upin_00024000	XLOC_015800	XLOC_015800
Upin_00024001	XLOC_015801	XLOC_015801
Upin_00024349	XLOC_015801	XLOC_015801
Upin_00024002	XLOC_015802	XLOC_015802
Upin_00024350	XLOC_015803	XLOC_015803
Upin_00024003	XLOC_015804	XLOC_015804
Upin_00024167	XLOC_016021	XLOC_016021
Upin_00024004	XLOC_015805	XLOC_015805
Upin_00024740	XLOC_016305	XLOC_016305
Upin_00024940	XLOC_016045	XLOC_016045
Upin_00025150	XLOC_016306	XLOC_016306
Upin_00024553	XLOC_016046	XLOC_016046
Upin_00024554	XLOC_016047	XLOC_016047
Upin_00025151	XLOC_016307	XLOC_016307
Upin_00024555	XLOC_016048	XLOC_016048
Upin_00024556	XLOC_016049	XLOC_016049
Upin_00024941	XLOC_016049	XLOC_016049
Upin_00024942	XLOC_016049	XLOC_016049
Upin_00025152	XLOC_016308	XLOC_016308
Upin_00024741	XLOC_016308	XLOC_016308
Upin_00024557	XLOC_016050	XLOC_016050
Upin_00024944	XLOC_016050	XLOC_016050
Upin_00024558	XLOC_016051	XLOC_016051
Upin_00024946	XLOC_016052	XLOC_016052
Upin_00024742	XLOC_016309	XLOC_016309
Upin_00025156	XLOC_016311	XLOC_016311
Upin_00024743	XLOC_016311	XLOC_016311
Upin_00024559	XLOC_016054	XLOC_016054
Upin_00024560	XLOC_016055	XLOC_016055
Upin_00024744	XLOC_016312	XLOC_016312
Upin_00024561	XLOC_016057	XLOC_016057
Upin_00024745	XLOC_016314	XLOC_016314
Upin_00024562	XLOC_016058	XLOC_016058
Upin_00025161	XLOC_016315	XLOC_016315
Upin_00024746	XLOC_016315	XLOC_016315
Upin_00024564	XLOC_016059	XLOC_016059
Upin_00024565	XLOC_016060	XLOC_016060
Upin_00024566	XLOC_016061	XLOC_016061
Upin_00024567	XLOC_016062	XLOC_016062
Upin_00025162	XLOC_016316	XLOC_016316
Upin_00024568	XLOC_016063	XLOC_016063
Upin_00024748	XLOC_016317	XLOC_016317
Upin_00024953	XLOC_016064	XLOC_016064
Upin_00025164	XLOC_016318	XLOC_016318
Upin_00024749	XLOC_016318	XLOC_016318
Upin_00024954	XLOC_016065	XLOC_016065
Upin_00024570	XLOC_016065	XLOC_016065
Upin_00024750	XLOC_016319	XLOC_016319
Upin_00024571	XLOC_016066	XLOC_016066
Upin_00024956	XLOC_016066	XLOC_016066
Upin_00024572	XLOC_016067	XLOC_016067
Upin_00024958	XLOC_016068	XLOC_016068
Upin_00025166	XLOC_016320	XLOC_016320
Upin_00024751	XLOC_016320	XLOC_016320
Upin_00025167	XLOC_016321	XLOC_016321
Upin_00024573	XLOC_016069	XLOC_016069
Upin_00024574	XLOC_016070	XLOC_016070
Upin_00024575	XLOC_016071	XLOC_016071
Upin_00024960	XLOC_016071	XLOC_016071
Upin_00024752	XLOC_016322	XLOC_016322
Upin_00024753	XLOC_016323	XLOC_016323
Upin_00025169	XLOC_016324	XLOC_016324
Upin_00024754	XLOC_016324	XLOC_016324
Upin_00024755	XLOC_016325	XLOC_016325
Upin_00024756	XLOC_016326	XLOC_016326
Upin_00024757	XLOC_016327	XLOC_016327
Upin_00024758	XLOC_016328	XLOC_016328
Upin_00024759	XLOC_016329	XLOC_016329
Upin_00024760	XLOC_016330	XLOC_016330
Upin_00024761	XLOC_016331	XLOC_016331
Upin_00024576	XLOC_016072	XLOC_016072
Upin_00024577	XLOC_016073	XLOC_016073
Upin_00024762	XLOC_016332	XLOC_016332
Upin_00024763	XLOC_016333	XLOC_016333
Upin_00024578	XLOC_016074	XLOC_016074
Upin_00024764	XLOC_016334	XLOC_016334
Upin_00024579	XLOC_016075	XLOC_016075
Upin_00024963	XLOC_016075	XLOC_016075
Upin_00024765	XLOC_016335	XLOC_016335
Upin_00025173	XLOC_016335	XLOC_016335
Upin_00025175	XLOC_016335	XLOC_016335
Upin_00024580	XLOC_016076	XLOC_016076
Upin_00024964	XLOC_016077	XLOC_016077
Upin_00025178	XLOC_016338	XLOC_016338
Upin_00024581	XLOC_016078	XLOC_016078
Upin_00024582	XLOC_016079	XLOC_016079
Upin_00024766	XLOC_016339	XLOC_016339
Upin_00025181	XLOC_016340	XLOC_016340
Upin_00024583	XLOC_016080	XLOC_016080
Upin_00024768	XLOC_016341	XLOC_016341
Upin_00024584	XLOC_016082	XLOC_016082
Upin_00024585	XLOC_016083	XLOC_016083
Upin_00024586	XLOC_016084	XLOC_016084
Upin_00024969	XLOC_016084	XLOC_016084
Upin_00024769	XLOC_016342	XLOC_016342
Upin_00024770	XLOC_016343	XLOC_016343
Upin_00025183	XLOC_016344	XLOC_016344
Upin_00024771	XLOC_016344	XLOC_016344
Upin_00024772	XLOC_016345	XLOC_016345
Upin_00024970	XLOC_016085	XLOC_016085
Upin_00024773	XLOC_016346	XLOC_016346
Upin_00024587	XLOC_016086	XLOC_016086
Upin_00025186	XLOC_016347	XLOC_016347
Upin_00024775	XLOC_016347	XLOC_016347
Upin_00024776	XLOC_016348	XLOC_016348
Upin_00024588	XLOC_016087	XLOC_016087
Upin_00025187	XLOC_016349	XLOC_016349
Upin_00025188	XLOC_016349	XLOC_016349
Upin_00024777	XLOC_016349	XLOC_016349
Upin_00024778	XLOC_016350	XLOC_016350
Upin_00024589	XLOC_016088	XLOC_016088
Upin_00024974	XLOC_016088	XLOC_016088
Upin_00024779	XLOC_016351	XLOC_016351
Upin_00024590	XLOC_016089	XLOC_016089
Upin_00025192	XLOC_016352	XLOC_016352
Upin_00024591	XLOC_016090	XLOC_016090
Upin_00024592	XLOC_016091	XLOC_016091
Upin_00024780	XLOC_016353	XLOC_016353
Upin_00025193	XLOC_016354	XLOC_016354
Upin_00024593	XLOC_016092	XLOC_016092
Upin_00024979	XLOC_016093	XLOC_016093
Upin_00024980	XLOC_016094	XLOC_016094
Upin_00025194	XLOC_016355	XLOC_016355
Upin_00024594	XLOC_016095	XLOC_016095
Upin_00024782	XLOC_016356	XLOC_016356
Upin_00024595	XLOC_016096	XLOC_016096
Upin_00024981	XLOC_016096	XLOC_016096
Upin_00024983	XLOC_016097	XLOC_016097
Upin_00024783	XLOC_016357	XLOC_016357
Upin_00024596	XLOC_016098	XLOC_016098
Upin_00024984	XLOC_016098	XLOC_016098
Upin_00024986	XLOC_016099	XLOC_016099
Upin_00024784	XLOC_016358	XLOC_016358
Upin_00024987	XLOC_016100	XLOC_016100
Upin_00024988	XLOC_016101	XLOC_016101
Upin_00024599	XLOC_016102	XLOC_016102
Upin_00024989	XLOC_016103	XLOC_016103
Upin_00024990	XLOC_016104	XLOC_016104
Upin_00024991	XLOC_016105	XLOC_016105
Upin_00024600	XLOC_016106	XLOC_016106
Upin_00024786	XLOC_016361	XLOC_016361
Upin_00024601	XLOC_016107	XLOC_016107
Upin_00024995	XLOC_016109	XLOC_016109
Upin_00024787	XLOC_016362	XLOC_016362
Upin_00025198	XLOC_016362	XLOC_016362
Upin_00024602	XLOC_016110	XLOC_016110
Upin_00024788	XLOC_016363	XLOC_016363
Upin_00024789	XLOC_016364	XLOC_016364
Upin_00025201	XLOC_016364	XLOC_016364
Upin_00025202	XLOC_016364	XLOC_016364
Upin_00024603	XLOC_016111	XLOC_016111
Upin_00024604	XLOC_016112	XLOC_016112
Upin_00024790	XLOC_016366	XLOC_016366
Upin_00024605	XLOC_016113	XLOC_016113
Upin_00025001	XLOC_016114	XLOC_016114
Upin_00024791	XLOC_016367	XLOC_016367
Upin_00025205	XLOC_016368	XLOC_016368
Upin_00024792	XLOC_016369	XLOC_016369
Upin_00024606	XLOC_016115	XLOC_016115
Upin_00024793	XLOC_016370	XLOC_016370
Upin_00025003	XLOC_016116	XLOC_016116
Upin_00024607	XLOC_016117	XLOC_016117
Upin_00025004	XLOC_016118	XLOC_016118
Upin_00025209	XLOC_016372	XLOC_016372
Upin_00024795	XLOC_016373	XLOC_016373
Upin_00025005	XLOC_016119	XLOC_016119
Upin_00024608	XLOC_016120	XLOC_016120
Upin_00025006	XLOC_016120	XLOC_016120
Upin_00025007	XLOC_016121	XLOC_016121
Upin_00024609	XLOC_016122	XLOC_016122
Upin_00025008	XLOC_016122	XLOC_016122
Upin_00024796	XLOC_016374	XLOC_016374
Upin_00025211	XLOC_016374	XLOC_016374
Upin_00024610	XLOC_016123	XLOC_016123
Upin_00024797	XLOC_016375	XLOC_016375
Upin_00024611	XLOC_016124	XLOC_016124
Upin_00024612	XLOC_016125	XLOC_016125
Upin_00024798	XLOC_016376	XLOC_016376
Upin_00024799	XLOC_016377	XLOC_016377
Upin_00025215	XLOC_016377	XLOC_016377
Upin_00024800	XLOC_016378	XLOC_016378
Upin_00025216	XLOC_016378	XLOC_016378
Upin_00024613	XLOC_016126	XLOC_016126
Upin_00025218	XLOC_016379	XLOC_016379
Upin_00024801	XLOC_016379	XLOC_016379
Upin_00024614	XLOC_016127	XLOC_016127
Upin_00024615	XLOC_016128	XLOC_016128
Upin_00025011	XLOC_016128	XLOC_016128
Upin_00024616	XLOC_016129	XLOC_016129
Upin_00025013	XLOC_016131	XLOC_016131
Upin_00024802	XLOC_016380	XLOC_016380
Upin_00024617	XLOC_016132	XLOC_016132
Upin_00025014	XLOC_016132	XLOC_016132
Upin_00025221	XLOC_016381	XLOC_016381
Upin_00024803	XLOC_016381	XLOC_016381
Upin_00025222	XLOC_016382	XLOC_016382
Upin_00025016	XLOC_016133	XLOC_016133
Upin_00025224	XLOC_016383	XLOC_016383
Upin_00024618	XLOC_016134	XLOC_016134
Upin_00025225	XLOC_016384	XLOC_016384
Upin_00024619	XLOC_016135	XLOC_016135
Upin_00025019	XLOC_016135	XLOC_016135
Upin_00025018	XLOC_016136	XLOC_016136
Upin_00024620	XLOC_016137	XLOC_016137
Upin_00025021	XLOC_016138	XLOC_016138
Upin_00024805	XLOC_016385	XLOC_016385
Upin_00024806	XLOC_016386	XLOC_016386
Upin_00024621	XLOC_016139	XLOC_016139
Upin_00024807	XLOC_016387	XLOC_016387
Upin_00024622	XLOC_016140	XLOC_016140
Upin_00024623	XLOC_016141	XLOC_016141
Upin_00025022	XLOC_016141	XLOC_016141
Upin_00025228	XLOC_016388	XLOC_016388
Upin_00025229	XLOC_016388	XLOC_016388
Upin_00024808	XLOC_016388	XLOC_016388
Upin_00024624	XLOC_016142	XLOC_016142
Upin_00024625	XLOC_016143	XLOC_016143
Upin_00025023	XLOC_016144	XLOC_016144
Upin_00025024	XLOC_016145	XLOC_016145
Upin_00024809	XLOC_016389	XLOC_016389
Upin_00024810	XLOC_016390	XLOC_016390
Upin_00024626	XLOC_016146	XLOC_016146
Upin_00025025	XLOC_016147	XLOC_016147
Upin_00024811	XLOC_016391	XLOC_016391
Upin_00024627	XLOC_016148	XLOC_016148
Upin_00024628	XLOC_016149	XLOC_016149
Upin_00025230	XLOC_016392	XLOC_016392
Upin_00024812	XLOC_016392	XLOC_016392
Upin_00024813	XLOC_016393	XLOC_016393
Upin_00025231	XLOC_016394	XLOC_016394
Upin_00025027	XLOC_016150	XLOC_016150
Upin_00025028	XLOC_016151	XLOC_016151
Upin_00025029	XLOC_016152	XLOC_016152
Upin_00025232	XLOC_016395	XLOC_016395
Upin_00025030	XLOC_016153	XLOC_016153
Upin_00024629	XLOC_016154	XLOC_016154
Upin_00024630	XLOC_016155	XLOC_016155
Upin_00024631	XLOC_016156	XLOC_016156
Upin_00024632	XLOC_016157	XLOC_016157
Upin_00025032	XLOC_016158	XLOC_016158
Upin_00024815	XLOC_016397	XLOC_016397
Upin_00024816	XLOC_016398	XLOC_016398
Upin_00024817	XLOC_016399	XLOC_016399
Upin_00024818	XLOC_016400	XLOC_016400
Upin_00024819	XLOC_016401	XLOC_016401
Upin_00024820	XLOC_016402	XLOC_016402
Upin_00024633	XLOC_016159	XLOC_016159
Upin_00024821	XLOC_016403	XLOC_016403
Upin_00025034	XLOC_016160	XLOC_016160
Upin_00025035	XLOC_016161	XLOC_016161
Upin_00024822	XLOC_016404	XLOC_016404
Upin_00024636	XLOC_016162	XLOC_016162
Upin_00025234	XLOC_016405	XLOC_016405
Upin_00024637	XLOC_016163	XLOC_016163
Upin_00024823	XLOC_016406	XLOC_016406
Upin_00025239	XLOC_016406	XLOC_016406
Upin_00025240	XLOC_016406	XLOC_016406
Upin_00024638	XLOC_016164	XLOC_016164
Upin_00024824	XLOC_016407	XLOC_016407
Upin_00025036	XLOC_016165	XLOC_016165
Upin_00025037	XLOC_016166	XLOC_016166
Upin_00025243	XLOC_016408	XLOC_016408
Upin_00024825	XLOC_016408	XLOC_016408
Upin_00025038	XLOC_016167	XLOC_016167
Upin_00024826	XLOC_016409	XLOC_016409
Upin_00024639	XLOC_016168	XLOC_016168
Upin_00024827	XLOC_016410	XLOC_016410
Upin_00024640	XLOC_016169	XLOC_016169
Upin_00025039	XLOC_016169	XLOC_016169
Upin_00025040	XLOC_016169	XLOC_016169
Upin_00025041	XLOC_016169	XLOC_016169
Upin_00025042	XLOC_016169	XLOC_016169
Upin_00024828	XLOC_016411	XLOC_016411
Upin_00024641	XLOC_016170	XLOC_016170
Upin_00025044	XLOC_016170	XLOC_016170
Upin_00024642	XLOC_016171	XLOC_016171
Upin_00025250	XLOC_016413	XLOC_016413
Upin_00025047	XLOC_016172	XLOC_016172
Upin_00025048	XLOC_016173	XLOC_016173
Upin_00025252	XLOC_016415	XLOC_016415
Upin_00025049	XLOC_016174	XLOC_016174
Upin_00025253	XLOC_016416	XLOC_016416
Upin_00024829	XLOC_016417	XLOC_016417
Upin_00025254	XLOC_016418	XLOC_016418
Upin_00025255	XLOC_016419	XLOC_016419
Upin_00024644	XLOC_016176	XLOC_016176
Upin_00024830	XLOC_016420	XLOC_016420
Upin_00024645	XLOC_016177	XLOC_016177
Upin_00024831	XLOC_016421	XLOC_016421
Upin_00025051	XLOC_016178	XLOC_016178
Upin_00024646	XLOC_016179	XLOC_016179
Upin_00025258	XLOC_016422	XLOC_016422
Upin_00024832	XLOC_016422	XLOC_016422
Upin_00025259	XLOC_016423	XLOC_016423
Upin_00024647	XLOC_016180	XLOC_016180
Upin_00025053	XLOC_016180	XLOC_016180
Upin_00024833	XLOC_016424	XLOC_016424
Upin_00024648	XLOC_016181	XLOC_016181
Upin_00024834	XLOC_016425	XLOC_016425
Upin_00024835	XLOC_016426	XLOC_016426
Upin_00025264	XLOC_016427	XLOC_016427
Upin_00024836	XLOC_016428	XLOC_016428
Upin_00024649	XLOC_016183	XLOC_016183
Upin_00024650	XLOC_016184	XLOC_016184
Upin_00025055	XLOC_016184	XLOC_016184
Upin_00025056	XLOC_016184	XLOC_016184
Upin_00025265	XLOC_016429	XLOC_016429
Upin_00024837	XLOC_016430	XLOC_016430
Upin_00024651	XLOC_016185	XLOC_016185
Upin_00024838	XLOC_016431	XLOC_016431
Upin_00025266	XLOC_016432	XLOC_016432
Upin_00024839	XLOC_016432	XLOC_016432
Upin_00025058	XLOC_016186	XLOC_016186
Upin_00024840	XLOC_016433	XLOC_016433
Upin_00024841	XLOC_016434	XLOC_016434
Upin_00024652	XLOC_016187	XLOC_016187
Upin_00025268	XLOC_016435	XLOC_016435
Upin_00025269	XLOC_016436	XLOC_016436
Upin_00024653	XLOC_016188	XLOC_016188
Upin_00025061	XLOC_016189	XLOC_016189
Upin_00024654	XLOC_016190	XLOC_016190
Upin_00024842	XLOC_016437	XLOC_016437
Upin_00025270	XLOC_016437	XLOC_016437
Upin_00025271	XLOC_016437	XLOC_016437
Upin_00025272	XLOC_016438	XLOC_016438
Upin_00024844	XLOC_016438	XLOC_016438
Upin_00024655	XLOC_016191	XLOC_016191
Upin_00024845	XLOC_016439	XLOC_016439
Upin_00024846	XLOC_016440	XLOC_016440
Upin_00024656	XLOC_016193	XLOC_016193
Upin_00025063	XLOC_016193	XLOC_016193
Upin_00025064	XLOC_016193	XLOC_016193
Upin_00025068	XLOC_016196	XLOC_016196
Upin_00024847	XLOC_016441	XLOC_016441
Upin_00025069	XLOC_016197	XLOC_016197
Upin_00024848	XLOC_016442	XLOC_016442
Upin_00024657	XLOC_016198	XLOC_016198
Upin_00024849	XLOC_016443	XLOC_016443
Upin_00024658	XLOC_016199	XLOC_016199
Upin_00024659	XLOC_016200	XLOC_016200
Upin_00024660	XLOC_016201	XLOC_016201
Upin_00025070	XLOC_016201	XLOC_016201
Upin_00024850	XLOC_016444	XLOC_016444
Upin_00024661	XLOC_016202	XLOC_016202
Upin_00025072	XLOC_016202	XLOC_016202
Upin_00025074	XLOC_016204	XLOC_016204
Upin_00025278	XLOC_016445	XLOC_016445
Upin_00024851	XLOC_016446	XLOC_016446
Upin_00024852	XLOC_016447	XLOC_016447
Upin_00024662	XLOC_016205	XLOC_016205
Upin_00024853	XLOC_016448	XLOC_016448
Upin_00025077	XLOC_016206	XLOC_016206
Upin_00024663	XLOC_016206	XLOC_016206
Upin_00025280	XLOC_016449	XLOC_016449
Upin_00025078	XLOC_016207	XLOC_016207
Upin_00024664	XLOC_016208	XLOC_016208
Upin_00024855	XLOC_016450	XLOC_016450
Upin_00024666	XLOC_016209	XLOC_016209
Upin_00025080	XLOC_016209	XLOC_016209
Upin_00025081	XLOC_016209	XLOC_016209
Upin_00024856	XLOC_016451	XLOC_016451
Upin_00025282	XLOC_016452	XLOC_016452
Upin_00024668	XLOC_016211	XLOC_016211
Upin_00024670	XLOC_016211	XLOC_016211
Upin_00025283	XLOC_016453	XLOC_016453
Upin_00025284	XLOC_016454	XLOC_016454
Upin_00024857	XLOC_016454	XLOC_016454
Upin_00024671	XLOC_016212	XLOC_016212
Upin_00025085	XLOC_016212	XLOC_016212
Upin_00024858	XLOC_016455	XLOC_016455
Upin_00024859	XLOC_016456	XLOC_016456
Upin_00025086	XLOC_016213	XLOC_016213
Upin_00024672	XLOC_016214	XLOC_016214
Upin_00025286	XLOC_016458	XLOC_016458
Upin_00025287	XLOC_016459	XLOC_016459
Upin_00024673	XLOC_016215	XLOC_016215
Upin_00025288	XLOC_016460	XLOC_016460
Upin_00024860	XLOC_016460	XLOC_016460
Upin_00025289	XLOC_016461	XLOC_016461
Upin_00024674	XLOC_016217	XLOC_016217
Upin_00025290	XLOC_016462	XLOC_016462
Upin_00024862	XLOC_016462	XLOC_016462
Upin_00025291	XLOC_016462	XLOC_016462
Upin_00025292	XLOC_016462	XLOC_016462
Upin_00025293	XLOC_016462	XLOC_016462
Upin_00024675	XLOC_016219	XLOC_016219
Upin_00024863	XLOC_016463	XLOC_016463
Upin_00024676	XLOC_016220	XLOC_016220
Upin_00025294	XLOC_016464	XLOC_016464
Upin_00024677	XLOC_016221	XLOC_016221
Upin_00024864	XLOC_016465	XLOC_016465
Upin_00025295	XLOC_016465	XLOC_016465
Upin_00025089	XLOC_016222	XLOC_016222
Upin_00024865	XLOC_016466	XLOC_016466
Upin_00025296	XLOC_016467	XLOC_016467
Upin_00024866	XLOC_016467	XLOC_016467
Upin_00025297	XLOC_016468	XLOC_016468
Upin_00024678	XLOC_016223	XLOC_016223
Upin_00024867	XLOC_016469	XLOC_016469
Upin_00025090	XLOC_016224	XLOC_016224
Upin_00025091	XLOC_016224	XLOC_016224
Upin_00025298	XLOC_016470	XLOC_016470
Upin_00024679	XLOC_016225	XLOC_016225
Upin_00024680	XLOC_016226	XLOC_016226
Upin_00024869	XLOC_016471	XLOC_016471
Upin_00025299	XLOC_016471	XLOC_016471
Upin_00024681	XLOC_016228	XLOC_016228
Upin_00024870	XLOC_016472	XLOC_016472
Upin_00025300	XLOC_016473	XLOC_016473
Upin_00025301	XLOC_016474	XLOC_016474
Upin_00025093	XLOC_016229	XLOC_016229
Upin_00024871	XLOC_016475	XLOC_016475
Upin_00024683	XLOC_016230	XLOC_016230
Upin_00024872	XLOC_016476	XLOC_016476
Upin_00025302	XLOC_016476	XLOC_016476
Upin_00024873	XLOC_016477	XLOC_016477
Upin_00025303	XLOC_016478	XLOC_016478
Upin_00024874	XLOC_016479	XLOC_016479
Upin_00025304	XLOC_016479	XLOC_016479
Upin_00024684	XLOC_016231	XLOC_016231
Upin_00025305	XLOC_016480	XLOC_016480
Upin_00024685	XLOC_016232	XLOC_016232
Upin_00024686	XLOC_016233	XLOC_016233
Upin_00024687	XLOC_016234	XLOC_016234
Upin_00024688	XLOC_016235	XLOC_016235
Upin_00024875	XLOC_016481	XLOC_016481
Upin_00025306	XLOC_016481	XLOC_016481
Upin_00025307	XLOC_016482	XLOC_016482
Upin_00024876	XLOC_016482	XLOC_016482
Upin_00024689	XLOC_016236	XLOC_016236
Upin_00025096	XLOC_016236	XLOC_016236
Upin_00024877	XLOC_016483	XLOC_016483
Upin_00024878	XLOC_016484	XLOC_016484
Upin_00025308	XLOC_016484	XLOC_016484
Upin_00025309	XLOC_016484	XLOC_016484
Upin_00025097	XLOC_016237	XLOC_016237
Upin_00024879	XLOC_016485	XLOC_016485
Upin_00025310	XLOC_016486	XLOC_016486
Upin_00024691	XLOC_016238	XLOC_016238
Upin_00025098	XLOC_016238	XLOC_016238
Upin_00025099	XLOC_016239	XLOC_016239
Upin_00024882	XLOC_016487	XLOC_016487
Upin_00025311	XLOC_016487	XLOC_016487
Upin_00025101	XLOC_016241	XLOC_016241
Upin_00025102	XLOC_016242	XLOC_016242
Upin_00025312	XLOC_016488	XLOC_016488
Upin_00024692	XLOC_016243	XLOC_016243
Upin_00024693	XLOC_016244	XLOC_016244
Upin_00024694	XLOC_016245	XLOC_016245
Upin_00024695	XLOC_016246	XLOC_016246
Upin_00025103	XLOC_016247	XLOC_016247
Upin_00024883	XLOC_016489	XLOC_016489
Upin_00024696	XLOC_016249	XLOC_016249
Upin_00024884	XLOC_016490	XLOC_016490
Upin_00025313	XLOC_016490	XLOC_016490
Upin_00025314	XLOC_016490	XLOC_016490
Upin_00025315	XLOC_016490	XLOC_016490
Upin_00025105	XLOC_016250	XLOC_016250
Upin_00025316	XLOC_016491	XLOC_016491
Upin_00025317	XLOC_016492	XLOC_016492
Upin_00025318	XLOC_016493	XLOC_016493
Upin_00024698	XLOC_016251	XLOC_016251
Upin_00024699	XLOC_016252	XLOC_016252
Upin_00025106	XLOC_016252	XLOC_016252
Upin_00024885	XLOC_016494	XLOC_016494
Upin_00025319	XLOC_016494	XLOC_016494
Upin_00025320	XLOC_016494	XLOC_016494
Upin_00024700	XLOC_016253	XLOC_016253
Upin_00025108	XLOC_016253	XLOC_016253
Upin_00024701	XLOC_016254	XLOC_016254
Upin_00024886	XLOC_016495	XLOC_016495
Upin_00025321	XLOC_016495	XLOC_016495
Upin_00024702	XLOC_016255	XLOC_016255
Upin_00025323	XLOC_016496	XLOC_016496
Upin_00024887	XLOC_016497	XLOC_016497
Upin_00025324	XLOC_016497	XLOC_016497
Upin_00024888	XLOC_016498	XLOC_016498
Upin_00024889	XLOC_016499	XLOC_016499
Upin_00024890	XLOC_016500	XLOC_016500
Upin_00024891	XLOC_016501	XLOC_016501
Upin_00024703	XLOC_016256	XLOC_016256
Upin_00025326	XLOC_016502	XLOC_016502
Upin_00024892	XLOC_016502	XLOC_016502
Upin_00025111	XLOC_016257	XLOC_016257
Upin_00024704	XLOC_016258	XLOC_016258
Upin_00025112	XLOC_016258	XLOC_016258
Upin_00024893	XLOC_016503	XLOC_016503
Upin_00025327	XLOC_016503	XLOC_016503
Upin_00025328	XLOC_016503	XLOC_016503
Upin_00025329	XLOC_016504	XLOC_016504
Upin_00024894	XLOC_016504	XLOC_016504
Upin_00025330	XLOC_016504	XLOC_016504
Upin_00024705	XLOC_016259	XLOC_016259
Upin_00025114	XLOC_016259	XLOC_016259
Upin_00025331	XLOC_016505	XLOC_016505
Upin_00025332	XLOC_016506	XLOC_016506
Upin_00024895	XLOC_016506	XLOC_016506
Upin_00024706	XLOC_016260	XLOC_016260
Upin_00025115	XLOC_016260	XLOC_016260
Upin_00024896	XLOC_016507	XLOC_016507
Upin_00024897	XLOC_016508	XLOC_016508
Upin_00024898	XLOC_016509	XLOC_016509
Upin_00024707	XLOC_016261	XLOC_016261
Upin_00024900	XLOC_016510	XLOC_016510
Upin_00025333	XLOC_016511	XLOC_016511
Upin_00024901	XLOC_016511	XLOC_016511
Upin_00024708	XLOC_016262	XLOC_016262
Upin_00025334	XLOC_016512	XLOC_016512
Upin_00024709	XLOC_016263	XLOC_016263
Upin_00024902	XLOC_016513	XLOC_016513
Upin_00025116	XLOC_016264	XLOC_016264
Upin_00024710	XLOC_016265	XLOC_016265
Upin_00025117	XLOC_016265	XLOC_016265
Upin_00025335	XLOC_016514	XLOC_016514
Upin_00025336	XLOC_016514	XLOC_016514
Upin_00024711	XLOC_016266	XLOC_016266
Upin_00024904	XLOC_016515	XLOC_016515
Upin_00025120	XLOC_016267	XLOC_016267
Upin_00024905	XLOC_016516	XLOC_016516
Upin_00024713	XLOC_016268	XLOC_016268
Upin_00025337	XLOC_016517	XLOC_016517
Upin_00024906	XLOC_016517	XLOC_016517
Upin_00024907	XLOC_016518	XLOC_016518
Upin_00024714	XLOC_016271	XLOC_016271
Upin_00025125	XLOC_016271	XLOC_016271
Upin_00025338	XLOC_016519	XLOC_016519
Upin_00024908	XLOC_016519	XLOC_016519
Upin_00025339	XLOC_016520	XLOC_016520
Upin_00024715	XLOC_016273	XLOC_016273
Upin_00024716	XLOC_016274	XLOC_016274
Upin_00025340	XLOC_016521	XLOC_016521
Upin_00024909	XLOC_016522	XLOC_016522
Upin_00024717	XLOC_016275	XLOC_016275
Upin_00025341	XLOC_016523	XLOC_016523
Upin_00024910	XLOC_016523	XLOC_016523
Upin_00025342	XLOC_016524	XLOC_016524
Upin_00024911	XLOC_016525	XLOC_016525
Upin_00025343	XLOC_016525	XLOC_016525
Upin_00024718	XLOC_016276	XLOC_016276
Upin_00025344	XLOC_016526	XLOC_016526
Upin_00024912	XLOC_016526	XLOC_016526
Upin_00024719	XLOC_016277	XLOC_016277
Upin_00024721	XLOC_016278	XLOC_016278
Upin_00025131	XLOC_016278	XLOC_016278
Upin_00025345	XLOC_016527	XLOC_016527
Upin_00025346	XLOC_016528	XLOC_016528
Upin_00025347	XLOC_016529	XLOC_016529
Upin_00025348	XLOC_016530	XLOC_016530
Upin_00025349	XLOC_016531	XLOC_016531
Upin_00025350	XLOC_016532	XLOC_016532
Upin_00024914	XLOC_016533	XLOC_016533
Upin_00025351	XLOC_016533	XLOC_016533
Upin_00025132	XLOC_016279	XLOC_016279
Upin_00025133	XLOC_016280	XLOC_016280
Upin_00025352	XLOC_016534	XLOC_016534
Upin_00024915	XLOC_016535	XLOC_016535
Upin_00025353	XLOC_016535	XLOC_016535
Upin_00025354	XLOC_016535	XLOC_016535
Upin_00025355	XLOC_016535	XLOC_016535
Upin_00024722	XLOC_016281	XLOC_016281
Upin_00025135	XLOC_016282	XLOC_016282
Upin_00025136	XLOC_016282	XLOC_016282
Upin_00025356	XLOC_016536	XLOC_016536
Upin_00024916	XLOC_016536	XLOC_016536
Upin_00025357	XLOC_016537	XLOC_016537
Upin_00025358	XLOC_016538	XLOC_016538
Upin_00025137	XLOC_016283	XLOC_016283
Upin_00024918	XLOC_016539	XLOC_016539
Upin_00025359	XLOC_016539	XLOC_016539
Upin_00025360	XLOC_016540	XLOC_016540
Upin_00025361	XLOC_016541	XLOC_016541
Upin_00024919	XLOC_016542	XLOC_016542
Upin_00025362	XLOC_016542	XLOC_016542
Upin_00024920	XLOC_016543	XLOC_016543
Upin_00024921	XLOC_016544	XLOC_016544
Upin_00024725	XLOC_016284	XLOC_016284
Upin_00024922	XLOC_016545	XLOC_016545
Upin_00025138	XLOC_016285	XLOC_016285
Upin_00025364	XLOC_016546	XLOC_016546
Upin_00024923	XLOC_016546	XLOC_016546
Upin_00025365	XLOC_016546	XLOC_016546
Upin_00025366	XLOC_016546	XLOC_016546
Upin_00025139	XLOC_016286	XLOC_016286
Upin_00025140	XLOC_016287	XLOC_016287
Upin_00024924	XLOC_016547	XLOC_016547
Upin_00025367	XLOC_016548	XLOC_016548
Upin_00024925	XLOC_016548	XLOC_016548
Upin_00025142	XLOC_016289	XLOC_016289
Upin_00025368	XLOC_016549	XLOC_016549
Upin_00025369	XLOC_016550	XLOC_016550
Upin_00024926	XLOC_016551	XLOC_016551
Upin_00025370	XLOC_016551	XLOC_016551
Upin_00024728	XLOC_016290	XLOC_016290
Upin_00024927	XLOC_016552	XLOC_016552
Upin_00025371	XLOC_016552	XLOC_016552
Upin_00024729	XLOC_016291	XLOC_016291
Upin_00025143	XLOC_016291	XLOC_016291
Upin_00024928	XLOC_016553	XLOC_016553
Upin_00025372	XLOC_016553	XLOC_016553
Upin_00025373	XLOC_016553	XLOC_016553
Upin_00024730	XLOC_016292	XLOC_016292
Upin_00024929	XLOC_016554	XLOC_016554
Upin_00025146	XLOC_016294	XLOC_016294
Upin_00024930	XLOC_016555	XLOC_016555
Upin_00024931	XLOC_016556	XLOC_016556
Upin_00024732	XLOC_016295	XLOC_016295
Upin_00025374	XLOC_016557	XLOC_016557
Upin_00024932	XLOC_016557	XLOC_016557
Upin_00025375	XLOC_016559	XLOC_016559
Upin_00025376	XLOC_016558	XLOC_016558
Upin_00024733	XLOC_016296	XLOC_016296
Upin_00024734	XLOC_016297	XLOC_016297
Upin_00025147	XLOC_016297	XLOC_016297
Upin_00024934	XLOC_016560	XLOC_016560
Upin_00024735	XLOC_016299	XLOC_016299
Upin_00025149	XLOC_016300	XLOC_016300
Upin_00024736	XLOC_016301	XLOC_016301
Upin_00025377	XLOC_016561	XLOC_016561
Upin_00025378	XLOC_016562	XLOC_016562
Upin_00024935	XLOC_016562	XLOC_016562
Upin_00024936	XLOC_016563	XLOC_016563
Upin_00024737	XLOC_016302	XLOC_016302
Upin_00024937	XLOC_016564	XLOC_016564
Upin_00024938	XLOC_016565	XLOC_016565
Upin_00025379	XLOC_016566	XLOC_016566
Upin_00024939	XLOC_016566	XLOC_016566
Upin_00024738	XLOC_016303	XLOC_016303
Upin_00024739	XLOC_016304	XLOC_016304
Upin_00025384	XLOC_016570	XLOC_016570
Upin_00025517	XLOC_016773	XLOC_016773
Upin_00025518	XLOC_016774	XLOC_016774
Upin_00025519	XLOC_016775	XLOC_016775
Upin_00025520	XLOC_016776	XLOC_016776
Upin_00025821	XLOC_016776	XLOC_016776
Upin_00025822	XLOC_016776	XLOC_016776
Upin_00025385	XLOC_016571	XLOC_016571
Upin_00025664	XLOC_016571	XLOC_016571
Upin_00025823	XLOC_016777	XLOC_016777
Upin_00025665	XLOC_016572	XLOC_016572
Upin_00025666	XLOC_016573	XLOC_016573
Upin_00025667	XLOC_016574	XLOC_016574
Upin_00025386	XLOC_016575	XLOC_016575
Upin_00025668	XLOC_016575	XLOC_016575
Upin_00025669	XLOC_016575	XLOC_016575
Upin_00025387	XLOC_016576	XLOC_016576
Upin_00025521	XLOC_016778	XLOC_016778
Upin_00025824	XLOC_016779	XLOC_016779
Upin_00025522	XLOC_016779	XLOC_016779
Upin_00025523	XLOC_016780	XLOC_016780
Upin_00025826	XLOC_016781	XLOC_016781
Upin_00025524	XLOC_016781	XLOC_016781
Upin_00025827	XLOC_016781	XLOC_016781
Upin_00025670	XLOC_016577	XLOC_016577
Upin_00025525	XLOC_016782	XLOC_016782
Upin_00025671	XLOC_016578	XLOC_016578
Upin_00025829	XLOC_016783	XLOC_016783
Upin_00025388	XLOC_016579	XLOC_016579
Upin_00025389	XLOC_016580	XLOC_016580
Upin_00025672	XLOC_016580	XLOC_016580
Upin_00025673	XLOC_016580	XLOC_016580
Upin_00025526	XLOC_016784	XLOC_016784
Upin_00025830	XLOC_016784	XLOC_016784
Upin_00025674	XLOC_016581	XLOC_016581
Upin_00025390	XLOC_016582	XLOC_016582
Upin_00025527	XLOC_016785	XLOC_016785
Upin_00025391	XLOC_016583	XLOC_016583
Upin_00025528	XLOC_016786	XLOC_016786
Upin_00025676	XLOC_016584	XLOC_016584
Upin_00025832	XLOC_016787	XLOC_016787
Upin_00025529	XLOC_016787	XLOC_016787
Upin_00025833	XLOC_016787	XLOC_016787
Upin_00025834	XLOC_016787	XLOC_016787
Upin_00025392	XLOC_016585	XLOC_016585
Upin_00025677	XLOC_016585	XLOC_016585
Upin_00025678	XLOC_016586	XLOC_016586
Upin_00025530	XLOC_016788	XLOC_016788
Upin_00025836	XLOC_016788	XLOC_016788
Upin_00025837	XLOC_016788	XLOC_016788
Upin_00025395	XLOC_016588	XLOC_016588
Upin_00025531	XLOC_016789	XLOC_016789
Upin_00025680	XLOC_016589	XLOC_016589
Upin_00025532	XLOC_016790	XLOC_016790
Upin_00025533	XLOC_016791	XLOC_016791
Upin_00025534	XLOC_016792	XLOC_016792
Upin_00025535	XLOC_016793	XLOC_016793
Upin_00025838	XLOC_016793	XLOC_016793
Upin_00025839	XLOC_016793	XLOC_016793
Upin_00025840	XLOC_016793	XLOC_016793
Upin_00025841	XLOC_016794	XLOC_016794
Upin_00025536	XLOC_016794	XLOC_016794
Upin_00025681	XLOC_016590	XLOC_016590
Upin_00025396	XLOC_016590	XLOC_016590
Upin_00025682	XLOC_016590	XLOC_016590
Upin_00025683	XLOC_016590	XLOC_016590
Upin_00025684	XLOC_016590	XLOC_016590
Upin_00025685	XLOC_016591	XLOC_016591
Upin_00025842	XLOC_016795	XLOC_016795
Upin_00025537	XLOC_016796	XLOC_016796
Upin_00025538	XLOC_016797	XLOC_016797
Upin_00025539	XLOC_016798	XLOC_016798
Upin_00025686	XLOC_016592	XLOC_016592
Upin_00025540	XLOC_016799	XLOC_016799
Upin_00025844	XLOC_016800	XLOC_016800
Upin_00025397	XLOC_016593	XLOC_016593
Upin_00025688	XLOC_016594	XLOC_016594
Upin_00025399	XLOC_016594	XLOC_016594
Upin_00025689	XLOC_016594	XLOC_016594
Upin_00025690	XLOC_016595	XLOC_016595
Upin_00025400	XLOC_016595	XLOC_016595
Upin_00025401	XLOC_016596	XLOC_016596
Upin_00025541	XLOC_016801	XLOC_016801
Upin_00025542	XLOC_016802	XLOC_016802
Upin_00025402	XLOC_016597	XLOC_016597
Upin_00025543	XLOC_016804	XLOC_016804
Upin_00025691	XLOC_016598	XLOC_016598
Upin_00025403	XLOC_016598	XLOC_016598
Upin_00025544	XLOC_016806	XLOC_016806
Upin_00025404	XLOC_016599	XLOC_016599
Upin_00025545	XLOC_016807	XLOC_016807
Upin_00025405	XLOC_016600	XLOC_016600
Upin_00025692	XLOC_016600	XLOC_016600
Upin_00025693	XLOC_016600	XLOC_016600
Upin_00025694	XLOC_016601	XLOC_016601
Upin_00025546	XLOC_016809	XLOC_016809
Upin_00025406	XLOC_016602	XLOC_016602
Upin_00025695	XLOC_016602	XLOC_016602
Upin_00025851	XLOC_016810	XLOC_016810
Upin_00025407	XLOC_016603	XLOC_016603
Upin_00025408	XLOC_016604	XLOC_016604
Upin_00025696	XLOC_016604	XLOC_016604
Upin_00025852	XLOC_016811	XLOC_016811
Upin_00025547	XLOC_016812	XLOC_016812
Upin_00025697	XLOC_016605	XLOC_016605
Upin_00025409	XLOC_016606	XLOC_016606
Upin_00025410	XLOC_016607	XLOC_016607
Upin_00025411	XLOC_016608	XLOC_016608
Upin_00025698	XLOC_016608	XLOC_016608
Upin_00025412	XLOC_016609	XLOC_016609
Upin_00025853	XLOC_016813	XLOC_016813
Upin_00025861	XLOC_016813	XLOC_016813
Upin_00025854	XLOC_016814	XLOC_016814
Upin_00025856	XLOC_016815	XLOC_016815
Upin_00025857	XLOC_016815	XLOC_016815
Upin_00025859	XLOC_016816	XLOC_016816
Upin_00025860	XLOC_016817	XLOC_016817
Upin_00025413	XLOC_016610	XLOC_016610
Upin_00025414	XLOC_016611	XLOC_016611
Upin_00025415	XLOC_016613	XLOC_016613
Upin_00025700	XLOC_016614	XLOC_016614
Upin_00025701	XLOC_016615	XLOC_016615
Upin_00025704	XLOC_016617	XLOC_016617
Upin_00025550	XLOC_016818	XLOC_016818
Upin_00025705	XLOC_016618	XLOC_016618
Upin_00025706	XLOC_016619	XLOC_016619
Upin_00025551	XLOC_016819	XLOC_016819
Upin_00025417	XLOC_016620	XLOC_016620
Upin_00025418	XLOC_016621	XLOC_016621
Upin_00025709	XLOC_016621	XLOC_016621
Upin_00025419	XLOC_016622	XLOC_016622
Upin_00025710	XLOC_016622	XLOC_016622
Upin_00025711	XLOC_016623	XLOC_016623
Upin_00025552	XLOC_016820	XLOC_016820
Upin_00025862	XLOC_016820	XLOC_016820
Upin_00025712	XLOC_016624	XLOC_016624
Upin_00025420	XLOC_016624	XLOC_016624
Upin_00025715	XLOC_016624	XLOC_016624
Upin_00025716	XLOC_016624	XLOC_016624
Upin_00025553	XLOC_016821	XLOC_016821
Upin_00025717	XLOC_016625	XLOC_016625
Upin_00025421	XLOC_016626	XLOC_016626
Upin_00025718	XLOC_016626	XLOC_016626
Upin_00025719	XLOC_016627	XLOC_016627
Upin_00025554	XLOC_016822	XLOC_016822
Upin_00025422	XLOC_016629	XLOC_016629
Upin_00025721	XLOC_016629	XLOC_016629
Upin_00025722	XLOC_016629	XLOC_016629
Upin_00025555	XLOC_016823	XLOC_016823
Upin_00025423	XLOC_016631	XLOC_016631
Upin_00025724	XLOC_016631	XLOC_016631
Upin_00025424	XLOC_016632	XLOC_016632
Upin_00025725	XLOC_016632	XLOC_016632
Upin_00025425	XLOC_016633	XLOC_016633
Upin_00025866	XLOC_016824	XLOC_016824
Upin_00025426	XLOC_016634	XLOC_016634
Upin_00025726	XLOC_016634	XLOC_016634
Upin_00025427	XLOC_016636	XLOC_016636
Upin_00025728	XLOC_016636	XLOC_016636
Upin_00025867	XLOC_016825	XLOC_016825
Upin_00025556	XLOC_016826	XLOC_016826
Upin_00025428	XLOC_016637	XLOC_016637
Upin_00025729	XLOC_016637	XLOC_016637
Upin_00025730	XLOC_016638	XLOC_016638
Upin_00025557	XLOC_016827	XLOC_016827
Upin_00025429	XLOC_016639	XLOC_016639
Upin_00025869	XLOC_016828	XLOC_016828
Upin_00025731	XLOC_016640	XLOC_016640
Upin_00025558	XLOC_016829	XLOC_016829
Upin_00025871	XLOC_016829	XLOC_016829
Upin_00025430	XLOC_016641	XLOC_016641
Upin_00025732	XLOC_016642	XLOC_016642
Upin_00025872	XLOC_016830	XLOC_016830
Upin_00025559	XLOC_016831	XLOC_016831
Upin_00025874	XLOC_016831	XLOC_016831
Upin_00025875	XLOC_016832	XLOC_016832
Upin_00025560	XLOC_016832	XLOC_016832
Upin_00025431	XLOC_016643	XLOC_016643
Upin_00025432	XLOC_016644	XLOC_016644
Upin_00025733	XLOC_016644	XLOC_016644
Upin_00025561	XLOC_016833	XLOC_016833
Upin_00025877	XLOC_016833	XLOC_016833
Upin_00025734	XLOC_016645	XLOC_016645
Upin_00025433	XLOC_016646	XLOC_016646
Upin_00025735	XLOC_016647	XLOC_016647
Upin_00025434	XLOC_016647	XLOC_016647
Upin_00025435	XLOC_016648	XLOC_016648
Upin_00025736	XLOC_016648	XLOC_016648
Upin_00025562	XLOC_016838	XLOC_016838
Upin_00025436	XLOC_016649	XLOC_016649
Upin_00025563	XLOC_016839	XLOC_016839
Upin_00025564	XLOC_016840	XLOC_016840
Upin_00025884	XLOC_016840	XLOC_016840
Upin_00025565	XLOC_016841	XLOC_016841
Upin_00025437	XLOC_016651	XLOC_016651
Upin_00025566	XLOC_016842	XLOC_016842
Upin_00025739	XLOC_016653	XLOC_016653
Upin_00025567	XLOC_016843	XLOC_016843
Upin_00025740	XLOC_016654	XLOC_016654
Upin_00025885	XLOC_016844	XLOC_016844
Upin_00025741	XLOC_016655	XLOC_016655
Upin_00025568	XLOC_016845	XLOC_016845
Upin_00025569	XLOC_016846	XLOC_016846
Upin_00025438	XLOC_016657	XLOC_016657
Upin_00025439	XLOC_016658	XLOC_016658
Upin_00025440	XLOC_016659	XLOC_016659
Upin_00025743	XLOC_016659	XLOC_016659
Upin_00025886	XLOC_016847	XLOC_016847
Upin_00025744	XLOC_016660	XLOC_016660
Upin_00025570	XLOC_016848	XLOC_016848
Upin_00025887	XLOC_016848	XLOC_016848
Upin_00025745	XLOC_016661	XLOC_016661
Upin_00025442	XLOC_016662	XLOC_016662
Upin_00025443	XLOC_016663	XLOC_016663
Upin_00025445	XLOC_016664	XLOC_016664
Upin_00025446	XLOC_016665	XLOC_016665
Upin_00025447	XLOC_016666	XLOC_016666
Upin_00025448	XLOC_016667	XLOC_016667
Upin_00025746	XLOC_016667	XLOC_016667
Upin_00025571	XLOC_016850	XLOC_016850
Upin_00025449	XLOC_016668	XLOC_016668
Upin_00025747	XLOC_016669	XLOC_016669
Upin_00025572	XLOC_016851	XLOC_016851
Upin_00025573	XLOC_016852	XLOC_016852
Upin_00025574	XLOC_016853	XLOC_016853
Upin_00025893	XLOC_016854	XLOC_016854
Upin_00025575	XLOC_016855	XLOC_016855
Upin_00025894	XLOC_016855	XLOC_016855
Upin_00025451	XLOC_016671	XLOC_016671
Upin_00025749	XLOC_016671	XLOC_016671
Upin_00025896	XLOC_016857	XLOC_016857
Upin_00025897	XLOC_016858	XLOC_016858
Upin_00025898	XLOC_016859	XLOC_016859
Upin_00025576	XLOC_016860	XLOC_016860
Upin_00025750	XLOC_016672	XLOC_016672
Upin_00025577	XLOC_016861	XLOC_016861
Upin_00025751	XLOC_016673	XLOC_016673
Upin_00025452	XLOC_016674	XLOC_016674
Upin_00025752	XLOC_016674	XLOC_016674
Upin_00025578	XLOC_016862	XLOC_016862
Upin_00025900	XLOC_016862	XLOC_016862
Upin_00025579	XLOC_016863	XLOC_016863
Upin_00025580	XLOC_016864	XLOC_016864
Upin_00025753	XLOC_016675	XLOC_016675
Upin_00025454	XLOC_016676	XLOC_016676
Upin_00025754	XLOC_016676	XLOC_016676
Upin_00025901	XLOC_016865	XLOC_016865
Upin_00025755	XLOC_016677	XLOC_016677
Upin_00025583	XLOC_016866	XLOC_016866
Upin_00025455	XLOC_016678	XLOC_016678
Upin_00025456	XLOC_016679	XLOC_016679
Upin_00025756	XLOC_016679	XLOC_016679
Upin_00025457	XLOC_016680	XLOC_016680
Upin_00025458	XLOC_016681	XLOC_016681
Upin_00025758	XLOC_016682	XLOC_016682
Upin_00025902	XLOC_016867	XLOC_016867
Upin_00025584	XLOC_016868	XLOC_016868
Upin_00025759	XLOC_016683	XLOC_016683
Upin_00025760	XLOC_016684	XLOC_016684
Upin_00025761	XLOC_016685	XLOC_016685
Upin_00025459	XLOC_016685	XLOC_016685
Upin_00025762	XLOC_016685	XLOC_016685
Upin_00025586	XLOC_016870	XLOC_016870
Upin_00025763	XLOC_016686	XLOC_016686
Upin_00025587	XLOC_016872	XLOC_016872
Upin_00025764	XLOC_016687	XLOC_016687
Upin_00025588	XLOC_016873	XLOC_016873
Upin_00025589	XLOC_016874	XLOC_016874
Upin_00025765	XLOC_016688	XLOC_016688
Upin_00025590	XLOC_016875	XLOC_016875
Upin_00025460	XLOC_016689	XLOC_016689
Upin_00025591	XLOC_016877	XLOC_016877
Upin_00025909	XLOC_016877	XLOC_016877
Upin_00025766	XLOC_016690	XLOC_016690
Upin_00025461	XLOC_016690	XLOC_016690
Upin_00025592	XLOC_016878	XLOC_016878
Upin_00025462	XLOC_016692	XLOC_016692
Upin_00025911	XLOC_016880	XLOC_016880
Upin_00025769	XLOC_016693	XLOC_016693
Upin_00025594	XLOC_016881	XLOC_016881
Upin_00025770	XLOC_016694	XLOC_016694
Upin_00025915	XLOC_016882	XLOC_016882
Upin_00025595	XLOC_016883	XLOC_016883
Upin_00025463	XLOC_016695	XLOC_016695
Upin_00025464	XLOC_016696	XLOC_016696
Upin_00025771	XLOC_016696	XLOC_016696
Upin_00025596	XLOC_016884	XLOC_016884
Upin_00025465	XLOC_016697	XLOC_016697
Upin_00025597	XLOC_016885	XLOC_016885
Upin_00025598	XLOC_016886	XLOC_016886
Upin_00025466	XLOC_016698	XLOC_016698
Upin_00025467	XLOC_016699	XLOC_016699
Upin_00025772	XLOC_016699	XLOC_016699
Upin_00025468	XLOC_016700	XLOC_016700
Upin_00025469	XLOC_016701	XLOC_016701
Upin_00025920	XLOC_016887	XLOC_016887
Upin_00025599	XLOC_016888	XLOC_016888
Upin_00025600	XLOC_016890	XLOC_016890
Upin_00025601	XLOC_016891	XLOC_016891
Upin_00025774	XLOC_016703	XLOC_016703
Upin_00025923	XLOC_016892	XLOC_016892
Upin_00025602	XLOC_016893	XLOC_016893
Upin_00025471	XLOC_016704	XLOC_016704
Upin_00025775	XLOC_016704	XLOC_016704
Upin_00025776	XLOC_016704	XLOC_016704
Upin_00025472	XLOC_016705	XLOC_016705
Upin_00025777	XLOC_016705	XLOC_016705
Upin_00025603	XLOC_016894	XLOC_016894
Upin_00025473	XLOC_016706	XLOC_016706
Upin_00025778	XLOC_016706	XLOC_016706
Upin_00025779	XLOC_016706	XLOC_016706
Upin_00025604	XLOC_016895	XLOC_016895
Upin_00025605	XLOC_016896	XLOC_016896
Upin_00025475	XLOC_016708	XLOC_016708
Upin_00025927	XLOC_016897	XLOC_016897
Upin_00025476	XLOC_016710	XLOC_016710
Upin_00025477	XLOC_016711	XLOC_016711
Upin_00025478	XLOC_016713	XLOC_016713
Upin_00025479	XLOC_016714	XLOC_016714
Upin_00025782	XLOC_016715	XLOC_016715
Upin_00025606	XLOC_016899	XLOC_016899
Upin_00025783	XLOC_016716	XLOC_016716
Upin_00025784	XLOC_016717	XLOC_016717
Upin_00025785	XLOC_016718	XLOC_016718
Upin_00025786	XLOC_016719	XLOC_016719
Upin_00025607	XLOC_016900	XLOC_016900
Upin_00025608	XLOC_016901	XLOC_016901
Upin_00025480	XLOC_016720	XLOC_016720
Upin_00025787	XLOC_016720	XLOC_016720
Upin_00025788	XLOC_016721	XLOC_016721
Upin_00025609	XLOC_016902	XLOC_016902
Upin_00025789	XLOC_016722	XLOC_016722
Upin_00025610	XLOC_016903	XLOC_016903
Upin_00025790	XLOC_016723	XLOC_016723
Upin_00025611	XLOC_016904	XLOC_016904
Upin_00025791	XLOC_016724	XLOC_016724
Upin_00025481	XLOC_016724	XLOC_016724
Upin_00025612	XLOC_016905	XLOC_016905
Upin_00025934	XLOC_016906	XLOC_016906
Upin_00025613	XLOC_016907	XLOC_016907
Upin_00025940	XLOC_016908	XLOC_016908
Upin_00025482	XLOC_016725	XLOC_016725
Upin_00025792	XLOC_016725	XLOC_016725
Upin_00025614	XLOC_016909	XLOC_016909
Upin_00025615	XLOC_016910	XLOC_016910
Upin_00025616	XLOC_016911	XLOC_016911
Upin_00025941	XLOC_016911	XLOC_016911
Upin_00025793	XLOC_016726	XLOC_016726
Upin_00025942	XLOC_016912	XLOC_016912
Upin_00025617	XLOC_016913	XLOC_016913
Upin_00025945	XLOC_016913	XLOC_016913
Upin_00025794	XLOC_016727	XLOC_016727
Upin_00025483	XLOC_016728	XLOC_016728
Upin_00025795	XLOC_016728	XLOC_016728
Upin_00025946	XLOC_016914	XLOC_016914
Upin_00025618	XLOC_016915	XLOC_016915
Upin_00025619	XLOC_016916	XLOC_016916
Upin_00025620	XLOC_016917	XLOC_016917
Upin_00025621	XLOC_016918	XLOC_016918
Upin_00025947	XLOC_016918	XLOC_016918
Upin_00025484	XLOC_016729	XLOC_016729
Upin_00025948	XLOC_016919	XLOC_016919
Upin_00025949	XLOC_016920	XLOC_016920
Upin_00025622	XLOC_016920	XLOC_016920
Upin_00025623	XLOC_016921	XLOC_016921
Upin_00025624	XLOC_016922	XLOC_016922
Upin_00025625	XLOC_016924	XLOC_016924
Upin_00025626	XLOC_016925	XLOC_016925
Upin_00025796	XLOC_016730	XLOC_016730
Upin_00025485	XLOC_016731	XLOC_016731
Upin_00025797	XLOC_016731	XLOC_016731
Upin_00025627	XLOC_016926	XLOC_016926
Upin_00025486	XLOC_016732	XLOC_016732
Upin_00025798	XLOC_016733	XLOC_016733
Upin_00025488	XLOC_016734	XLOC_016734
Upin_00025799	XLOC_016735	XLOC_016735
Upin_00025628	XLOC_016928	XLOC_016928
Upin_00025489	XLOC_016736	XLOC_016736
Upin_00025629	XLOC_016929	XLOC_016929
Upin_00025490	XLOC_016737	XLOC_016737
Upin_00025800	XLOC_016737	XLOC_016737
Upin_00025491	XLOC_016738	XLOC_016738
Upin_00025801	XLOC_016738	XLOC_016738
Upin_00025802	XLOC_016739	XLOC_016739
Upin_00025492	XLOC_016740	XLOC_016740
Upin_00025631	XLOC_016930	XLOC_016930
Upin_00025958	XLOC_016930	XLOC_016930
Upin_00025803	XLOC_016741	XLOC_016741
Upin_00025632	XLOC_016931	XLOC_016931
Upin_00025959	XLOC_016932	XLOC_016932
Upin_00025804	XLOC_016742	XLOC_016742
Upin_00025493	XLOC_016743	XLOC_016743
Upin_00025633	XLOC_016933	XLOC_016933
Upin_00025960	XLOC_016933	XLOC_016933
Upin_00025634	XLOC_016934	XLOC_016934
Upin_00025494	XLOC_016744	XLOC_016744
Upin_00025805	XLOC_016744	XLOC_016744
Upin_00025635	XLOC_016936	XLOC_016936
Upin_00025962	XLOC_016936	XLOC_016936
Upin_00025806	XLOC_016745	XLOC_016745
Upin_00025495	XLOC_016745	XLOC_016745
Upin_00025807	XLOC_016745	XLOC_016745
Upin_00025636	XLOC_016937	XLOC_016937
Upin_00025496	XLOC_016746	XLOC_016746
Upin_00025808	XLOC_016746	XLOC_016746
Upin_00025964	XLOC_016938	XLOC_016938
Upin_00025637	XLOC_016939	XLOC_016939
Upin_00025966	XLOC_016939	XLOC_016939
Upin_00025967	XLOC_016940	XLOC_016940
Upin_00025809	XLOC_016747	XLOC_016747
Upin_00025639	XLOC_016941	XLOC_016941
Upin_00025810	XLOC_016748	XLOC_016748
Upin_00025498	XLOC_016749	XLOC_016749
Upin_00025499	XLOC_016750	XLOC_016750
Upin_00025640	XLOC_016942	XLOC_016942
Upin_00025641	XLOC_016943	XLOC_016943
Upin_00025970	XLOC_016944	XLOC_016944
Upin_00025500	XLOC_016752	XLOC_016752
Upin_00025642	XLOC_016945	XLOC_016945
Upin_00025501	XLOC_016753	XLOC_016753
Upin_00025502	XLOC_016754	XLOC_016754
Upin_00025971	XLOC_016946	XLOC_016946
Upin_00025503	XLOC_016755	XLOC_016755
Upin_00025643	XLOC_016947	XLOC_016947
Upin_00025644	XLOC_016948	XLOC_016948
Upin_00025972	XLOC_016949	XLOC_016949
Upin_00025504	XLOC_016756	XLOC_016756
Upin_00025814	XLOC_016757	XLOC_016757
Upin_00025973	XLOC_016950	XLOC_016950
Upin_00025646	XLOC_016950	XLOC_016950
Upin_00025505	XLOC_016758	XLOC_016758
Upin_00025815	XLOC_016758	XLOC_016758
Upin_00025647	XLOC_016951	XLOC_016951
Upin_00025975	XLOC_016952	XLOC_016952
Upin_00025816	XLOC_016759	XLOC_016759
Upin_00025648	XLOC_016953	XLOC_016953
Upin_00025649	XLOC_016954	XLOC_016954
Upin_00025650	XLOC_016955	XLOC_016955
Upin_00025976	XLOC_016955	XLOC_016955
Upin_00025977	XLOC_016955	XLOC_016955
Upin_00025506	XLOC_016760	XLOC_016760
Upin_00025978	XLOC_016956	XLOC_016956
Upin_00025651	XLOC_016956	XLOC_016956
Upin_00025979	XLOC_016956	XLOC_016956
Upin_00025980	XLOC_016957	XLOC_016957
Upin_00025981	XLOC_016958	XLOC_016958
Upin_00025507	XLOC_016761	XLOC_016761
Upin_00025653	XLOC_016959	XLOC_016959
Upin_00025508	XLOC_016762	XLOC_016762
Upin_00025654	XLOC_016960	XLOC_016960
Upin_00025509	XLOC_016763	XLOC_016763
Upin_00025983	XLOC_016961	XLOC_016961
Upin_00025818	XLOC_016764	XLOC_016764
Upin_00025655	XLOC_016962	XLOC_016962
Upin_00025510	XLOC_016766	XLOC_016766
Upin_00025656	XLOC_016963	XLOC_016963
Upin_00025511	XLOC_016767	XLOC_016767
Upin_00025657	XLOC_016964	XLOC_016964
Upin_00025984	XLOC_016965	XLOC_016965
Upin_00025512	XLOC_016768	XLOC_016768
Upin_00025658	XLOC_016968	XLOC_016968
Upin_00025659	XLOC_016969	XLOC_016969
Upin_00025820	XLOC_016769	XLOC_016769
Upin_00025513	XLOC_016769	XLOC_016769
Upin_00025514	XLOC_016770	XLOC_016770
Upin_00025660	XLOC_016970	XLOC_016970
Upin_00025661	XLOC_016971	XLOC_016971
Upin_00025515	XLOC_016771	XLOC_016771
Upin_00025662	XLOC_016972	XLOC_016972
Upin_00025516	XLOC_016772	XLOC_016772
Upin_00026099	XLOC_017158	XLOC_017158
Upin_00026100	XLOC_017159	XLOC_017159
Upin_00026358	XLOC_017159	XLOC_017159
Upin_00026216	XLOC_016975	XLOC_016975
Upin_00026217	XLOC_016976	XLOC_016976
Upin_00026218	XLOC_016977	XLOC_016977
Upin_00025988	XLOC_016978	XLOC_016978
Upin_00025989	XLOC_016979	XLOC_016979
Upin_00026219	XLOC_016979	XLOC_016979
Upin_00026359	XLOC_017160	XLOC_017160
Upin_00026101	XLOC_017161	XLOC_017161
Upin_00025990	XLOC_016980	XLOC_016980
Upin_00025991	XLOC_016981	XLOC_016981
Upin_00026220	XLOC_016981	XLOC_016981
Upin_00026102	XLOC_017163	XLOC_017163
Upin_00025992	XLOC_016982	XLOC_016982
Upin_00025993	XLOC_016983	XLOC_016983
Upin_00026103	XLOC_017164	XLOC_017164
Upin_00026223	XLOC_016984	XLOC_016984
Upin_00026104	XLOC_017165	XLOC_017165
Upin_00026361	XLOC_017166	XLOC_017166
Upin_00026362	XLOC_017167	XLOC_017167
Upin_00026105	XLOC_017168	XLOC_017168
Upin_00026363	XLOC_017169	XLOC_017169
Upin_00026106	XLOC_017170	XLOC_017170
Upin_00025994	XLOC_016985	XLOC_016985
Upin_00026224	XLOC_016985	XLOC_016985
Upin_00026225	XLOC_016986	XLOC_016986
Upin_00026226	XLOC_016986	XLOC_016986
Upin_00025995	XLOC_016987	XLOC_016987
Upin_00026364	XLOC_017171	XLOC_017171
Upin_00026365	XLOC_017172	XLOC_017172
Upin_00026366	XLOC_017173	XLOC_017173
Upin_00026107	XLOC_017173	XLOC_017173
Upin_00025996	XLOC_016988	XLOC_016988
Upin_00026108	XLOC_017174	XLOC_017174
Upin_00026109	XLOC_017175	XLOC_017175
Upin_00025997	XLOC_016989	XLOC_016989
Upin_00026367	XLOC_017176	XLOC_017176
Upin_00026110	XLOC_017176	XLOC_017176
Upin_00026228	XLOC_016990	XLOC_016990
Upin_00026229	XLOC_016991	XLOC_016991
Upin_00026368	XLOC_017177	XLOC_017177
Upin_00026111	XLOC_017177	XLOC_017177
Upin_00026369	XLOC_017177	XLOC_017177
Upin_00026230	XLOC_016992	XLOC_016992
Upin_00026112	XLOC_017178	XLOC_017178
Upin_00026233	XLOC_016994	XLOC_016994
Upin_00026234	XLOC_016994	XLOC_016994
Upin_00026370	XLOC_017179	XLOC_017179
Upin_00026113	XLOC_017179	XLOC_017179
Upin_00026235	XLOC_016995	XLOC_016995
Upin_00026114	XLOC_017180	XLOC_017180
Upin_00025999	XLOC_016996	XLOC_016996
Upin_00026237	XLOC_016996	XLOC_016996
Upin_00026000	XLOC_016997	XLOC_016997
Upin_00026371	XLOC_017181	XLOC_017181
Upin_00026001	XLOC_016998	XLOC_016998
Upin_00026115	XLOC_017182	XLOC_017182
Upin_00026002	XLOC_016999	XLOC_016999
Upin_00026240	XLOC_016999	XLOC_016999
Upin_00026372	XLOC_017183	XLOC_017183
Upin_00026241	XLOC_017000	XLOC_017000
Upin_00026116	XLOC_017184	XLOC_017184
Upin_00026003	XLOC_017001	XLOC_017001
Upin_00026242	XLOC_017001	XLOC_017001
Upin_00026004	XLOC_017003	XLOC_017003
Upin_00026117	XLOC_017185	XLOC_017185
Upin_00026118	XLOC_017186	XLOC_017186
Upin_00026373	XLOC_017186	XLOC_017186
Upin_00026005	XLOC_017004	XLOC_017004
Upin_00026244	XLOC_017005	XLOC_017005
Upin_00026374	XLOC_017187	XLOC_017187
Upin_00026119	XLOC_017188	XLOC_017188
Upin_00026375	XLOC_017188	XLOC_017188
Upin_00026120	XLOC_017189	XLOC_017189
Upin_00026376	XLOC_017189	XLOC_017189
Upin_00026246	XLOC_017007	XLOC_017007
Upin_00026377	XLOC_017190	XLOC_017190
Upin_00026006	XLOC_017008	XLOC_017008
Upin_00026378	XLOC_017191	XLOC_017191
Upin_00026379	XLOC_017192	XLOC_017192
Upin_00026247	XLOC_017009	XLOC_017009
Upin_00026248	XLOC_017010	XLOC_017010
Upin_00026380	XLOC_017193	XLOC_017193
Upin_00026007	XLOC_017011	XLOC_017011
Upin_00026008	XLOC_017012	XLOC_017012
Upin_00026009	XLOC_017013	XLOC_017013
Upin_00026010	XLOC_017014	XLOC_017014
Upin_00026011	XLOC_017015	XLOC_017015
Upin_00026012	XLOC_017016	XLOC_017016
Upin_00026381	XLOC_017194	XLOC_017194
Upin_00026382	XLOC_017195	XLOC_017195
Upin_00026013	XLOC_017017	XLOC_017017
Upin_00026383	XLOC_017196	XLOC_017196
Upin_00026121	XLOC_017196	XLOC_017196
Upin_00026384	XLOC_017196	XLOC_017196
Upin_00026122	XLOC_017197	XLOC_017197
Upin_00026385	XLOC_017198	XLOC_017198
Upin_00026123	XLOC_017199	XLOC_017199
Upin_00026014	XLOC_017018	XLOC_017018
Upin_00026015	XLOC_017019	XLOC_017019
Upin_00026386	XLOC_017200	XLOC_017200
Upin_00026016	XLOC_017020	XLOC_017020
Upin_00026017	XLOC_017022	XLOC_017022
Upin_00026018	XLOC_017023	XLOC_017023
Upin_00026125	XLOC_017201	XLOC_017201
Upin_00026387	XLOC_017201	XLOC_017201
Upin_00026019	XLOC_017024	XLOC_017024
Upin_00026388	XLOC_017202	XLOC_017202
Upin_00026020	XLOC_017025	XLOC_017025
Upin_00026021	XLOC_017026	XLOC_017026
Upin_00026389	XLOC_017203	XLOC_017203
Upin_00026126	XLOC_017203	XLOC_017203
Upin_00026252	XLOC_017027	XLOC_017027
Upin_00026127	XLOC_017204	XLOC_017204
Upin_00026390	XLOC_017204	XLOC_017204
Upin_00026022	XLOC_017028	XLOC_017028
Upin_00026254	XLOC_017028	XLOC_017028
Upin_00026023	XLOC_017029	XLOC_017029
Upin_00026128	XLOC_017205	XLOC_017205
Upin_00026024	XLOC_017030	XLOC_017030
Upin_00026256	XLOC_017030	XLOC_017030
Upin_00026025	XLOC_017031	XLOC_017031
Upin_00026129	XLOC_017206	XLOC_017206
Upin_00026130	XLOC_017207	XLOC_017207
Upin_00026131	XLOC_017208	XLOC_017208
Upin_00026026	XLOC_017033	XLOC_017033
Upin_00026258	XLOC_017033	XLOC_017033
Upin_00026261	XLOC_017036	XLOC_017036
Upin_00026132	XLOC_017211	XLOC_017211
Upin_00026393	XLOC_017212	XLOC_017212
Upin_00026133	XLOC_017213	XLOC_017213
Upin_00026262	XLOC_017037	XLOC_017037
Upin_00026028	XLOC_017038	XLOC_017038
Upin_00026134	XLOC_017214	XLOC_017214
Upin_00026135	XLOC_017215	XLOC_017215
Upin_00026136	XLOC_017216	XLOC_017216
Upin_00026137	XLOC_017217	XLOC_017217
Upin_00026138	XLOC_017218	XLOC_017218
Upin_00026394	XLOC_017219	XLOC_017219
Upin_00026029	XLOC_017040	XLOC_017040
Upin_00026139	XLOC_017220	XLOC_017220
Upin_00026140	XLOC_017221	XLOC_017221
Upin_00026395	XLOC_017222	XLOC_017222
Upin_00026141	XLOC_017223	XLOC_017223
Upin_00026396	XLOC_017223	XLOC_017223
Upin_00026030	XLOC_017042	XLOC_017042
Upin_00026142	XLOC_017224	XLOC_017224
Upin_00026031	XLOC_017043	XLOC_017043
Upin_00026397	XLOC_017225	XLOC_017225
Upin_00026143	XLOC_017226	XLOC_017226
Upin_00026398	XLOC_017226	XLOC_017226
Upin_00026032	XLOC_017044	XLOC_017044
Upin_00026033	XLOC_017045	XLOC_017045
Upin_00026266	XLOC_017046	XLOC_017046
Upin_00026267	XLOC_017047	XLOC_017047
Upin_00026399	XLOC_017227	XLOC_017227
Upin_00026268	XLOC_017048	XLOC_017048
Upin_00026400	XLOC_017228	XLOC_017228
Upin_00026144	XLOC_017228	XLOC_017228
Upin_00026145	XLOC_017229	XLOC_017229
Upin_00026034	XLOC_017049	XLOC_017049
Upin_00026147	XLOC_017230	XLOC_017230
Upin_00026401	XLOC_017231	XLOC_017231
Upin_00026149	XLOC_017232	XLOC_017232
Upin_00026150	XLOC_017233	XLOC_017233
Upin_00026402	XLOC_017234	XLOC_017234
Upin_00026403	XLOC_017235	XLOC_017235
Upin_00026152	XLOC_017236	XLOC_017236
Upin_00026153	XLOC_017237	XLOC_017237
Upin_00026154	XLOC_017238	XLOC_017238
Upin_00026269	XLOC_017050	XLOC_017050
Upin_00026036	XLOC_017050	XLOC_017050
Upin_00026155	XLOC_017239	XLOC_017239
Upin_00026156	XLOC_017240	XLOC_017240
Upin_00026157	XLOC_017241	XLOC_017241
Upin_00026404	XLOC_017241	XLOC_017241
Upin_00026271	XLOC_017051	XLOC_017051
Upin_00026038	XLOC_017051	XLOC_017051
Upin_00026272	XLOC_017051	XLOC_017051
Upin_00026039	XLOC_017052	XLOC_017052
Upin_00026405	XLOC_017242	XLOC_017242
Upin_00026406	XLOC_017243	XLOC_017243
Upin_00026040	XLOC_017053	XLOC_017053
Upin_00026041	XLOC_017054	XLOC_017054
Upin_00026158	XLOC_017244	XLOC_017244
Upin_00026042	XLOC_017055	XLOC_017055
Upin_00026159	XLOC_017245	XLOC_017245
Upin_00026160	XLOC_017246	XLOC_017246
Upin_00026161	XLOC_017247	XLOC_017247
Upin_00026043	XLOC_017056	XLOC_017056
Upin_00026275	XLOC_017057	XLOC_017057
Upin_00026162	XLOC_017248	XLOC_017248
Upin_00026407	XLOC_017249	XLOC_017249
Upin_00026276	XLOC_017058	XLOC_017058
Upin_00026163	XLOC_017250	XLOC_017250
Upin_00026164	XLOC_017251	XLOC_017251
Upin_00026044	XLOC_017060	XLOC_017060
Upin_00026278	XLOC_017060	XLOC_017060
Upin_00026280	XLOC_017061	XLOC_017061
Upin_00026165	XLOC_017252	XLOC_017252
Upin_00026281	XLOC_017062	XLOC_017062
Upin_00026282	XLOC_017063	XLOC_017063
Upin_00026166	XLOC_017253	XLOC_017253
Upin_00026409	XLOC_017253	XLOC_017253
Upin_00026045	XLOC_017064	XLOC_017064
Upin_00026046	XLOC_017065	XLOC_017065
Upin_00026283	XLOC_017066	XLOC_017066
Upin_00026410	XLOC_017254	XLOC_017254
Upin_00026284	XLOC_017067	XLOC_017067
Upin_00026285	XLOC_017067	XLOC_017067
Upin_00026411	XLOC_017255	XLOC_017255
Upin_00026047	XLOC_017068	XLOC_017068
Upin_00026412	XLOC_017256	XLOC_017256
Upin_00026413	XLOC_017257	XLOC_017257
Upin_00026289	XLOC_017069	XLOC_017069
Upin_00026414	XLOC_017258	XLOC_017258
Upin_00026048	XLOC_017070	XLOC_017070
Upin_00026415	XLOC_017259	XLOC_017259
Upin_00026049	XLOC_017071	XLOC_017071
Upin_00026050	XLOC_017072	XLOC_017072
Upin_00026416	XLOC_017260	XLOC_017260
Upin_00026417	XLOC_017261	XLOC_017261
Upin_00026418	XLOC_017262	XLOC_017262
Upin_00026419	XLOC_017263	XLOC_017263
Upin_00026292	XLOC_017073	XLOC_017073
Upin_00026420	XLOC_017264	XLOC_017264
Upin_00026293	XLOC_017074	XLOC_017074
Upin_00026167	XLOC_017265	XLOC_017265
Upin_00026051	XLOC_017075	XLOC_017075
Upin_00026294	XLOC_017076	XLOC_017076
Upin_00026421	XLOC_017266	XLOC_017266
Upin_00026422	XLOC_017267	XLOC_017267
Upin_00026168	XLOC_017268	XLOC_017268
Upin_00026169	XLOC_017269	XLOC_017269
Upin_00026423	XLOC_017269	XLOC_017269
Upin_00026052	XLOC_017079	XLOC_017079
Upin_00026170	XLOC_017270	XLOC_017270
Upin_00026424	XLOC_017270	XLOC_017270
Upin_00026426	XLOC_017272	XLOC_017272
Upin_00026053	XLOC_017081	XLOC_017081
Upin_00026171	XLOC_017273	XLOC_017273
Upin_00026427	XLOC_017273	XLOC_017273
Upin_00026299	XLOC_017082	XLOC_017082
Upin_00026300	XLOC_017083	XLOC_017083
Upin_00026172	XLOC_017274	XLOC_017274
Upin_00026428	XLOC_017274	XLOC_017274
Upin_00026302	XLOC_017085	XLOC_017085
Upin_00026173	XLOC_017275	XLOC_017275
Upin_00026429	XLOC_017275	XLOC_017275
Upin_00026174	XLOC_017276	XLOC_017276
Upin_00026175	XLOC_017277	XLOC_017277
Upin_00026054	XLOC_017086	XLOC_017086
Upin_00026303	XLOC_017087	XLOC_017087
Upin_00026176	XLOC_017278	XLOC_017278
Upin_00026304	XLOC_017088	XLOC_017088
Upin_00026056	XLOC_017088	XLOC_017088
Upin_00026431	XLOC_017279	XLOC_017279
Upin_00026177	XLOC_017279	XLOC_017279
Upin_00026305	XLOC_017089	XLOC_017089
Upin_00026306	XLOC_017090	XLOC_017090
Upin_00026057	XLOC_017091	XLOC_017091
Upin_00026308	XLOC_017091	XLOC_017091
Upin_00026058	XLOC_017092	XLOC_017092
Upin_00026059	XLOC_017093	XLOC_017093
Upin_00026432	XLOC_017280	XLOC_017280
Upin_00026060	XLOC_017094	XLOC_017094
Upin_00026433	XLOC_017282	XLOC_017282
Upin_00026180	XLOC_017282	XLOC_017282
Upin_00026310	XLOC_017096	XLOC_017096
Upin_00026434	XLOC_017283	XLOC_017283
Upin_00026061	XLOC_017097	XLOC_017097
Upin_00026313	XLOC_017097	XLOC_017097
Upin_00026435	XLOC_017284	XLOC_017284
Upin_00026315	XLOC_017098	XLOC_017098
Upin_00026317	XLOC_017100	XLOC_017100
Upin_00026062	XLOC_017101	XLOC_017101
Upin_00026318	XLOC_017101	XLOC_017101
Upin_00026321	XLOC_017101	XLOC_017101
Upin_00026322	XLOC_017102	XLOC_017102
Upin_00026323	XLOC_017103	XLOC_017103
Upin_00026181	XLOC_017285	XLOC_017285
Upin_00026436	XLOC_017285	XLOC_017285
Upin_00026182	XLOC_017286	XLOC_017286
Upin_00026437	XLOC_017286	XLOC_017286
Upin_00026438	XLOC_017286	XLOC_017286
Upin_00026063	XLOC_017104	XLOC_017104
Upin_00026064	XLOC_017105	XLOC_017105
Upin_00026324	XLOC_017106	XLOC_017106
Upin_00026439	XLOC_017287	XLOC_017287
Upin_00026184	XLOC_017288	XLOC_017288
Upin_00026440	XLOC_017288	XLOC_017288
Upin_00026065	XLOC_017109	XLOC_017109
Upin_00026328	XLOC_017109	XLOC_017109
Upin_00026441	XLOC_017289	XLOC_017289
Upin_00026185	XLOC_017289	XLOC_017289
Upin_00026442	XLOC_017289	XLOC_017289
Upin_00026329	XLOC_017110	XLOC_017110
Upin_00026186	XLOC_017290	XLOC_017290
Upin_00026443	XLOC_017290	XLOC_017290
Upin_00026066	XLOC_017111	XLOC_017111
Upin_00026330	XLOC_017111	XLOC_017111
Upin_00026331	XLOC_017112	XLOC_017112
Upin_00026187	XLOC_017291	XLOC_017291
Upin_00026067	XLOC_017113	XLOC_017113
Upin_00026188	XLOC_017292	XLOC_017292
Upin_00026444	XLOC_017292	XLOC_017292
Upin_00026445	XLOC_017292	XLOC_017292
Upin_00026068	XLOC_017114	XLOC_017114
Upin_00026189	XLOC_017293	XLOC_017293
Upin_00026447	XLOC_017294	XLOC_017294
Upin_00026190	XLOC_017295	XLOC_017295
Upin_00026448	XLOC_017296	XLOC_017296
Upin_00026191	XLOC_017296	XLOC_017296
Upin_00026069	XLOC_017115	XLOC_017115
Upin_00026192	XLOC_017297	XLOC_017297
Upin_00026194	XLOC_017299	XLOC_017299
Upin_00026332	XLOC_017116	XLOC_017116
Upin_00026070	XLOC_017117	XLOC_017117
Upin_00026195	XLOC_017300	XLOC_017300
Upin_00026335	XLOC_017120	XLOC_017120
Upin_00026071	XLOC_017121	XLOC_017121
Upin_00026449	XLOC_017301	XLOC_017301
Upin_00026450	XLOC_017301	XLOC_017301
Upin_00026336	XLOC_017122	XLOC_017122
Upin_00026337	XLOC_017123	XLOC_017123
Upin_00026338	XLOC_017123	XLOC_017123
Upin_00026072	XLOC_017124	XLOC_017124
Upin_00026196	XLOC_017302	XLOC_017302
Upin_00026197	XLOC_017303	XLOC_017303
Upin_00026073	XLOC_017125	XLOC_017125
Upin_00026198	XLOC_017304	XLOC_017304
Upin_00026451	XLOC_017305	XLOC_017305
Upin_00026074	XLOC_017126	XLOC_017126
Upin_00026339	XLOC_017126	XLOC_017126
Upin_00026340	XLOC_017127	XLOC_017127
Upin_00026452	XLOC_017306	XLOC_017306
Upin_00026199	XLOC_017306	XLOC_017306
Upin_00026453	XLOC_017306	XLOC_017306
Upin_00026454	XLOC_017306	XLOC_017306
Upin_00026076	XLOC_017128	XLOC_017128
Upin_00026341	XLOC_017129	XLOC_017129
Upin_00026077	XLOC_017130	XLOC_017130
Upin_00026344	XLOC_017131	XLOC_017131
Upin_00026078	XLOC_017132	XLOC_017132
Upin_00026200	XLOC_017307	XLOC_017307
Upin_00026079	XLOC_017133	XLOC_017133
Upin_00026080	XLOC_017134	XLOC_017134
Upin_00026345	XLOC_017134	XLOC_017134
Upin_00026202	XLOC_017308	XLOC_017308
Upin_00026081	XLOC_017135	XLOC_017135
Upin_00026203	XLOC_017309	XLOC_017309
Upin_00026082	XLOC_017136	XLOC_017136
Upin_00026083	XLOC_017137	XLOC_017137
Upin_00026456	XLOC_017310	XLOC_017310
Upin_00026457	XLOC_017311	XLOC_017311
Upin_00026204	XLOC_017312	XLOC_017312
Upin_00026458	XLOC_017312	XLOC_017312
Upin_00026459	XLOC_017312	XLOC_017312
Upin_00026347	XLOC_017138	XLOC_017138
Upin_00026348	XLOC_017138	XLOC_017138
Upin_00026460	XLOC_017313	XLOC_017313
Upin_00026084	XLOC_017139	XLOC_017139
Upin_00026085	XLOC_017140	XLOC_017140
Upin_00026086	XLOC_017141	XLOC_017141
Upin_00026087	XLOC_017142	XLOC_017142
Upin_00026205	XLOC_017314	XLOC_017314
Upin_00026349	XLOC_017143	XLOC_017143
Upin_00026350	XLOC_017144	XLOC_017144
Upin_00026206	XLOC_017315	XLOC_017315
Upin_00026351	XLOC_017145	XLOC_017145
Upin_00026088	XLOC_017146	XLOC_017146
Upin_00026352	XLOC_017147	XLOC_017147
Upin_00026089	XLOC_017148	XLOC_017148
Upin_00026207	XLOC_017316	XLOC_017316
Upin_00026461	XLOC_017316	XLOC_017316
Upin_00026090	XLOC_017149	XLOC_017149
Upin_00026353	XLOC_017149	XLOC_017149
Upin_00026462	XLOC_017317	XLOC_017317
Upin_00026208	XLOC_017317	XLOC_017317
Upin_00026463	XLOC_017317	XLOC_017317
Upin_00026464	XLOC_017317	XLOC_017317
Upin_00026209	XLOC_017318	XLOC_017318
Upin_00026210	XLOC_017319	XLOC_017319
Upin_00026211	XLOC_017320	XLOC_017320
Upin_00026465	XLOC_017320	XLOC_017320
Upin_00026214	XLOC_017321	XLOC_017321
Upin_00026466	XLOC_017321	XLOC_017321
Upin_00026091	XLOC_017150	XLOC_017150
Upin_00026354	XLOC_017151	XLOC_017151
Upin_00026092	XLOC_017151	XLOC_017151
Upin_00026093	XLOC_017152	XLOC_017152
Upin_00026467	XLOC_017322	XLOC_017322
Upin_00026355	XLOC_017153	XLOC_017153
Upin_00026468	XLOC_017323	XLOC_017323
Upin_00026215	XLOC_017324	XLOC_017324
Upin_00026096	XLOC_017155	XLOC_017155
Upin_00026356	XLOC_017155	XLOC_017155
Upin_00026357	XLOC_017156	XLOC_017156
Upin_00026097	XLOC_017156	XLOC_017156
Upin_00026098	XLOC_017157	XLOC_017157
Upin_00026761	XLOC_017710	XLOC_017710
Upin_00026762	XLOC_017711	XLOC_017711
Upin_00027319	XLOC_017711	XLOC_017711
Upin_00026470	XLOC_017326	XLOC_017326
Upin_00026471	XLOC_017327	XLOC_017327
Upin_00026763	XLOC_017712	XLOC_017712
Upin_00026472	XLOC_017328	XLOC_017328
Upin_00026764	XLOC_017713	XLOC_017713
Upin_00026765	XLOC_017714	XLOC_017714
Upin_00026473	XLOC_017329	XLOC_017329
Upin_00027042	XLOC_017329	XLOC_017329
Upin_00026767	XLOC_017716	XLOC_017716
Upin_00026474	XLOC_017330	XLOC_017330
Upin_00026768	XLOC_017717	XLOC_017717
Upin_00027043	XLOC_017331	XLOC_017331
Upin_00026769	XLOC_017718	XLOC_017718
Upin_00027325	XLOC_017718	XLOC_017718
Upin_00026475	XLOC_017332	XLOC_017332
Upin_00026770	XLOC_017719	XLOC_017719
Upin_00026476	XLOC_017333	XLOC_017333
Upin_00027326	XLOC_017720	XLOC_017720
Upin_00026771	XLOC_017720	XLOC_017720
Upin_00027327	XLOC_017721	XLOC_017721
Upin_00027328	XLOC_017722	XLOC_017722
Upin_00026477	XLOC_017334	XLOC_017334
Upin_00027044	XLOC_017335	XLOC_017335
Upin_00026478	XLOC_017335	XLOC_017335
Upin_00026772	XLOC_017723	XLOC_017723
Upin_00026479	XLOC_017336	XLOC_017336
Upin_00027329	XLOC_017724	XLOC_017724
Upin_00026773	XLOC_017724	XLOC_017724
Upin_00027330	XLOC_017725	XLOC_017725
Upin_00026480	XLOC_017337	XLOC_017337
Upin_00027045	XLOC_017337	XLOC_017337
Upin_00027046	XLOC_017338	XLOC_017338
Upin_00027047	XLOC_017339	XLOC_017339
Upin_00026482	XLOC_017340	XLOC_017340
Upin_00026774	XLOC_017727	XLOC_017727
Upin_00026483	XLOC_017341	XLOC_017341
Upin_00027048	XLOC_017341	XLOC_017341
Upin_00027049	XLOC_017341	XLOC_017341
Upin_00027050	XLOC_017341	XLOC_017341
Upin_00026484	XLOC_017342	XLOC_017342
Upin_00027051	XLOC_017342	XLOC_017342
Upin_00027052	XLOC_017342	XLOC_017342
Upin_00027053	XLOC_017342	XLOC_017342
Upin_00027054	XLOC_017342	XLOC_017342
Upin_00027055	XLOC_017342	XLOC_017342
Upin_00026485	XLOC_017343	XLOC_017343
Upin_00027056	XLOC_017343	XLOC_017343
Upin_00026486	XLOC_017344	XLOC_017344
Upin_00027057	XLOC_017344	XLOC_017344
Upin_00026487	XLOC_017345	XLOC_017345
Upin_00026488	XLOC_017346	XLOC_017346
Upin_00027058	XLOC_017346	XLOC_017346
Upin_00027333	XLOC_017729	XLOC_017729
Upin_00026775	XLOC_017729	XLOC_017729
Upin_00027059	XLOC_017347	XLOC_017347
Upin_00026776	XLOC_017730	XLOC_017730
Upin_00026777	XLOC_017731	XLOC_017731
Upin_00027334	XLOC_017732	XLOC_017732
Upin_00026779	XLOC_017733	XLOC_017733
Upin_00026491	XLOC_017349	XLOC_017349
Upin_00026780	XLOC_017734	XLOC_017734
Upin_00027336	XLOC_017735	XLOC_017735
Upin_00027060	XLOC_017350	XLOC_017350
Upin_00027061	XLOC_017351	XLOC_017351
Upin_00027062	XLOC_017352	XLOC_017352
Upin_00027063	XLOC_017353	XLOC_017353
Upin_00027338	XLOC_017737	XLOC_017737
Upin_00026782	XLOC_017737	XLOC_017737
Upin_00027064	XLOC_017354	XLOC_017354
Upin_00027065	XLOC_017355	XLOC_017355
Upin_00026492	XLOC_017355	XLOC_017355
Upin_00027066	XLOC_017355	XLOC_017355
Upin_00027339	XLOC_017738	XLOC_017738
Upin_00026783	XLOC_017739	XLOC_017739
Upin_00027340	XLOC_017739	XLOC_017739
Upin_00027067	XLOC_017356	XLOC_017356
Upin_00026493	XLOC_017356	XLOC_017356
Upin_00027341	XLOC_017740	XLOC_017740
Upin_00026784	XLOC_017740	XLOC_017740
Upin_00027342	XLOC_017741	XLOC_017741
Upin_00026785	XLOC_017742	XLOC_017742
Upin_00027343	XLOC_017742	XLOC_017742
Upin_00026494	XLOC_017357	XLOC_017357
Upin_00026495	XLOC_017358	XLOC_017358
Upin_00026496	XLOC_017359	XLOC_017359
Upin_00026497	XLOC_017360	XLOC_017360
Upin_00027345	XLOC_017744	XLOC_017744
Upin_00027346	XLOC_017745	XLOC_017745
Upin_00026786	XLOC_017745	XLOC_017745
Upin_00027069	XLOC_017361	XLOC_017361
Upin_00027347	XLOC_017746	XLOC_017746
Upin_00027070	XLOC_017362	XLOC_017362
Upin_00026498	XLOC_017362	XLOC_017362
Upin_00026788	XLOC_017747	XLOC_017747
Upin_00027349	XLOC_017748	XLOC_017748
Upin_00026789	XLOC_017749	XLOC_017749
Upin_00027350	XLOC_017749	XLOC_017749
Upin_00026499	XLOC_017363	XLOC_017363
Upin_00026790	XLOC_017750	XLOC_017750
Upin_00026791	XLOC_017751	XLOC_017751
Upin_00027351	XLOC_017751	XLOC_017751
Upin_00027352	XLOC_017751	XLOC_017751
Upin_00027353	XLOC_017751	XLOC_017751
Upin_00027354	XLOC_017751	XLOC_017751
Upin_00027355	XLOC_017751	XLOC_017751
Upin_00027356	XLOC_017751	XLOC_017751
Upin_00027357	XLOC_017751	XLOC_017751
Upin_00027358	XLOC_017751	XLOC_017751
Upin_00027359	XLOC_017751	XLOC_017751
Upin_00027360	XLOC_017751	XLOC_017751
Upin_00027361	XLOC_017751	XLOC_017751
Upin_00027362	XLOC_017751	XLOC_017751
Upin_00027071	XLOC_017364	XLOC_017364
Upin_00027072	XLOC_017365	XLOC_017365
Upin_00027073	XLOC_017366	XLOC_017366
Upin_00026500	XLOC_017367	XLOC_017367
Upin_00027074	XLOC_017367	XLOC_017367
Upin_00027075	XLOC_017367	XLOC_017367
Upin_00027076	XLOC_017367	XLOC_017367
Upin_00027077	XLOC_017367	XLOC_017367
Upin_00027078	XLOC_017368	XLOC_017368
Upin_00026792	XLOC_017752	XLOC_017752
Upin_00027363	XLOC_017752	XLOC_017752
Upin_00027364	XLOC_017752	XLOC_017752
Upin_00026501	XLOC_017369	XLOC_017369
Upin_00027079	XLOC_017369	XLOC_017369
Upin_00027080	XLOC_017370	XLOC_017370
Upin_00027081	XLOC_017371	XLOC_017371
Upin_00027082	XLOC_017372	XLOC_017372
Upin_00026793	XLOC_017753	XLOC_017753
Upin_00027083	XLOC_017373	XLOC_017373
Upin_00027084	XLOC_017374	XLOC_017374
Upin_00026502	XLOC_017375	XLOC_017375
Upin_00026503	XLOC_017376	XLOC_017376
Upin_00027085	XLOC_017376	XLOC_017376
Upin_00026794	XLOC_017754	XLOC_017754
Upin_00026504	XLOC_017377	XLOC_017377
Upin_00026505	XLOC_017378	XLOC_017378
Upin_00026795	XLOC_017755	XLOC_017755
Upin_00026506	XLOC_017379	XLOC_017379
Upin_00026507	XLOC_017380	XLOC_017380
Upin_00027086	XLOC_017382	XLOC_017382
Upin_00026796	XLOC_017756	XLOC_017756
Upin_00027365	XLOC_017756	XLOC_017756
Upin_00026797	XLOC_017757	XLOC_017757
Upin_00026798	XLOC_017758	XLOC_017758
Upin_00026799	XLOC_017759	XLOC_017759
Upin_00026509	XLOC_017384	XLOC_017384
Upin_00026510	XLOC_017385	XLOC_017385
Upin_00026511	XLOC_017386	XLOC_017386
Upin_00027089	XLOC_017386	XLOC_017386
Upin_00027366	XLOC_017760	XLOC_017760
Upin_00026800	XLOC_017760	XLOC_017760
Upin_00026512	XLOC_017387	XLOC_017387
Upin_00027090	XLOC_017387	XLOC_017387
Upin_00027091	XLOC_017387	XLOC_017387
Upin_00027367	XLOC_017761	XLOC_017761
Upin_00026801	XLOC_017761	XLOC_017761
Upin_00027092	XLOC_017388	XLOC_017388
Upin_00026513	XLOC_017388	XLOC_017388
Upin_00027093	XLOC_017388	XLOC_017388
Upin_00026802	XLOC_017762	XLOC_017762
Upin_00026514	XLOC_017389	XLOC_017389
Upin_00026804	XLOC_017764	XLOC_017764
Upin_00027094	XLOC_017390	XLOC_017390
Upin_00026515	XLOC_017391	XLOC_017391
Upin_00027096	XLOC_017392	XLOC_017392
Upin_00026516	XLOC_017392	XLOC_017392
Upin_00027097	XLOC_017393	XLOC_017393
Upin_00026517	XLOC_017393	XLOC_017393
Upin_00026805	XLOC_017765	XLOC_017765
Upin_00027099	XLOC_017395	XLOC_017395
Upin_00026806	XLOC_017766	XLOC_017766
Upin_00027368	XLOC_017766	XLOC_017766
Upin_00026807	XLOC_017767	XLOC_017767
Upin_00027369	XLOC_017768	XLOC_017768
Upin_00026808	XLOC_017769	XLOC_017769
Upin_00027370	XLOC_017770	XLOC_017770
Upin_00027100	XLOC_017396	XLOC_017396
Upin_00027101	XLOC_017397	XLOC_017397
Upin_00026519	XLOC_017398	XLOC_017398
Upin_00026809	XLOC_017771	XLOC_017771
Upin_00026520	XLOC_017400	XLOC_017400
Upin_00026521	XLOC_017401	XLOC_017401
Upin_00026810	XLOC_017772	XLOC_017772
Upin_00027371	XLOC_017772	XLOC_017772
Upin_00026811	XLOC_017773	XLOC_017773
Upin_00026522	XLOC_017402	XLOC_017402
Upin_00026523	XLOC_017403	XLOC_017403
Upin_00027104	XLOC_017403	XLOC_017403
Upin_00026524	XLOC_017405	XLOC_017405
Upin_00026525	XLOC_017407	XLOC_017407
Upin_00027106	XLOC_017408	XLOC_017408
Upin_00026812	XLOC_017775	XLOC_017775
Upin_00027373	XLOC_017775	XLOC_017775
Upin_00027374	XLOC_017775	XLOC_017775
Upin_00026813	XLOC_017776	XLOC_017776
Upin_00027375	XLOC_017776	XLOC_017776
Upin_00026526	XLOC_017409	XLOC_017409
Upin_00027107	XLOC_017409	XLOC_017409
Upin_00026814	XLOC_017777	XLOC_017777
Upin_00027108	XLOC_017410	XLOC_017410
Upin_00026527	XLOC_017411	XLOC_017411
Upin_00027109	XLOC_017412	XLOC_017412
Upin_00026528	XLOC_017412	XLOC_017412
Upin_00027110	XLOC_017412	XLOC_017412
Upin_00027111	XLOC_017413	XLOC_017413
Upin_00026815	XLOC_017778	XLOC_017778
Upin_00026816	XLOC_017779	XLOC_017779
Upin_00026529	XLOC_017414	XLOC_017414
Upin_00026817	XLOC_017780	XLOC_017780
Upin_00027377	XLOC_017780	XLOC_017780
Upin_00027112	XLOC_017415	XLOC_017415
Upin_00027113	XLOC_017416	XLOC_017416
Upin_00026819	XLOC_017781	XLOC_017781
Upin_00026820	XLOC_017782	XLOC_017782
Upin_00026821	XLOC_017783	XLOC_017783
Upin_00026530	XLOC_017417	XLOC_017417
Upin_00027114	XLOC_017418	XLOC_017418
Upin_00026822	XLOC_017784	XLOC_017784
Upin_00027379	XLOC_017784	XLOC_017784
Upin_00027115	XLOC_017419	XLOC_017419
Upin_00026531	XLOC_017419	XLOC_017419
Upin_00026532	XLOC_017420	XLOC_017420
Upin_00027116	XLOC_017420	XLOC_017420
Upin_00026823	XLOC_017785	XLOC_017785
Upin_00026533	XLOC_017421	XLOC_017421
Upin_00027117	XLOC_017422	XLOC_017422
Upin_00026534	XLOC_017422	XLOC_017422
Upin_00027380	XLOC_017786	XLOC_017786
Upin_00027382	XLOC_017787	XLOC_017787
Upin_00026535	XLOC_017424	XLOC_017424
Upin_00026825	XLOC_017788	XLOC_017788
Upin_00026536	XLOC_017425	XLOC_017425
Upin_00026537	XLOC_017426	XLOC_017426
Upin_00027120	XLOC_017426	XLOC_017426
Upin_00027121	XLOC_017426	XLOC_017426
Upin_00026538	XLOC_017428	XLOC_017428
Upin_00027123	XLOC_017428	XLOC_017428
Upin_00026826	XLOC_017789	XLOC_017789
Upin_00027383	XLOC_017789	XLOC_017789
Upin_00027124	XLOC_017429	XLOC_017429
Upin_00026539	XLOC_017429	XLOC_017429
Upin_00026827	XLOC_017790	XLOC_017790
Upin_00027384	XLOC_017791	XLOC_017791
Upin_00026540	XLOC_017430	XLOC_017430
Upin_00027385	XLOC_017792	XLOC_017792
Upin_00027125	XLOC_017431	XLOC_017431
Upin_00027386	XLOC_017793	XLOC_017793
Upin_00026828	XLOC_017793	XLOC_017793
Upin_00027387	XLOC_017793	XLOC_017793
Upin_00026829	XLOC_017794	XLOC_017794
Upin_00026542	XLOC_017432	XLOC_017432
Upin_00027388	XLOC_017795	XLOC_017795
Upin_00026543	XLOC_017433	XLOC_017433
Upin_00027126	XLOC_017433	XLOC_017433
Upin_00026830	XLOC_017796	XLOC_017796
Upin_00026831	XLOC_017797	XLOC_017797
Upin_00027127	XLOC_017434	XLOC_017434
Upin_00026544	XLOC_017435	XLOC_017435
Upin_00027390	XLOC_017798	XLOC_017798
Upin_00026545	XLOC_017436	XLOC_017436
Upin_00027128	XLOC_017436	XLOC_017436
Upin_00026546	XLOC_017437	XLOC_017437
Upin_00027391	XLOC_017799	XLOC_017799
Upin_00026547	XLOC_017438	XLOC_017438
Upin_00026832	XLOC_017800	XLOC_017800
Upin_00026548	XLOC_017439	XLOC_017439
Upin_00026549	XLOC_017440	XLOC_017440
Upin_00027129	XLOC_017441	XLOC_017441
Upin_00027130	XLOC_017442	XLOC_017442
Upin_00027392	XLOC_017801	XLOC_017801
Upin_00026833	XLOC_017801	XLOC_017801
Upin_00027394	XLOC_017801	XLOC_017801
Upin_00027393	XLOC_017802	XLOC_017802
Upin_00026550	XLOC_017443	XLOC_017443
Upin_00026834	XLOC_017803	XLOC_017803
Upin_00027395	XLOC_017804	XLOC_017804
Upin_00026835	XLOC_017805	XLOC_017805
Upin_00026836	XLOC_017806	XLOC_017806
Upin_00026551	XLOC_017444	XLOC_017444
Upin_00027131	XLOC_017444	XLOC_017444
Upin_00026552	XLOC_017445	XLOC_017445
Upin_00026553	XLOC_017446	XLOC_017446
Upin_00026837	XLOC_017807	XLOC_017807
Upin_00026838	XLOC_017808	XLOC_017808
Upin_00026839	XLOC_017809	XLOC_017809
Upin_00026840	XLOC_017810	XLOC_017810
Upin_00026841	XLOC_017811	XLOC_017811
Upin_00026554	XLOC_017447	XLOC_017447
Upin_00026842	XLOC_017812	XLOC_017812
Upin_00026843	XLOC_017813	XLOC_017813
Upin_00026844	XLOC_017814	XLOC_017814
Upin_00026845	XLOC_017815	XLOC_017815
Upin_00026846	XLOC_017816	XLOC_017816
Upin_00026847	XLOC_017817	XLOC_017817
Upin_00026555	XLOC_017448	XLOC_017448
Upin_00026556	XLOC_017449	XLOC_017449
Upin_00026848	XLOC_017818	XLOC_017818
Upin_00026557	XLOC_017450	XLOC_017450
Upin_00027132	XLOC_017450	XLOC_017450
Upin_00027133	XLOC_017450	XLOC_017450
Upin_00027134	XLOC_017450	XLOC_017450
Upin_00026558	XLOC_017451	XLOC_017451
Upin_00026559	XLOC_017452	XLOC_017452
Upin_00026849	XLOC_017819	XLOC_017819
Upin_00027396	XLOC_017819	XLOC_017819
Upin_00026560	XLOC_017454	XLOC_017454
Upin_00027136	XLOC_017454	XLOC_017454
Upin_00027137	XLOC_017454	XLOC_017454
Upin_00027397	XLOC_017820	XLOC_017820
Upin_00026850	XLOC_017820	XLOC_017820
Upin_00027398	XLOC_017820	XLOC_017820
Upin_00026561	XLOC_017455	XLOC_017455
Upin_00027399	XLOC_017821	XLOC_017821
Upin_00026851	XLOC_017821	XLOC_017821
Upin_00027138	XLOC_017456	XLOC_017456
Upin_00026562	XLOC_017456	XLOC_017456
Upin_00026852	XLOC_017822	XLOC_017822
Upin_00027400	XLOC_017822	XLOC_017822
Upin_00026563	XLOC_017457	XLOC_017457
Upin_00027139	XLOC_017457	XLOC_017457
Upin_00026853	XLOC_017823	XLOC_017823
Upin_00026564	XLOC_017458	XLOC_017458
Upin_00026565	XLOC_017459	XLOC_017459
Upin_00027140	XLOC_017459	XLOC_017459
Upin_00027141	XLOC_017459	XLOC_017459
Upin_00027401	XLOC_017824	XLOC_017824
Upin_00026566	XLOC_017460	XLOC_017460
Upin_00027142	XLOC_017460	XLOC_017460
Upin_00026855	XLOC_017825	XLOC_017825
Upin_00026856	XLOC_017826	XLOC_017826
Upin_00027402	XLOC_017827	XLOC_017827
Upin_00026857	XLOC_017827	XLOC_017827
Upin_00026858	XLOC_017828	XLOC_017828
Upin_00027403	XLOC_017828	XLOC_017828
Upin_00026859	XLOC_017829	XLOC_017829
Upin_00026860	XLOC_017830	XLOC_017830
Upin_00026567	XLOC_017461	XLOC_017461
Upin_00027143	XLOC_017461	XLOC_017461
Upin_00026861	XLOC_017831	XLOC_017831
Upin_00026862	XLOC_017832	XLOC_017832
Upin_00026568	XLOC_017462	XLOC_017462
Upin_00026569	XLOC_017463	XLOC_017463
Upin_00026863	XLOC_017833	XLOC_017833
Upin_00027404	XLOC_017833	XLOC_017833
Upin_00027144	XLOC_017464	XLOC_017464
Upin_00027145	XLOC_017465	XLOC_017465
Upin_00026864	XLOC_017834	XLOC_017834
Upin_00027405	XLOC_017834	XLOC_017834
Upin_00027146	XLOC_017466	XLOC_017466
Upin_00026865	XLOC_017835	XLOC_017835
Upin_00027406	XLOC_017835	XLOC_017835
Upin_00026572	XLOC_017467	XLOC_017467
Upin_00027407	XLOC_017836	XLOC_017836
Upin_00027148	XLOC_017469	XLOC_017469
Upin_00027408	XLOC_017837	XLOC_017837
Upin_00026867	XLOC_017838	XLOC_017838
Upin_00027409	XLOC_017838	XLOC_017838
Upin_00027149	XLOC_017470	XLOC_017470
Upin_00026574	XLOC_017471	XLOC_017471
Upin_00027150	XLOC_017471	XLOC_017471
Upin_00027151	XLOC_017472	XLOC_017472
Upin_00026576	XLOC_017472	XLOC_017472
Upin_00027153	XLOC_017472	XLOC_017472
Upin_00027154	XLOC_017472	XLOC_017472
Upin_00026868	XLOC_017839	XLOC_017839
Upin_00026578	XLOC_017473	XLOC_017473
Upin_00027155	XLOC_017474	XLOC_017474
Upin_00026869	XLOC_017840	XLOC_017840
Upin_00026579	XLOC_017475	XLOC_017475
Upin_00027156	XLOC_017475	XLOC_017475
Upin_00026580	XLOC_017476	XLOC_017476
Upin_00027157	XLOC_017476	XLOC_017476
Upin_00026870	XLOC_017841	XLOC_017841
Upin_00027158	XLOC_017477	XLOC_017477
Upin_00026581	XLOC_017477	XLOC_017477
Upin_00026871	XLOC_017842	XLOC_017842
Upin_00027159	XLOC_017478	XLOC_017478
Upin_00026872	XLOC_017843	XLOC_017843
Upin_00026583	XLOC_017479	XLOC_017479
Upin_00026873	XLOC_017846	XLOC_017846
Upin_00026875	XLOC_017847	XLOC_017847
Upin_00026584	XLOC_017480	XLOC_017480
Upin_00026585	XLOC_017481	XLOC_017481
Upin_00026586	XLOC_017482	XLOC_017482
Upin_00026876	XLOC_017849	XLOC_017849
Upin_00026877	XLOC_017850	XLOC_017850
Upin_00026878	XLOC_017851	XLOC_017851
Upin_00026879	XLOC_017852	XLOC_017852
Upin_00026587	XLOC_017483	XLOC_017483
Upin_00026588	XLOC_017484	XLOC_017484
Upin_00027160	XLOC_017484	XLOC_017484
Upin_00027161	XLOC_017484	XLOC_017484
Upin_00027162	XLOC_017484	XLOC_017484
Upin_00027164	XLOC_017485	XLOC_017485
Upin_00026880	XLOC_017853	XLOC_017853
Upin_00026881	XLOC_017854	XLOC_017854
Upin_00026589	XLOC_017486	XLOC_017486
Upin_00026882	XLOC_017855	XLOC_017855
Upin_00027421	XLOC_017856	XLOC_017856
Upin_00026590	XLOC_017487	XLOC_017487
Upin_00027165	XLOC_017487	XLOC_017487
Upin_00026591	XLOC_017488	XLOC_017488
Upin_00027167	XLOC_017488	XLOC_017488
Upin_00026884	XLOC_017858	XLOC_017858
Upin_00026592	XLOC_017489	XLOC_017489
Upin_00027169	XLOC_017489	XLOC_017489
Upin_00026885	XLOC_017859	XLOC_017859
Upin_00027170	XLOC_017490	XLOC_017490
Upin_00026886	XLOC_017860	XLOC_017860
Upin_00026593	XLOC_017491	XLOC_017491
Upin_00026887	XLOC_017861	XLOC_017861
Upin_00027171	XLOC_017492	XLOC_017492
Upin_00026888	XLOC_017863	XLOC_017863
Upin_00027172	XLOC_017493	XLOC_017493
Upin_00026595	XLOC_017494	XLOC_017494
Upin_00027431	XLOC_017866	XLOC_017866
Upin_00026596	XLOC_017495	XLOC_017495
Upin_00027173	XLOC_017495	XLOC_017495
Upin_00027432	XLOC_017867	XLOC_017867
Upin_00026597	XLOC_017496	XLOC_017496
Upin_00027175	XLOC_017496	XLOC_017496
Upin_00027433	XLOC_017868	XLOC_017868
Upin_00026890	XLOC_017869	XLOC_017869
Upin_00026891	XLOC_017871	XLOC_017871
Upin_00026598	XLOC_017498	XLOC_017498
Upin_00026892	XLOC_017872	XLOC_017872
Upin_00027437	XLOC_017872	XLOC_017872
Upin_00027177	XLOC_017499	XLOC_017499
Upin_00027178	XLOC_017500	XLOC_017500
Upin_00026600	XLOC_017500	XLOC_017500
Upin_00026893	XLOC_017874	XLOC_017874
Upin_00027439	XLOC_017874	XLOC_017874
Upin_00026894	XLOC_017875	XLOC_017875
Upin_00027179	XLOC_017501	XLOC_017501
Upin_00026895	XLOC_017876	XLOC_017876
Upin_00026896	XLOC_017877	XLOC_017877
Upin_00027440	XLOC_017877	XLOC_017877
Upin_00027441	XLOC_017877	XLOC_017877
Upin_00026601	XLOC_017502	XLOC_017502
Upin_00027181	XLOC_017502	XLOC_017502
Upin_00027182	XLOC_017503	XLOC_017503
Upin_00027183	XLOC_017504	XLOC_017504
Upin_00026897	XLOC_017879	XLOC_017879
Upin_00026603	XLOC_017505	XLOC_017505
Upin_00027184	XLOC_017505	XLOC_017505
Upin_00027185	XLOC_017505	XLOC_017505
Upin_00027444	XLOC_017880	XLOC_017880
Upin_00026898	XLOC_017880	XLOC_017880
Upin_00026604	XLOC_017506	XLOC_017506
Upin_00026605	XLOC_017507	XLOC_017507
Upin_00027186	XLOC_017508	XLOC_017508
Upin_00026899	XLOC_017881	XLOC_017881
Upin_00027445	XLOC_017881	XLOC_017881
Upin_00027447	XLOC_017882	XLOC_017882
Upin_00027187	XLOC_017509	XLOC_017509
Upin_00026607	XLOC_017509	XLOC_017509
Upin_00026900	XLOC_017883	XLOC_017883
Upin_00027449	XLOC_017883	XLOC_017883
Upin_00027188	XLOC_017510	XLOC_017510
Upin_00026608	XLOC_017510	XLOC_017510
Upin_00027189	XLOC_017510	XLOC_017510
Upin_00026901	XLOC_017884	XLOC_017884
Upin_00026609	XLOC_017511	XLOC_017511
Upin_00027191	XLOC_017511	XLOC_017511
Upin_00026611	XLOC_017512	XLOC_017512
Upin_00027451	XLOC_017886	XLOC_017886
Upin_00026612	XLOC_017513	XLOC_017513
Upin_00027192	XLOC_017514	XLOC_017514
Upin_00026902	XLOC_017887	XLOC_017887
Upin_00027193	XLOC_017515	XLOC_017515
Upin_00027195	XLOC_017517	XLOC_017517
Upin_00026613	XLOC_017518	XLOC_017518
Upin_00027196	XLOC_017518	XLOC_017518
Upin_00027197	XLOC_017519	XLOC_017519
Upin_00027198	XLOC_017520	XLOC_017520
Upin_00027452	XLOC_017888	XLOC_017888
Upin_00027199	XLOC_017521	XLOC_017521
Upin_00027200	XLOC_017522	XLOC_017522
Upin_00026903	XLOC_017889	XLOC_017889
Upin_00026904	XLOC_017890	XLOC_017890
Upin_00026614	XLOC_017523	XLOC_017523
Upin_00027201	XLOC_017524	XLOC_017524
Upin_00026905	XLOC_017891	XLOC_017891
Upin_00026615	XLOC_017525	XLOC_017525
Upin_00027202	XLOC_017525	XLOC_017525
Upin_00027453	XLOC_017892	XLOC_017892
Upin_00026616	XLOC_017526	XLOC_017526
Upin_00027203	XLOC_017526	XLOC_017526
Upin_00027204	XLOC_017527	XLOC_017527
Upin_00026617	XLOC_017527	XLOC_017527
Upin_00026907	XLOC_017893	XLOC_017893
Upin_00027205	XLOC_017528	XLOC_017528
Upin_00026908	XLOC_017894	XLOC_017894
Upin_00026619	XLOC_017529	XLOC_017529
Upin_00026909	XLOC_017895	XLOC_017895
Upin_00026620	XLOC_017530	XLOC_017530
Upin_00027206	XLOC_017530	XLOC_017530
Upin_00026910	XLOC_017896	XLOC_017896
Upin_00027460	XLOC_017896	XLOC_017896
Upin_00027207	XLOC_017531	XLOC_017531
Upin_00026623	XLOC_017531	XLOC_017531
Upin_00027208	XLOC_017531	XLOC_017531
Upin_00027461	XLOC_017897	XLOC_017897
Upin_00026624	XLOC_017532	XLOC_017532
Upin_00026911	XLOC_017898	XLOC_017898
Upin_00026625	XLOC_017533	XLOC_017533
Upin_00027209	XLOC_017533	XLOC_017533
Upin_00026912	XLOC_017899	XLOC_017899
Upin_00026626	XLOC_017534	XLOC_017534
Upin_00027210	XLOC_017535	XLOC_017535
Upin_00026628	XLOC_017535	XLOC_017535
Upin_00027211	XLOC_017535	XLOC_017535
Upin_00027212	XLOC_017535	XLOC_017535
Upin_00027213	XLOC_017535	XLOC_017535
Upin_00027214	XLOC_017535	XLOC_017535
Upin_00026913	XLOC_017900	XLOC_017900
Upin_00026629	XLOC_017536	XLOC_017536
Upin_00026914	XLOC_017901	XLOC_017901
Upin_00026915	XLOC_017902	XLOC_017902
Upin_00027215	XLOC_017537	XLOC_017537
Upin_00026916	XLOC_017903	XLOC_017903
Upin_00026630	XLOC_017538	XLOC_017538
Upin_00027218	XLOC_017538	XLOC_017538
Upin_00026917	XLOC_017904	XLOC_017904
Upin_00026631	XLOC_017539	XLOC_017539
Upin_00027219	XLOC_017539	XLOC_017539
Upin_00026918	XLOC_017905	XLOC_017905
Upin_00026919	XLOC_017906	XLOC_017906
Upin_00026632	XLOC_017540	XLOC_017540
Upin_00027220	XLOC_017540	XLOC_017540
Upin_00026920	XLOC_017908	XLOC_017908
Upin_00027221	XLOC_017541	XLOC_017541
Upin_00026633	XLOC_017542	XLOC_017542
Upin_00027466	XLOC_017910	XLOC_017910
Upin_00026922	XLOC_017911	XLOC_017911
Upin_00026634	XLOC_017543	XLOC_017543
Upin_00027222	XLOC_017544	XLOC_017544
Upin_00027470	XLOC_017913	XLOC_017913
Upin_00027471	XLOC_017914	XLOC_017914
Upin_00026635	XLOC_017545	XLOC_017545
Upin_00027472	XLOC_017915	XLOC_017915
Upin_00026923	XLOC_017916	XLOC_017916
Upin_00027473	XLOC_017916	XLOC_017916
Upin_00026636	XLOC_017546	XLOC_017546
Upin_00027223	XLOC_017546	XLOC_017546
Upin_00027224	XLOC_017547	XLOC_017547
Upin_00027474	XLOC_017917	XLOC_017917
Upin_00026924	XLOC_017918	XLOC_017918
Upin_00026925	XLOC_017919	XLOC_017919
Upin_00026637	XLOC_017548	XLOC_017548
Upin_00027225	XLOC_017548	XLOC_017548
Upin_00026926	XLOC_017920	XLOC_017920
Upin_00027476	XLOC_017920	XLOC_017920
Upin_00027226	XLOC_017549	XLOC_017549
Upin_00027227	XLOC_017549	XLOC_017549
Upin_00026638	XLOC_017550	XLOC_017550
Upin_00026927	XLOC_017921	XLOC_017921
Upin_00026928	XLOC_017922	XLOC_017922
Upin_00027229	XLOC_017552	XLOC_017552
Upin_00026639	XLOC_017552	XLOC_017552
Upin_00027230	XLOC_017552	XLOC_017552
Upin_00026929	XLOC_017923	XLOC_017923
Upin_00026640	XLOC_017553	XLOC_017553
Upin_00027231	XLOC_017553	XLOC_017553
Upin_00026930	XLOC_017924	XLOC_017924
Upin_00026641	XLOC_017554	XLOC_017554
Upin_00026642	XLOC_017555	XLOC_017555
Upin_00027232	XLOC_017555	XLOC_017555
Upin_00027233	XLOC_017556	XLOC_017556
Upin_00026644	XLOC_017557	XLOC_017557
Upin_00026931	XLOC_017925	XLOC_017925
Upin_00026932	XLOC_017926	XLOC_017926
Upin_00027480	XLOC_017927	XLOC_017927
Upin_00026645	XLOC_017558	XLOC_017558
Upin_00026933	XLOC_017928	XLOC_017928
Upin_00026646	XLOC_017559	XLOC_017559
Upin_00027483	XLOC_017930	XLOC_017930
Upin_00027484	XLOC_017931	XLOC_017931
Upin_00027486	XLOC_017932	XLOC_017932
Upin_00027234	XLOC_017560	XLOC_017560
Upin_00027235	XLOC_017560	XLOC_017560
Upin_00026648	XLOC_017561	XLOC_017561
Upin_00026935	XLOC_017933	XLOC_017933
Upin_00027236	XLOC_017562	XLOC_017562
Upin_00026936	XLOC_017934	XLOC_017934
Upin_00027488	XLOC_017934	XLOC_017934
Upin_00026649	XLOC_017563	XLOC_017563
Upin_00026650	XLOC_017564	XLOC_017564
Upin_00026937	XLOC_017936	XLOC_017936
Upin_00026651	XLOC_017566	XLOC_017566
Upin_00027238	XLOC_017566	XLOC_017566
Upin_00027491	XLOC_017937	XLOC_017937
Upin_00026652	XLOC_017567	XLOC_017567
Upin_00027239	XLOC_017567	XLOC_017567
Upin_00026939	XLOC_017938	XLOC_017938
Upin_00027493	XLOC_017938	XLOC_017938
Upin_00026653	XLOC_017568	XLOC_017568
Upin_00027494	XLOC_017939	XLOC_017939
Upin_00026941	XLOC_017939	XLOC_017939
Upin_00027496	XLOC_017939	XLOC_017939
Upin_00026654	XLOC_017569	XLOC_017569
Upin_00027240	XLOC_017569	XLOC_017569
Upin_00027241	XLOC_017569	XLOC_017569
Upin_00026655	XLOC_017570	XLOC_017570
Upin_00026656	XLOC_017571	XLOC_017571
Upin_00027242	XLOC_017571	XLOC_017571
Upin_00026943	XLOC_017940	XLOC_017940
Upin_00026657	XLOC_017572	XLOC_017572
Upin_00026658	XLOC_017573	XLOC_017573
Upin_00026659	XLOC_017574	XLOC_017574
Upin_00026660	XLOC_017575	XLOC_017575
Upin_00026944	XLOC_017941	XLOC_017941
Upin_00026661	XLOC_017576	XLOC_017576
Upin_00026662	XLOC_017577	XLOC_017577
Upin_00026945	XLOC_017942	XLOC_017942
Upin_00027499	XLOC_017942	XLOC_017942
Upin_00026946	XLOC_017943	XLOC_017943
Upin_00027243	XLOC_017578	XLOC_017578
Upin_00026947	XLOC_017944	XLOC_017944
Upin_00027244	XLOC_017579	XLOC_017579
Upin_00027502	XLOC_017945	XLOC_017945
Upin_00026664	XLOC_017580	XLOC_017580
Upin_00026948	XLOC_017946	XLOC_017946
Upin_00026665	XLOC_017582	XLOC_017582
Upin_00026666	XLOC_017583	XLOC_017583
Upin_00027246	XLOC_017584	XLOC_017584
Upin_00026667	XLOC_017584	XLOC_017584
Upin_00026668	XLOC_017585	XLOC_017585
Upin_00027503	XLOC_017947	XLOC_017947
Upin_00026669	XLOC_017586	XLOC_017586
Upin_00027247	XLOC_017586	XLOC_017586
Upin_00027248	XLOC_017586	XLOC_017586
Upin_00026951	XLOC_017948	XLOC_017948
Upin_00026952	XLOC_017949	XLOC_017949
Upin_00026953	XLOC_017950	XLOC_017950
Upin_00026670	XLOC_017587	XLOC_017587
Upin_00026954	XLOC_017951	XLOC_017951
Upin_00026955	XLOC_017952	XLOC_017952
Upin_00027249	XLOC_017588	XLOC_017588
Upin_00026957	XLOC_017955	XLOC_017955
Upin_00027250	XLOC_017589	XLOC_017589
Upin_00026671	XLOC_017589	XLOC_017589
Upin_00027507	XLOC_017957	XLOC_017957
Upin_00027508	XLOC_017958	XLOC_017958
Upin_00026958	XLOC_017958	XLOC_017958
Upin_00026959	XLOC_017959	XLOC_017959
Upin_00027509	XLOC_017959	XLOC_017959
Upin_00027251	XLOC_017590	XLOC_017590
Upin_00027252	XLOC_017591	XLOC_017591
Upin_00027253	XLOC_017592	XLOC_017592
Upin_00026672	XLOC_017593	XLOC_017593
Upin_00026673	XLOC_017594	XLOC_017594
Upin_00026674	XLOC_017595	XLOC_017595
Upin_00027510	XLOC_017960	XLOC_017960
Upin_00027511	XLOC_017961	XLOC_017961
Upin_00026960	XLOC_017962	XLOC_017962
Upin_00027254	XLOC_017596	XLOC_017596
Upin_00026961	XLOC_017963	XLOC_017963
Upin_00027512	XLOC_017963	XLOC_017963
Upin_00027513	XLOC_017963	XLOC_017963
Upin_00027255	XLOC_017597	XLOC_017597
Upin_00027256	XLOC_017598	XLOC_017598
Upin_00027515	XLOC_017964	XLOC_017964
Upin_00027257	XLOC_017599	XLOC_017599
Upin_00026676	XLOC_017599	XLOC_017599
Upin_00026677	XLOC_017600	XLOC_017600
Upin_00026678	XLOC_017601	XLOC_017601
Upin_00026679	XLOC_017602	XLOC_017602
Upin_00027258	XLOC_017603	XLOC_017603
Upin_00026963	XLOC_017965	XLOC_017965
Upin_00027516	XLOC_017965	XLOC_017965
Upin_00026680	XLOC_017604	XLOC_017604
Upin_00026965	XLOC_017968	XLOC_017968
Upin_00026966	XLOC_017969	XLOC_017969
Upin_00026967	XLOC_017970	XLOC_017970
Upin_00026968	XLOC_017971	XLOC_017971
Upin_00027521	XLOC_017971	XLOC_017971
Upin_00026969	XLOC_017972	XLOC_017972
Upin_00026970	XLOC_017973	XLOC_017973
Upin_00027259	XLOC_017605	XLOC_017605
Upin_00026681	XLOC_017605	XLOC_017605
Upin_00027260	XLOC_017606	XLOC_017606
Upin_00027522	XLOC_017974	XLOC_017974
Upin_00026971	XLOC_017974	XLOC_017974
Upin_00026972	XLOC_017975	XLOC_017975
Upin_00027523	XLOC_017975	XLOC_017975
Upin_00026682	XLOC_017607	XLOC_017607
Upin_00026683	XLOC_017608	XLOC_017608
Upin_00027261	XLOC_017608	XLOC_017608
Upin_00026684	XLOC_017609	XLOC_017609
Upin_00027524	XLOC_017976	XLOC_017976
Upin_00026685	XLOC_017610	XLOC_017610
Upin_00027262	XLOC_017610	XLOC_017610
Upin_00026973	XLOC_017977	XLOC_017977
Upin_00027525	XLOC_017977	XLOC_017977
Upin_00026686	XLOC_017611	XLOC_017611
Upin_00027263	XLOC_017611	XLOC_017611
Upin_00026974	XLOC_017978	XLOC_017978
Upin_00026687	XLOC_017612	XLOC_017612
Upin_00026975	XLOC_017979	XLOC_017979
Upin_00026976	XLOC_017980	XLOC_017980
Upin_00026688	XLOC_017613	XLOC_017613
Upin_00026689	XLOC_017614	XLOC_017614
Upin_00027526	XLOC_017981	XLOC_017981
Upin_00026977	XLOC_017982	XLOC_017982
Upin_00027528	XLOC_017982	XLOC_017982
Upin_00027529	XLOC_017982	XLOC_017982
Upin_00027264	XLOC_017615	XLOC_017615
Upin_00026690	XLOC_017615	XLOC_017615
Upin_00026691	XLOC_017616	XLOC_017616
Upin_00026978	XLOC_017985	XLOC_017985
Upin_00026979	XLOC_017986	XLOC_017986
Upin_00026692	XLOC_017617	XLOC_017617
Upin_00027266	XLOC_017617	XLOC_017617
Upin_00026980	XLOC_017987	XLOC_017987
Upin_00026693	XLOC_017618	XLOC_017618
Upin_00026981	XLOC_017988	XLOC_017988
Upin_00026982	XLOC_017989	XLOC_017989
Upin_00027535	XLOC_017989	XLOC_017989
Upin_00027536	XLOC_017989	XLOC_017989
Upin_00027537	XLOC_017990	XLOC_017990
Upin_00026694	XLOC_017619	XLOC_017619
Upin_00027267	XLOC_017619	XLOC_017619
Upin_00027268	XLOC_017620	XLOC_017620
Upin_00026695	XLOC_017620	XLOC_017620
Upin_00026696	XLOC_017621	XLOC_017621
Upin_00027541	XLOC_017994	XLOC_017994
Upin_00027542	XLOC_017995	XLOC_017995
Upin_00026697	XLOC_017622	XLOC_017622
Upin_00027269	XLOC_017622	XLOC_017622
Upin_00026983	XLOC_017997	XLOC_017997
Upin_00027545	XLOC_017997	XLOC_017997
Upin_00027270	XLOC_017623	XLOC_017623
Upin_00026698	XLOC_017624	XLOC_017624
Upin_00027547	XLOC_017999	XLOC_017999
Upin_00026984	XLOC_017999	XLOC_017999
Upin_00026699	XLOC_017625	XLOC_017625
Upin_00027549	XLOC_018000	XLOC_018000
Upin_00026700	XLOC_017627	XLOC_017627
Upin_00027272	XLOC_017628	XLOC_017628
Upin_00026701	XLOC_017628	XLOC_017628
Upin_00026986	XLOC_018001	XLOC_018001
Upin_00027550	XLOC_018001	XLOC_018001
Upin_00027551	XLOC_018002	XLOC_018002
Upin_00027273	XLOC_017629	XLOC_017629
Upin_00026987	XLOC_018003	XLOC_018003
Upin_00027274	XLOC_017630	XLOC_017630
Upin_00026703	XLOC_017632	XLOC_017632
Upin_00027276	XLOC_017632	XLOC_017632
Upin_00026988	XLOC_018004	XLOC_018004
Upin_00027553	XLOC_018004	XLOC_018004
Upin_00026704	XLOC_017633	XLOC_017633
Upin_00026989	XLOC_018005	XLOC_018005
Upin_00027554	XLOC_018005	XLOC_018005
Upin_00027556	XLOC_018005	XLOC_018005
Upin_00027557	XLOC_018006	XLOC_018006
Upin_00027277	XLOC_017634	XLOC_017634
Upin_00026990	XLOC_018007	XLOC_018007
Upin_00026991	XLOC_018008	XLOC_018008
Upin_00026705	XLOC_017635	XLOC_017635
Upin_00027278	XLOC_017635	XLOC_017635
Upin_00026992	XLOC_018009	XLOC_018009
Upin_00027280	XLOC_017637	XLOC_017637
Upin_00026706	XLOC_017637	XLOC_017637
Upin_00026707	XLOC_017638	XLOC_017638
Upin_00026708	XLOC_017639	XLOC_017639
Upin_00026993	XLOC_018010	XLOC_018010
Upin_00026709	XLOC_017641	XLOC_017641
Upin_00027282	XLOC_017641	XLOC_017641
Upin_00027560	XLOC_018013	XLOC_018013
Upin_00026994	XLOC_018013	XLOC_018013
Upin_00026710	XLOC_017642	XLOC_017642
Upin_00026711	XLOC_017643	XLOC_017643
Upin_00027283	XLOC_017643	XLOC_017643
Upin_00026995	XLOC_018014	XLOC_018014
Upin_00026712	XLOC_017644	XLOC_017644
Upin_00027284	XLOC_017644	XLOC_017644
Upin_00026996	XLOC_018015	XLOC_018015
Upin_00027561	XLOC_018015	XLOC_018015
Upin_00027285	XLOC_017645	XLOC_017645
Upin_00026713	XLOC_017646	XLOC_017646
Upin_00026714	XLOC_017647	XLOC_017647
Upin_00026715	XLOC_017648	XLOC_017648
Upin_00026716	XLOC_017649	XLOC_017649
Upin_00026717	XLOC_017650	XLOC_017650
Upin_00026718	XLOC_017651	XLOC_017651
Upin_00026719	XLOC_017652	XLOC_017652
Upin_00026720	XLOC_017653	XLOC_017653
Upin_00027562	XLOC_018016	XLOC_018016
Upin_00026721	XLOC_017654	XLOC_017654
Upin_00026998	XLOC_018017	XLOC_018017
Upin_00027287	XLOC_017655	XLOC_017655
Upin_00026999	XLOC_018018	XLOC_018018
Upin_00027564	XLOC_018019	XLOC_018019
Upin_00027000	XLOC_018019	XLOC_018019
Upin_00027001	XLOC_018020	XLOC_018020
Upin_00027002	XLOC_018021	XLOC_018021
Upin_00027566	XLOC_018021	XLOC_018021
Upin_00027567	XLOC_018021	XLOC_018021
Upin_00027288	XLOC_017656	XLOC_017656
Upin_00027289	XLOC_017657	XLOC_017657
Upin_00027568	XLOC_018022	XLOC_018022
Upin_00027003	XLOC_018023	XLOC_018023
Upin_00027290	XLOC_017658	XLOC_017658
Upin_00026723	XLOC_017659	XLOC_017659
Upin_00026724	XLOC_017660	XLOC_017660
Upin_00027570	XLOC_018025	XLOC_018025
Upin_00027006	XLOC_018026	XLOC_018026
Upin_00027572	XLOC_018027	XLOC_018027
Upin_00026725	XLOC_017661	XLOC_017661
Upin_00027007	XLOC_018028	XLOC_018028
Upin_00026726	XLOC_017662	XLOC_017662
Upin_00026727	XLOC_017663	XLOC_017663
Upin_00027292	XLOC_017664	XLOC_017664
Upin_00026728	XLOC_017665	XLOC_017665
Upin_00026729	XLOC_017666	XLOC_017666
Upin_00026730	XLOC_017667	XLOC_017667
Upin_00026731	XLOC_017668	XLOC_017668
Upin_00027293	XLOC_017669	XLOC_017669
Upin_00027573	XLOC_018029	XLOC_018029
Upin_00027574	XLOC_018030	XLOC_018030
Upin_00027008	XLOC_018031	XLOC_018031
Upin_00027294	XLOC_017670	XLOC_017670
Upin_00026732	XLOC_017670	XLOC_017670
Upin_00027295	XLOC_017670	XLOC_017670
Upin_00027009	XLOC_018032	XLOC_018032
Upin_00027297	XLOC_017672	XLOC_017672
Upin_00026733	XLOC_017673	XLOC_017673
Upin_00027298	XLOC_017673	XLOC_017673
Upin_00027010	XLOC_018033	XLOC_018033
Upin_00027576	XLOC_018033	XLOC_018033
Upin_00027299	XLOC_017674	XLOC_017674
Upin_00027300	XLOC_017675	XLOC_017675
Upin_00026734	XLOC_017675	XLOC_017675
Upin_00027578	XLOC_018035	XLOC_018035
Upin_00026735	XLOC_017676	XLOC_017676
Upin_00027579	XLOC_018036	XLOC_018036
Upin_00027580	XLOC_018037	XLOC_018037
Upin_00027011	XLOC_018038	XLOC_018038
Upin_00027581	XLOC_018038	XLOC_018038
Upin_00027584	XLOC_018038	XLOC_018038
Upin_00027301	XLOC_017677	XLOC_017677
Upin_00027012	XLOC_018039	XLOC_018039
Upin_00027587	XLOC_018039	XLOC_018039
Upin_00027588	XLOC_018040	XLOC_018040
Upin_00027015	XLOC_018041	XLOC_018041
Upin_00027589	XLOC_018042	XLOC_018042
Upin_00027590	XLOC_018043	XLOC_018043
Upin_00027302	XLOC_017678	XLOC_017678
Upin_00026736	XLOC_017679	XLOC_017679
Upin_00027303	XLOC_017680	XLOC_017680
Upin_00026737	XLOC_017681	XLOC_017681
Upin_00027591	XLOC_018044	XLOC_018044
Upin_00026738	XLOC_017682	XLOC_017682
Upin_00027304	XLOC_017682	XLOC_017682
Upin_00027593	XLOC_018046	XLOC_018046
Upin_00026739	XLOC_017684	XLOC_017684
Upin_00027306	XLOC_017684	XLOC_017684
Upin_00027307	XLOC_017684	XLOC_017684
Upin_00027308	XLOC_017684	XLOC_017684
Upin_00027594	XLOC_018047	XLOC_018047
Upin_00026740	XLOC_017685	XLOC_017685
Upin_00027595	XLOC_018048	XLOC_018048
Upin_00027596	XLOC_018049	XLOC_018049
Upin_00027597	XLOC_018050	XLOC_018050
Upin_00027598	XLOC_018051	XLOC_018051
Upin_00027017	XLOC_018052	XLOC_018052
Upin_00027018	XLOC_018053	XLOC_018053
Upin_00027019	XLOC_018054	XLOC_018054
Upin_00026741	XLOC_017686	XLOC_017686
Upin_00027020	XLOC_018055	XLOC_018055
Upin_00027021	XLOC_018056	XLOC_018056
Upin_00027022	XLOC_018057	XLOC_018057
Upin_00027309	XLOC_017687	XLOC_017687
Upin_00027023	XLOC_018058	XLOC_018058
Upin_00027599	XLOC_018058	XLOC_018058
Upin_00026742	XLOC_017688	XLOC_017688
Upin_00026743	XLOC_017689	XLOC_017689
Upin_00027600	XLOC_018059	XLOC_018059
Upin_00027601	XLOC_018060	XLOC_018060
Upin_00026744	XLOC_017690	XLOC_017690
Upin_00027602	XLOC_018061	XLOC_018061
Upin_00027024	XLOC_018061	XLOC_018061
Upin_00026745	XLOC_017691	XLOC_017691
Upin_00026746	XLOC_017692	XLOC_017692
Upin_00027025	XLOC_018062	XLOC_018062
Upin_00026747	XLOC_017693	XLOC_017693
Upin_00027310	XLOC_017693	XLOC_017693
Upin_00027311	XLOC_017693	XLOC_017693
Upin_00026748	XLOC_017694	XLOC_017694
Upin_00027026	XLOC_018063	XLOC_018063
Upin_00027027	XLOC_018064	XLOC_018064
Upin_00026749	XLOC_017696	XLOC_017696
Upin_00026750	XLOC_017697	XLOC_017697
Upin_00027313	XLOC_017697	XLOC_017697
Upin_00026751	XLOC_017698	XLOC_017698
Upin_00027028	XLOC_018065	XLOC_018065
Upin_00026752	XLOC_017699	XLOC_017699
Upin_00026753	XLOC_017700	XLOC_017700
Upin_00027029	XLOC_018066	XLOC_018066
Upin_00027030	XLOC_018067	XLOC_018067
Upin_00027031	XLOC_018068	XLOC_018068
Upin_00027032	XLOC_018069	XLOC_018069
Upin_00027033	XLOC_018070	XLOC_018070
Upin_00027034	XLOC_018071	XLOC_018071
Upin_00027035	XLOC_018072	XLOC_018072
Upin_00027036	XLOC_018073	XLOC_018073
Upin_00027605	XLOC_018074	XLOC_018074
Upin_00027038	XLOC_018075	XLOC_018075
Upin_00026754	XLOC_017702	XLOC_017702
Upin_00026755	XLOC_017703	XLOC_017703
Upin_00027039	XLOC_018076	XLOC_018076
Upin_00027040	XLOC_018077	XLOC_018077
Upin_00026756	XLOC_017704	XLOC_017704
Upin_00027316	XLOC_017704	XLOC_017704
Upin_00026757	XLOC_017705	XLOC_017705
Upin_00026758	XLOC_017706	XLOC_017706
Upin_00026759	XLOC_017707	XLOC_017707
Upin_00026760	XLOC_017708	XLOC_017708
Upin_00027318	XLOC_017709	XLOC_017709
Upin_00027041	XLOC_018078	XLOC_018078
Upin_00028311	XLOC_018083	XLOC_018083
Upin_00027611	XLOC_018084	XLOC_018084
Upin_00027612	XLOC_018085	XLOC_018085
Upin_00027949	XLOC_018523	XLOC_018523
Upin_00027613	XLOC_018086	XLOC_018086
Upin_00027614	XLOC_018087	XLOC_018087
Upin_00027615	XLOC_018088	XLOC_018088
Upin_00027950	XLOC_018524	XLOC_018524
Upin_00027951	XLOC_018525	XLOC_018525
Upin_00027616	XLOC_018089	XLOC_018089
Upin_00027952	XLOC_018526	XLOC_018526
Upin_00027617	XLOC_018090	XLOC_018090
Upin_00028662	XLOC_018527	XLOC_018527
Upin_00027953	XLOC_018527	XLOC_018527
Upin_00027954	XLOC_018528	XLOC_018528
Upin_00027618	XLOC_018091	XLOC_018091
Upin_00027955	XLOC_018529	XLOC_018529
Upin_00027619	XLOC_018092	XLOC_018092
Upin_00027620	XLOC_018093	XLOC_018093
Upin_00027956	XLOC_018530	XLOC_018530
Upin_00028664	XLOC_018530	XLOC_018530
Upin_00027622	XLOC_018094	XLOC_018094
Upin_00028314	XLOC_018094	XLOC_018094
Upin_00027623	XLOC_018095	XLOC_018095
Upin_00028665	XLOC_018531	XLOC_018531
Upin_00027957	XLOC_018531	XLOC_018531
Upin_00027958	XLOC_018532	XLOC_018532
Upin_00028666	XLOC_018533	XLOC_018533
Upin_00028667	XLOC_018534	XLOC_018534
Upin_00028668	XLOC_018535	XLOC_018535
Upin_00028316	XLOC_018096	XLOC_018096
Upin_00027624	XLOC_018096	XLOC_018096
Upin_00028669	XLOC_018536	XLOC_018536
Upin_00027625	XLOC_018097	XLOC_018097
Upin_00027959	XLOC_018537	XLOC_018537
Upin_00028670	XLOC_018537	XLOC_018537
Upin_00027626	XLOC_018099	XLOC_018099
Upin_00027960	XLOC_018538	XLOC_018538
Upin_00027627	XLOC_018100	XLOC_018100
Upin_00027628	XLOC_018101	XLOC_018101
Upin_00027961	XLOC_018539	XLOC_018539
Upin_00027962	XLOC_018540	XLOC_018540
Upin_00027963	XLOC_018541	XLOC_018541
Upin_00028671	XLOC_018542	XLOC_018542
Upin_00028673	XLOC_018544	XLOC_018544
Upin_00027964	XLOC_018545	XLOC_018545
Upin_00028674	XLOC_018546	XLOC_018546
Upin_00027965	XLOC_018547	XLOC_018547
Upin_00027966	XLOC_018548	XLOC_018548
Upin_00027967	XLOC_018549	XLOC_018549
Upin_00027629	XLOC_018102	XLOC_018102
Upin_00028318	XLOC_018102	XLOC_018102
Upin_00028675	XLOC_018550	XLOC_018550
Upin_00027968	XLOC_018550	XLOC_018550
Upin_00027630	XLOC_018103	XLOC_018103
Upin_00027631	XLOC_018104	XLOC_018104
Upin_00028676	XLOC_018551	XLOC_018551
Upin_00027632	XLOC_018105	XLOC_018105
Upin_00028677	XLOC_018552	XLOC_018552
Upin_00027969	XLOC_018553	XLOC_018553
Upin_00028678	XLOC_018553	XLOC_018553
Upin_00027970	XLOC_018554	XLOC_018554
Upin_00028679	XLOC_018554	XLOC_018554
Upin_00027633	XLOC_018106	XLOC_018106
Upin_00027971	XLOC_018555	XLOC_018555
Upin_00027634	XLOC_018107	XLOC_018107
Upin_00028321	XLOC_018108	XLOC_018108
Upin_00027972	XLOC_018557	XLOC_018557
Upin_00028681	XLOC_018557	XLOC_018557
Upin_00027973	XLOC_018558	XLOC_018558
Upin_00028682	XLOC_018558	XLOC_018558
Upin_00028683	XLOC_018559	XLOC_018559
Upin_00027635	XLOC_018109	XLOC_018109
Upin_00027974	XLOC_018560	XLOC_018560
Upin_00027975	XLOC_018561	XLOC_018561
Upin_00028322	XLOC_018110	XLOC_018110
Upin_00028323	XLOC_018111	XLOC_018111
Upin_00028684	XLOC_018562	XLOC_018562
Upin_00027976	XLOC_018562	XLOC_018562
Upin_00028326	XLOC_018112	XLOC_018112
Upin_00027977	XLOC_018563	XLOC_018563
Upin_00027637	XLOC_018113	XLOC_018113
Upin_00027978	XLOC_018564	XLOC_018564
Upin_00028685	XLOC_018564	XLOC_018564
Upin_00028686	XLOC_018564	XLOC_018564
Upin_00027979	XLOC_018565	XLOC_018565
Upin_00028687	XLOC_018565	XLOC_018565
Upin_00028688	XLOC_018566	XLOC_018566
Upin_00027980	XLOC_018566	XLOC_018566
Upin_00027638	XLOC_018114	XLOC_018114
Upin_00028330	XLOC_018114	XLOC_018114
Upin_00027981	XLOC_018568	XLOC_018568
Upin_00028690	XLOC_018569	XLOC_018569
Upin_00027982	XLOC_018570	XLOC_018570
Upin_00027639	XLOC_018115	XLOC_018115
Upin_00028691	XLOC_018571	XLOC_018571
Upin_00027983	XLOC_018571	XLOC_018571
Upin_00028692	XLOC_018571	XLOC_018571
Upin_00028693	XLOC_018571	XLOC_018571
Upin_00027640	XLOC_018116	XLOC_018116
Upin_00027641	XLOC_018117	XLOC_018117
Upin_00027984	XLOC_018572	XLOC_018572
Upin_00028332	XLOC_018118	XLOC_018118
Upin_00028694	XLOC_018573	XLOC_018573
Upin_00027985	XLOC_018574	XLOC_018574
Upin_00028695	XLOC_018574	XLOC_018574
Upin_00027986	XLOC_018575	XLOC_018575
Upin_00028696	XLOC_018575	XLOC_018575
Upin_00028333	XLOC_018119	XLOC_018119
Upin_00028334	XLOC_018120	XLOC_018120
Upin_00027987	XLOC_018576	XLOC_018576
Upin_00028697	XLOC_018576	XLOC_018576
Upin_00027645	XLOC_018121	XLOC_018121
Upin_00027646	XLOC_018122	XLOC_018122
Upin_00028335	XLOC_018122	XLOC_018122
Upin_00027647	XLOC_018123	XLOC_018123
Upin_00027988	XLOC_018577	XLOC_018577
Upin_00028698	XLOC_018577	XLOC_018577
Upin_00027648	XLOC_018124	XLOC_018124
Upin_00028699	XLOC_018578	XLOC_018578
Upin_00028700	XLOC_018579	XLOC_018579
Upin_00027989	XLOC_018579	XLOC_018579
Upin_00028701	XLOC_018579	XLOC_018579
Upin_00028702	XLOC_018580	XLOC_018580
Upin_00027990	XLOC_018580	XLOC_018580
Upin_00028703	XLOC_018580	XLOC_018580
Upin_00028704	XLOC_018581	XLOC_018581
Upin_00027991	XLOC_018582	XLOC_018582
Upin_00028338	XLOC_018125	XLOC_018125
Upin_00027649	XLOC_018125	XLOC_018125
Upin_00027992	XLOC_018583	XLOC_018583
Upin_00028705	XLOC_018584	XLOC_018584
Upin_00027993	XLOC_018584	XLOC_018584
Upin_00028706	XLOC_018584	XLOC_018584
Upin_00028339	XLOC_018126	XLOC_018126
Upin_00027650	XLOC_018126	XLOC_018126
Upin_00028340	XLOC_018127	XLOC_018127
Upin_00027994	XLOC_018585	XLOC_018585
Upin_00027651	XLOC_018128	XLOC_018128
Upin_00027652	XLOC_018129	XLOC_018129
Upin_00027653	XLOC_018130	XLOC_018130
Upin_00028341	XLOC_018130	XLOC_018130
Upin_00028707	XLOC_018586	XLOC_018586
Upin_00027995	XLOC_018586	XLOC_018586
Upin_00027654	XLOC_018132	XLOC_018132
Upin_00028343	XLOC_018132	XLOC_018132
Upin_00027996	XLOC_018587	XLOC_018587
Upin_00028708	XLOC_018587	XLOC_018587
Upin_00027655	XLOC_018133	XLOC_018133
Upin_00027997	XLOC_018588	XLOC_018588
Upin_00027656	XLOC_018134	XLOC_018134
Upin_00028345	XLOC_018134	XLOC_018134
Upin_00028346	XLOC_018134	XLOC_018134
Upin_00028709	XLOC_018589	XLOC_018589
Upin_00027998	XLOC_018590	XLOC_018590
Upin_00027658	XLOC_018135	XLOC_018135
Upin_00028351	XLOC_018136	XLOC_018136
Upin_00028710	XLOC_018591	XLOC_018591
Upin_00027999	XLOC_018591	XLOC_018591
Upin_00028711	XLOC_018591	XLOC_018591
Upin_00027659	XLOC_018137	XLOC_018137
Upin_00028000	XLOC_018592	XLOC_018592
Upin_00028354	XLOC_018139	XLOC_018139
Upin_00028001	XLOC_018593	XLOC_018593
Upin_00028712	XLOC_018593	XLOC_018593
Upin_00028355	XLOC_018140	XLOC_018140
Upin_00028713	XLOC_018594	XLOC_018594
Upin_00028002	XLOC_018594	XLOC_018594
Upin_00028714	XLOC_018594	XLOC_018594
Upin_00028003	XLOC_018595	XLOC_018595
Upin_00028357	XLOC_018142	XLOC_018142
Upin_00027662	XLOC_018143	XLOC_018143
Upin_00028004	XLOC_018596	XLOC_018596
Upin_00028716	XLOC_018596	XLOC_018596
Upin_00027663	XLOC_018144	XLOC_018144
Upin_00028005	XLOC_018597	XLOC_018597
Upin_00027664	XLOC_018145	XLOC_018145
Upin_00027665	XLOC_018146	XLOC_018146
Upin_00028359	XLOC_018147	XLOC_018147
Upin_00027668	XLOC_018148	XLOC_018148
Upin_00028006	XLOC_018598	XLOC_018598
Upin_00027669	XLOC_018149	XLOC_018149
Upin_00028361	XLOC_018149	XLOC_018149
Upin_00027670	XLOC_018150	XLOC_018150
Upin_00028007	XLOC_018599	XLOC_018599
Upin_00028008	XLOC_018600	XLOC_018600
Upin_00028717	XLOC_018600	XLOC_018600
Upin_00028718	XLOC_018601	XLOC_018601
Upin_00028009	XLOC_018601	XLOC_018601
Upin_00028719	XLOC_018601	XLOC_018601
Upin_00028362	XLOC_018151	XLOC_018151
Upin_00028010	XLOC_018602	XLOC_018602
Upin_00027671	XLOC_018152	XLOC_018152
Upin_00028364	XLOC_018152	XLOC_018152
Upin_00028365	XLOC_018152	XLOC_018152
Upin_00028011	XLOC_018603	XLOC_018603
Upin_00028012	XLOC_018604	XLOC_018604
Upin_00028720	XLOC_018604	XLOC_018604
Upin_00028367	XLOC_018154	XLOC_018154
Upin_00028013	XLOC_018605	XLOC_018605
Upin_00027673	XLOC_018157	XLOC_018157
Upin_00028373	XLOC_018160	XLOC_018160
Upin_00028374	XLOC_018161	XLOC_018161
Upin_00028721	XLOC_018606	XLOC_018606
Upin_00028014	XLOC_018607	XLOC_018607
Upin_00028722	XLOC_018607	XLOC_018607
Upin_00028723	XLOC_018607	XLOC_018607
Upin_00027674	XLOC_018162	XLOC_018162
Upin_00028015	XLOC_018608	XLOC_018608
Upin_00028724	XLOC_018609	XLOC_018609
Upin_00027675	XLOC_018163	XLOC_018163
Upin_00027676	XLOC_018164	XLOC_018164
Upin_00028725	XLOC_018610	XLOC_018610
Upin_00028017	XLOC_018611	XLOC_018611
Upin_00028726	XLOC_018611	XLOC_018611
Upin_00027677	XLOC_018165	XLOC_018165
Upin_00028376	XLOC_018165	XLOC_018165
Upin_00028727	XLOC_018612	XLOC_018612
Upin_00028018	XLOC_018613	XLOC_018613
Upin_00027678	XLOC_018166	XLOC_018166
Upin_00028728	XLOC_018614	XLOC_018614
Upin_00028020	XLOC_018615	XLOC_018615
Upin_00028729	XLOC_018615	XLOC_018615
Upin_00028377	XLOC_018167	XLOC_018167
Upin_00027679	XLOC_018167	XLOC_018167
Upin_00028021	XLOC_018616	XLOC_018616
Upin_00028731	XLOC_018617	XLOC_018617
Upin_00027680	XLOC_018168	XLOC_018168
Upin_00028732	XLOC_018618	XLOC_018618
Upin_00028379	XLOC_018169	XLOC_018169
Upin_00027681	XLOC_018170	XLOC_018170
Upin_00027682	XLOC_018171	XLOC_018171
Upin_00028733	XLOC_018619	XLOC_018619
Upin_00028734	XLOC_018620	XLOC_018620
Upin_00028023	XLOC_018620	XLOC_018620
Upin_00027683	XLOC_018172	XLOC_018172
Upin_00028735	XLOC_018621	XLOC_018621
Upin_00028024	XLOC_018621	XLOC_018621
Upin_00027684	XLOC_018173	XLOC_018173
Upin_00028025	XLOC_018622	XLOC_018622
Upin_00028736	XLOC_018623	XLOC_018623
Upin_00028026	XLOC_018623	XLOC_018623
Upin_00027685	XLOC_018174	XLOC_018174
Upin_00028383	XLOC_018175	XLOC_018175
Upin_00027687	XLOC_018175	XLOC_018175
Upin_00028737	XLOC_018624	XLOC_018624
Upin_00028738	XLOC_018625	XLOC_018625
Upin_00027688	XLOC_018177	XLOC_018177
Upin_00028739	XLOC_018626	XLOC_018626
Upin_00028740	XLOC_018627	XLOC_018627
Upin_00028028	XLOC_018627	XLOC_018627
Upin_00028741	XLOC_018628	XLOC_018628
Upin_00028389	XLOC_018181	XLOC_018181
Upin_00028029	XLOC_018629	XLOC_018629
Upin_00028743	XLOC_018629	XLOC_018629
Upin_00028030	XLOC_018630	XLOC_018630
Upin_00028390	XLOC_018182	XLOC_018182
Upin_00028744	XLOC_018631	XLOC_018631
Upin_00028032	XLOC_018631	XLOC_018631
Upin_00027690	XLOC_018183	XLOC_018183
Upin_00028745	XLOC_018632	XLOC_018632
Upin_00028033	XLOC_018632	XLOC_018632
Upin_00027691	XLOC_018184	XLOC_018184
Upin_00028035	XLOC_018633	XLOC_018633
Upin_00028036	XLOC_018634	XLOC_018634
Upin_00028037	XLOC_018635	XLOC_018635
Upin_00027692	XLOC_018185	XLOC_018185
Upin_00028748	XLOC_018636	XLOC_018636
Upin_00028394	XLOC_018186	XLOC_018186
Upin_00027694	XLOC_018188	XLOC_018188
Upin_00027695	XLOC_018189	XLOC_018189
Upin_00028749	XLOC_018637	XLOC_018637
Upin_00028038	XLOC_018637	XLOC_018637
Upin_00028397	XLOC_018191	XLOC_018191
Upin_00028398	XLOC_018192	XLOC_018192
Upin_00028399	XLOC_018193	XLOC_018193
Upin_00027696	XLOC_018194	XLOC_018194
Upin_00028039	XLOC_018638	XLOC_018638
Upin_00027697	XLOC_018195	XLOC_018195
Upin_00028040	XLOC_018639	XLOC_018639
Upin_00028041	XLOC_018640	XLOC_018640
Upin_00027698	XLOC_018196	XLOC_018196
Upin_00027699	XLOC_018197	XLOC_018197
Upin_00028401	XLOC_018198	XLOC_018198
Upin_00028752	XLOC_018641	XLOC_018641
Upin_00028753	XLOC_018642	XLOC_018642
Upin_00028042	XLOC_018643	XLOC_018643
Upin_00028754	XLOC_018643	XLOC_018643
Upin_00028402	XLOC_018199	XLOC_018199
Upin_00028755	XLOC_018644	XLOC_018644
Upin_00028043	XLOC_018644	XLOC_018644
Upin_00028403	XLOC_018200	XLOC_018200
Upin_00028044	XLOC_018645	XLOC_018645
Upin_00028045	XLOC_018646	XLOC_018646
Upin_00027700	XLOC_018201	XLOC_018201
Upin_00028046	XLOC_018647	XLOC_018647
Upin_00027701	XLOC_018202	XLOC_018202
Upin_00028405	XLOC_018203	XLOC_018203
Upin_00028757	XLOC_018648	XLOC_018648
Upin_00028047	XLOC_018648	XLOC_018648
Upin_00028758	XLOC_018648	XLOC_018648
Upin_00027703	XLOC_018204	XLOC_018204
Upin_00028408	XLOC_018205	XLOC_018205
Upin_00027704	XLOC_018205	XLOC_018205
Upin_00028759	XLOC_018649	XLOC_018649
Upin_00028048	XLOC_018649	XLOC_018649
Upin_00027705	XLOC_018206	XLOC_018206
Upin_00028049	XLOC_018650	XLOC_018650
Upin_00028050	XLOC_018651	XLOC_018651
Upin_00028051	XLOC_018652	XLOC_018652
Upin_00028052	XLOC_018652	XLOC_018652
Upin_00028053	XLOC_018653	XLOC_018653
Upin_00028054	XLOC_018654	XLOC_018654
Upin_00028055	XLOC_018655	XLOC_018655
Upin_00028056	XLOC_018656	XLOC_018656
Upin_00028760	XLOC_018657	XLOC_018657
Upin_00027707	XLOC_018207	XLOC_018207
Upin_00028410	XLOC_018207	XLOC_018207
Upin_00028762	XLOC_018659	XLOC_018659
Upin_00028057	XLOC_018659	XLOC_018659
Upin_00028763	XLOC_018659	XLOC_018659
Upin_00027708	XLOC_018208	XLOC_018208
Upin_00027709	XLOC_018209	XLOC_018209
Upin_00028764	XLOC_018660	XLOC_018660
Upin_00028058	XLOC_018660	XLOC_018660
Upin_00028411	XLOC_018210	XLOC_018210
Upin_00028059	XLOC_018661	XLOC_018661
Upin_00028765	XLOC_018661	XLOC_018661
Upin_00027711	XLOC_018211	XLOC_018211
Upin_00028060	XLOC_018662	XLOC_018662
Upin_00027712	XLOC_018212	XLOC_018212
Upin_00028414	XLOC_018212	XLOC_018212
Upin_00028061	XLOC_018663	XLOC_018663
Upin_00028062	XLOC_018664	XLOC_018664
Upin_00028766	XLOC_018664	XLOC_018664
Upin_00027713	XLOC_018213	XLOC_018213
Upin_00027714	XLOC_018214	XLOC_018214
Upin_00028767	XLOC_018665	XLOC_018665
Upin_00028063	XLOC_018665	XLOC_018665
Upin_00027715	XLOC_018215	XLOC_018215
Upin_00028417	XLOC_018215	XLOC_018215
Upin_00028768	XLOC_018666	XLOC_018666
Upin_00027716	XLOC_018216	XLOC_018216
Upin_00027717	XLOC_018217	XLOC_018217
Upin_00028418	XLOC_018218	XLOC_018218
Upin_00028065	XLOC_018667	XLOC_018667
Upin_00027718	XLOC_018219	XLOC_018219
Upin_00027719	XLOC_018220	XLOC_018220
Upin_00028421	XLOC_018221	XLOC_018221
Upin_00027721	XLOC_018223	XLOC_018223
Upin_00027722	XLOC_018224	XLOC_018224
Upin_00027723	XLOC_018225	XLOC_018225
Upin_00028066	XLOC_018668	XLOC_018668
Upin_00028769	XLOC_018668	XLOC_018668
Upin_00027724	XLOC_018226	XLOC_018226
Upin_00028067	XLOC_018669	XLOC_018669
Upin_00027725	XLOC_018227	XLOC_018227
Upin_00028068	XLOC_018670	XLOC_018670
Upin_00028770	XLOC_018670	XLOC_018670
Upin_00028771	XLOC_018670	XLOC_018670
Upin_00028070	XLOC_018671	XLOC_018671
Upin_00028772	XLOC_018672	XLOC_018672
Upin_00028071	XLOC_018672	XLOC_018672
Upin_00028072	XLOC_018673	XLOC_018673
Upin_00028774	XLOC_018673	XLOC_018673
Upin_00028425	XLOC_018229	XLOC_018229
Upin_00027726	XLOC_018229	XLOC_018229
Upin_00028426	XLOC_018230	XLOC_018230
Upin_00028073	XLOC_018674	XLOC_018674
Upin_00028775	XLOC_018674	XLOC_018674
Upin_00027727	XLOC_018231	XLOC_018231
Upin_00028427	XLOC_018231	XLOC_018231
Upin_00028428	XLOC_018232	XLOC_018232
Upin_00028776	XLOC_018675	XLOC_018675
Upin_00028777	XLOC_018676	XLOC_018676
Upin_00027728	XLOC_018233	XLOC_018233
Upin_00028074	XLOC_018677	XLOC_018677
Upin_00027729	XLOC_018234	XLOC_018234
Upin_00028429	XLOC_018235	XLOC_018235
Upin_00028779	XLOC_018678	XLOC_018678
Upin_00027730	XLOC_018236	XLOC_018236
Upin_00028430	XLOC_018236	XLOC_018236
Upin_00028075	XLOC_018679	XLOC_018679
Upin_00027731	XLOC_018237	XLOC_018237
Upin_00028432	XLOC_018238	XLOC_018238
Upin_00027732	XLOC_018239	XLOC_018239
Upin_00027733	XLOC_018240	XLOC_018240
Upin_00027734	XLOC_018241	XLOC_018241
Upin_00028780	XLOC_018680	XLOC_018680
Upin_00028076	XLOC_018680	XLOC_018680
Upin_00028781	XLOC_018680	XLOC_018680
Upin_00027735	XLOC_018242	XLOC_018242
Upin_00028433	XLOC_018243	XLOC_018243
Upin_00028782	XLOC_018681	XLOC_018681
Upin_00028077	XLOC_018681	XLOC_018681
Upin_00028784	XLOC_018682	XLOC_018682
Upin_00027736	XLOC_018244	XLOC_018244
Upin_00028785	XLOC_018683	XLOC_018683
Upin_00027737	XLOC_018245	XLOC_018245
Upin_00028079	XLOC_018684	XLOC_018684
Upin_00028786	XLOC_018684	XLOC_018684
Upin_00027738	XLOC_018246	XLOC_018246
Upin_00028434	XLOC_018246	XLOC_018246
Upin_00028787	XLOC_018685	XLOC_018685
Upin_00028080	XLOC_018685	XLOC_018685
Upin_00028788	XLOC_018685	XLOC_018685
Upin_00028081	XLOC_018686	XLOC_018686
Upin_00027739	XLOC_018247	XLOC_018247
Upin_00028435	XLOC_018247	XLOC_018247
Upin_00027740	XLOC_018248	XLOC_018248
Upin_00028082	XLOC_018687	XLOC_018687
Upin_00028083	XLOC_018688	XLOC_018688
Upin_00028789	XLOC_018689	XLOC_018689
Upin_00027741	XLOC_018249	XLOC_018249
Upin_00028084	XLOC_018690	XLOC_018690
Upin_00027742	XLOC_018250	XLOC_018250
Upin_00028790	XLOC_018691	XLOC_018691
Upin_00028085	XLOC_018692	XLOC_018692
Upin_00027743	XLOC_018251	XLOC_018251
Upin_00028086	XLOC_018693	XLOC_018693
Upin_00028437	XLOC_018252	XLOC_018252
Upin_00027744	XLOC_018252	XLOC_018252
Upin_00028791	XLOC_018694	XLOC_018694
Upin_00028087	XLOC_018695	XLOC_018695
Upin_00028792	XLOC_018695	XLOC_018695
Upin_00028088	XLOC_018696	XLOC_018696
Upin_00028793	XLOC_018696	XLOC_018696
Upin_00028794	XLOC_018696	XLOC_018696
Upin_00027745	XLOC_018253	XLOC_018253
Upin_00028439	XLOC_018254	XLOC_018254
Upin_00027746	XLOC_018255	XLOC_018255
Upin_00028089	XLOC_018697	XLOC_018697
Upin_00028090	XLOC_018698	XLOC_018698
Upin_00028795	XLOC_018698	XLOC_018698
Upin_00027747	XLOC_018256	XLOC_018256
Upin_00028440	XLOC_018256	XLOC_018256
Upin_00028796	XLOC_018699	XLOC_018699
Upin_00028798	XLOC_018701	XLOC_018701
Upin_00028091	XLOC_018702	XLOC_018702
Upin_00028799	XLOC_018702	XLOC_018702
Upin_00028092	XLOC_018703	XLOC_018703
Upin_00027748	XLOC_018258	XLOC_018258
Upin_00028442	XLOC_018258	XLOC_018258
Upin_00028093	XLOC_018704	XLOC_018704
Upin_00028800	XLOC_018704	XLOC_018704
Upin_00027749	XLOC_018259	XLOC_018259
Upin_00028444	XLOC_018260	XLOC_018260
Upin_00028094	XLOC_018705	XLOC_018705
Upin_00027750	XLOC_018261	XLOC_018261
Upin_00027751	XLOC_018262	XLOC_018262
Upin_00027752	XLOC_018263	XLOC_018263
Upin_00028801	XLOC_018706	XLOC_018706
Upin_00028095	XLOC_018706	XLOC_018706
Upin_00028802	XLOC_018706	XLOC_018706
Upin_00027753	XLOC_018264	XLOC_018264
Upin_00027754	XLOC_018265	XLOC_018265
Upin_00028803	XLOC_018707	XLOC_018707
Upin_00028096	XLOC_018707	XLOC_018707
Upin_00028804	XLOC_018707	XLOC_018707
Upin_00027755	XLOC_018266	XLOC_018266
Upin_00028097	XLOC_018708	XLOC_018708
Upin_00028446	XLOC_018267	XLOC_018267
Upin_00028805	XLOC_018709	XLOC_018709
Upin_00028098	XLOC_018709	XLOC_018709
Upin_00028806	XLOC_018709	XLOC_018709
Upin_00028099	XLOC_018710	XLOC_018710
Upin_00027758	XLOC_018268	XLOC_018268
Upin_00028100	XLOC_018711	XLOC_018711
Upin_00028808	XLOC_018711	XLOC_018711
Upin_00028809	XLOC_018712	XLOC_018712
Upin_00027759	XLOC_018269	XLOC_018269
Upin_00028810	XLOC_018713	XLOC_018713
Upin_00028811	XLOC_018714	XLOC_018714
Upin_00027760	XLOC_018270	XLOC_018270
Upin_00028812	XLOC_018715	XLOC_018715
Upin_00028101	XLOC_018715	XLOC_018715
Upin_00027761	XLOC_018272	XLOC_018272
Upin_00028451	XLOC_018273	XLOC_018273
Upin_00027762	XLOC_018274	XLOC_018274
Upin_00028102	XLOC_018716	XLOC_018716
Upin_00028103	XLOC_018717	XLOC_018717
Upin_00028813	XLOC_018717	XLOC_018717
Upin_00028104	XLOC_018718	XLOC_018718
Upin_00027763	XLOC_018275	XLOC_018275
Upin_00028105	XLOC_018719	XLOC_018719
Upin_00027764	XLOC_018276	XLOC_018276
Upin_00028455	XLOC_018276	XLOC_018276
Upin_00028106	XLOC_018720	XLOC_018720
Upin_00028814	XLOC_018720	XLOC_018720
Upin_00028107	XLOC_018721	XLOC_018721
Upin_00028815	XLOC_018721	XLOC_018721
Upin_00027765	XLOC_018277	XLOC_018277
Upin_00028816	XLOC_018722	XLOC_018722
Upin_00028108	XLOC_018722	XLOC_018722
Upin_00027766	XLOC_018278	XLOC_018278
Upin_00028109	XLOC_018723	XLOC_018723
Upin_00028817	XLOC_018723	XLOC_018723
Upin_00027767	XLOC_018279	XLOC_018279
Upin_00028458	XLOC_018279	XLOC_018279
Upin_00028459	XLOC_018279	XLOC_018279
Upin_00028460	XLOC_018279	XLOC_018279
Upin_00028461	XLOC_018279	XLOC_018279
Upin_00028462	XLOC_018279	XLOC_018279
Upin_00028818	XLOC_018724	XLOC_018724
Upin_00028110	XLOC_018725	XLOC_018725
Upin_00027768	XLOC_018280	XLOC_018280
Upin_00028819	XLOC_018726	XLOC_018726
Upin_00027769	XLOC_018281	XLOC_018281
Upin_00028112	XLOC_018727	XLOC_018727
Upin_00028464	XLOC_018282	XLOC_018282
Upin_00028113	XLOC_018729	XLOC_018729
Upin_00028821	XLOC_018729	XLOC_018729
Upin_00028114	XLOC_018730	XLOC_018730
Upin_00028822	XLOC_018730	XLOC_018730
Upin_00027770	XLOC_018283	XLOC_018283
Upin_00028823	XLOC_018731	XLOC_018731
Upin_00028466	XLOC_018284	XLOC_018284
Upin_00028115	XLOC_018732	XLOC_018732
Upin_00028824	XLOC_018732	XLOC_018732
Upin_00028825	XLOC_018732	XLOC_018732
Upin_00028467	XLOC_018285	XLOC_018285
Upin_00028116	XLOC_018733	XLOC_018733
Upin_00028117	XLOC_018734	XLOC_018734
Upin_00028826	XLOC_018735	XLOC_018735
Upin_00028118	XLOC_018735	XLOC_018735
Upin_00027774	XLOC_018286	XLOC_018286
Upin_00028827	XLOC_018736	XLOC_018736
Upin_00028469	XLOC_018288	XLOC_018288
Upin_00028119	XLOC_018737	XLOC_018737
Upin_00028828	XLOC_018737	XLOC_018737
Upin_00027775	XLOC_018290	XLOC_018290
Upin_00028472	XLOC_018291	XLOC_018291
Upin_00027776	XLOC_018292	XLOC_018292
Upin_00028829	XLOC_018738	XLOC_018738
Upin_00028120	XLOC_018738	XLOC_018738
Upin_00027777	XLOC_018293	XLOC_018293
Upin_00027778	XLOC_018294	XLOC_018294
Upin_00027779	XLOC_018295	XLOC_018295
Upin_00028475	XLOC_018295	XLOC_018295
Upin_00028121	XLOC_018739	XLOC_018739
Upin_00027780	XLOC_018296	XLOC_018296
Upin_00028476	XLOC_018296	XLOC_018296
Upin_00028831	XLOC_018740	XLOC_018740
Upin_00028123	XLOC_018741	XLOC_018741
Upin_00027781	XLOC_018298	XLOC_018298
Upin_00028124	XLOC_018742	XLOC_018742
Upin_00027782	XLOC_018299	XLOC_018299
Upin_00028832	XLOC_018743	XLOC_018743
Upin_00028125	XLOC_018743	XLOC_018743
Upin_00028833	XLOC_018743	XLOC_018743
Upin_00027783	XLOC_018300	XLOC_018300
Upin_00028834	XLOC_018744	XLOC_018744
Upin_00028835	XLOC_018744	XLOC_018744
Upin_00028127	XLOC_018744	XLOC_018744
Upin_00028836	XLOC_018744	XLOC_018744
Upin_00028128	XLOC_018745	XLOC_018745
Upin_00028837	XLOC_018745	XLOC_018745
Upin_00028838	XLOC_018746	XLOC_018746
Upin_00028129	XLOC_018746	XLOC_018746
Upin_00027784	XLOC_018301	XLOC_018301
Upin_00028479	XLOC_018301	XLOC_018301
Upin_00027785	XLOC_018302	XLOC_018302
Upin_00028480	XLOC_018303	XLOC_018303
Upin_00028839	XLOC_018747	XLOC_018747
Upin_00028130	XLOC_018747	XLOC_018747
Upin_00028131	XLOC_018748	XLOC_018748
Upin_00027786	XLOC_018304	XLOC_018304
Upin_00028481	XLOC_018304	XLOC_018304
Upin_00028840	XLOC_018749	XLOC_018749
Upin_00028133	XLOC_018750	XLOC_018750
Upin_00028841	XLOC_018750	XLOC_018750
Upin_00028842	XLOC_018751	XLOC_018751
Upin_00027787	XLOC_018305	XLOC_018305
Upin_00028482	XLOC_018306	XLOC_018306
Upin_00028483	XLOC_018307	XLOC_018307
Upin_00027789	XLOC_018308	XLOC_018308
Upin_00028843	XLOC_018752	XLOC_018752
Upin_00027790	XLOC_018309	XLOC_018309
Upin_00028486	XLOC_018309	XLOC_018309
Upin_00028136	XLOC_018753	XLOC_018753
Upin_00028844	XLOC_018753	XLOC_018753
Upin_00027791	XLOC_018310	XLOC_018310
Upin_00028845	XLOC_018754	XLOC_018754
Upin_00028137	XLOC_018754	XLOC_018754
Upin_00028846	XLOC_018754	XLOC_018754
Upin_00027792	XLOC_018311	XLOC_018311
Upin_00028848	XLOC_018755	XLOC_018755
Upin_00027793	XLOC_018312	XLOC_018312
Upin_00028849	XLOC_018756	XLOC_018756
Upin_00028139	XLOC_018756	XLOC_018756
Upin_00027794	XLOC_018313	XLOC_018313
Upin_00028850	XLOC_018757	XLOC_018757
Upin_00028140	XLOC_018758	XLOC_018758
Upin_00028488	XLOC_018315	XLOC_018315
Upin_00028489	XLOC_018315	XLOC_018315
Upin_00028141	XLOC_018759	XLOC_018759
Upin_00028142	XLOC_018760	XLOC_018760
Upin_00028490	XLOC_018316	XLOC_018316
Upin_00028492	XLOC_018318	XLOC_018318
Upin_00028143	XLOC_018761	XLOC_018761
Upin_00027796	XLOC_018319	XLOC_018319
Upin_00027797	XLOC_018320	XLOC_018320
Upin_00027798	XLOC_018321	XLOC_018321
Upin_00027799	XLOC_018322	XLOC_018322
Upin_00028144	XLOC_018762	XLOC_018762
Upin_00027800	XLOC_018323	XLOC_018323
Upin_00028851	XLOC_018763	XLOC_018763
Upin_00028852	XLOC_018764	XLOC_018764
Upin_00028145	XLOC_018764	XLOC_018764
Upin_00028146	XLOC_018765	XLOC_018765
Upin_00027801	XLOC_018325	XLOC_018325
Upin_00028853	XLOC_018766	XLOC_018766
Upin_00028854	XLOC_018767	XLOC_018767
Upin_00028855	XLOC_018768	XLOC_018768
Upin_00027802	XLOC_018326	XLOC_018326
Upin_00028147	XLOC_018769	XLOC_018769
Upin_00028856	XLOC_018769	XLOC_018769
Upin_00028494	XLOC_018327	XLOC_018327
Upin_00028496	XLOC_018329	XLOC_018329
Upin_00027803	XLOC_018330	XLOC_018330
Upin_00028148	XLOC_018770	XLOC_018770
Upin_00028149	XLOC_018771	XLOC_018771
Upin_00028497	XLOC_018331	XLOC_018331
Upin_00028498	XLOC_018331	XLOC_018331
Upin_00028150	XLOC_018772	XLOC_018772
Upin_00028857	XLOC_018772	XLOC_018772
Upin_00028151	XLOC_018773	XLOC_018773
Upin_00027805	XLOC_018332	XLOC_018332
Upin_00028500	XLOC_018333	XLOC_018333
Upin_00028858	XLOC_018774	XLOC_018774
Upin_00028153	XLOC_018775	XLOC_018775
Upin_00028859	XLOC_018776	XLOC_018776
Upin_00027806	XLOC_018336	XLOC_018336
Upin_00028860	XLOC_018777	XLOC_018777
Upin_00028861	XLOC_018778	XLOC_018778
Upin_00028155	XLOC_018778	XLOC_018778
Upin_00027807	XLOC_018337	XLOC_018337
Upin_00028862	XLOC_018779	XLOC_018779
Upin_00028863	XLOC_018780	XLOC_018780
Upin_00028156	XLOC_018781	XLOC_018781
Upin_00028157	XLOC_018782	XLOC_018782
Upin_00027808	XLOC_018338	XLOC_018338
Upin_00027809	XLOC_018339	XLOC_018339
Upin_00028506	XLOC_018339	XLOC_018339
Upin_00028158	XLOC_018783	XLOC_018783
Upin_00027810	XLOC_018340	XLOC_018340
Upin_00028159	XLOC_018784	XLOC_018784
Upin_00027811	XLOC_018341	XLOC_018341
Upin_00027812	XLOC_018342	XLOC_018342
Upin_00028865	XLOC_018786	XLOC_018786
Upin_00028160	XLOC_018786	XLOC_018786
Upin_00028161	XLOC_018787	XLOC_018787
Upin_00028866	XLOC_018787	XLOC_018787
Upin_00028867	XLOC_018787	XLOC_018787
Upin_00027813	XLOC_018343	XLOC_018343
Upin_00028511	XLOC_018343	XLOC_018343
Upin_00028512	XLOC_018343	XLOC_018343
Upin_00028513	XLOC_018343	XLOC_018343
Upin_00028514	XLOC_018343	XLOC_018343
Upin_00028515	XLOC_018343	XLOC_018343
Upin_00028516	XLOC_018343	XLOC_018343
Upin_00028517	XLOC_018343	XLOC_018343
Upin_00028518	XLOC_018343	XLOC_018343
Upin_00028519	XLOC_018343	XLOC_018343
Upin_00028521	XLOC_018345	XLOC_018345
Upin_00028162	XLOC_018789	XLOC_018789
Upin_00028869	XLOC_018789	XLOC_018789
Upin_00028522	XLOC_018346	XLOC_018346
Upin_00027815	XLOC_018347	XLOC_018347
Upin_00028870	XLOC_018790	XLOC_018790
Upin_00027816	XLOC_018348	XLOC_018348
Upin_00028163	XLOC_018791	XLOC_018791
Upin_00028871	XLOC_018792	XLOC_018792
Upin_00027817	XLOC_018349	XLOC_018349
Upin_00028164	XLOC_018793	XLOC_018793
Upin_00027818	XLOC_018350	XLOC_018350
Upin_00028527	XLOC_018350	XLOC_018350
Upin_00028165	XLOC_018794	XLOC_018794
Upin_00028872	XLOC_018795	XLOC_018795
Upin_00027819	XLOC_018352	XLOC_018352
Upin_00028529	XLOC_018352	XLOC_018352
Upin_00028873	XLOC_018797	XLOC_018797
Upin_00028168	XLOC_018797	XLOC_018797
Upin_00027820	XLOC_018353	XLOC_018353
Upin_00028530	XLOC_018353	XLOC_018353
Upin_00027821	XLOC_018354	XLOC_018354
Upin_00028874	XLOC_018798	XLOC_018798
Upin_00027822	XLOC_018355	XLOC_018355
Upin_00028535	XLOC_018356	XLOC_018356
Upin_00028169	XLOC_018799	XLOC_018799
Upin_00027824	XLOC_018357	XLOC_018357
Upin_00028875	XLOC_018800	XLOC_018800
Upin_00028876	XLOC_018801	XLOC_018801
Upin_00028170	XLOC_018802	XLOC_018802
Upin_00028536	XLOC_018358	XLOC_018358
Upin_00027826	XLOC_018359	XLOC_018359
Upin_00027827	XLOC_018360	XLOC_018360
Upin_00027828	XLOC_018361	XLOC_018361
Upin_00028171	XLOC_018803	XLOC_018803
Upin_00028538	XLOC_018362	XLOC_018362
Upin_00027829	XLOC_018363	XLOC_018363
Upin_00028877	XLOC_018804	XLOC_018804
Upin_00028172	XLOC_018804	XLOC_018804
Upin_00028878	XLOC_018805	XLOC_018805
Upin_00027830	XLOC_018364	XLOC_018364
Upin_00028173	XLOC_018806	XLOC_018806
Upin_00028174	XLOC_018807	XLOC_018807
Upin_00028541	XLOC_018365	XLOC_018365
Upin_00028542	XLOC_018366	XLOC_018366
Upin_00028175	XLOC_018808	XLOC_018808
Upin_00027832	XLOC_018367	XLOC_018367
Upin_00028176	XLOC_018809	XLOC_018809
Upin_00028882	XLOC_018809	XLOC_018809
Upin_00028177	XLOC_018810	XLOC_018810
Upin_00028545	XLOC_018369	XLOC_018369
Upin_00028883	XLOC_018811	XLOC_018811
Upin_00027833	XLOC_018371	XLOC_018371
Upin_00028885	XLOC_018813	XLOC_018813
Upin_00028548	XLOC_018372	XLOC_018372
Upin_00028549	XLOC_018373	XLOC_018373
Upin_00028550	XLOC_018374	XLOC_018374
Upin_00028179	XLOC_018814	XLOC_018814
Upin_00028886	XLOC_018814	XLOC_018814
Upin_00028180	XLOC_018815	XLOC_018815
Upin_00028887	XLOC_018815	XLOC_018815
Upin_00028888	XLOC_018815	XLOC_018815
Upin_00028551	XLOC_018375	XLOC_018375
Upin_00028181	XLOC_018816	XLOC_018816
Upin_00027838	XLOC_018376	XLOC_018376
Upin_00028183	XLOC_018817	XLOC_018817
Upin_00027839	XLOC_018377	XLOC_018377
Upin_00028184	XLOC_018818	XLOC_018818
Upin_00027840	XLOC_018378	XLOC_018378
Upin_00028554	XLOC_018379	XLOC_018379
Upin_00028185	XLOC_018819	XLOC_018819
Upin_00027841	XLOC_018381	XLOC_018381
Upin_00028556	XLOC_018381	XLOC_018381
Upin_00028891	XLOC_018820	XLOC_018820
Upin_00028186	XLOC_018820	XLOC_018820
Upin_00027842	XLOC_018382	XLOC_018382
Upin_00028557	XLOC_018383	XLOC_018383
Upin_00028187	XLOC_018821	XLOC_018821
Upin_00028558	XLOC_018384	XLOC_018384
Upin_00027844	XLOC_018384	XLOC_018384
Upin_00028559	XLOC_018385	XLOC_018385
Upin_00028188	XLOC_018822	XLOC_018822
Upin_00027846	XLOC_018387	XLOC_018387
Upin_00028189	XLOC_018823	XLOC_018823
Upin_00028892	XLOC_018824	XLOC_018824
Upin_00028561	XLOC_018388	XLOC_018388
Upin_00027847	XLOC_018388	XLOC_018388
Upin_00028190	XLOC_018825	XLOC_018825
Upin_00028893	XLOC_018825	XLOC_018825
Upin_00028562	XLOC_018389	XLOC_018389
Upin_00028563	XLOC_018390	XLOC_018390
Upin_00028191	XLOC_018826	XLOC_018826
Upin_00028894	XLOC_018827	XLOC_018827
Upin_00028192	XLOC_018827	XLOC_018827
Upin_00028565	XLOC_018392	XLOC_018392
Upin_00027849	XLOC_018393	XLOC_018393
Upin_00028566	XLOC_018393	XLOC_018393
Upin_00028567	XLOC_018394	XLOC_018394
Upin_00028193	XLOC_018828	XLOC_018828
Upin_00028568	XLOC_018395	XLOC_018395
Upin_00028895	XLOC_018829	XLOC_018829
Upin_00028194	XLOC_018830	XLOC_018830
Upin_00027850	XLOC_018396	XLOC_018396
Upin_00028195	XLOC_018831	XLOC_018831
Upin_00028896	XLOC_018831	XLOC_018831
Upin_00027851	XLOC_018397	XLOC_018397
Upin_00028570	XLOC_018397	XLOC_018397
Upin_00028196	XLOC_018832	XLOC_018832
Upin_00028197	XLOC_018833	XLOC_018833
Upin_00027852	XLOC_018398	XLOC_018398
Upin_00028198	XLOC_018834	XLOC_018834
Upin_00028199	XLOC_018835	XLOC_018835
Upin_00028200	XLOC_018836	XLOC_018836
Upin_00028898	XLOC_018837	XLOC_018837
Upin_00028201	XLOC_018837	XLOC_018837
Upin_00027853	XLOC_018399	XLOC_018399
Upin_00028571	XLOC_018399	XLOC_018399
Upin_00028899	XLOC_018838	XLOC_018838
Upin_00028203	XLOC_018838	XLOC_018838
Upin_00028901	XLOC_018839	XLOC_018839
Upin_00028204	XLOC_018839	XLOC_018839
Upin_00028572	XLOC_018400	XLOC_018400
Upin_00028205	XLOC_018840	XLOC_018840
Upin_00028573	XLOC_018401	XLOC_018401
Upin_00027855	XLOC_018401	XLOC_018401
Upin_00028206	XLOC_018841	XLOC_018841
Upin_00027856	XLOC_018402	XLOC_018402
Upin_00028574	XLOC_018402	XLOC_018402
Upin_00028207	XLOC_018842	XLOC_018842
Upin_00028575	XLOC_018403	XLOC_018403
Upin_00028208	XLOC_018843	XLOC_018843
Upin_00027857	XLOC_018405	XLOC_018405
Upin_00028577	XLOC_018405	XLOC_018405
Upin_00028906	XLOC_018844	XLOC_018844
Upin_00028907	XLOC_018845	XLOC_018845
Upin_00028209	XLOC_018845	XLOC_018845
Upin_00028578	XLOC_018407	XLOC_018407
Upin_00027859	XLOC_018407	XLOC_018407
Upin_00028210	XLOC_018846	XLOC_018846
Upin_00028908	XLOC_018846	XLOC_018846
Upin_00028211	XLOC_018847	XLOC_018847
Upin_00028212	XLOC_018848	XLOC_018848
Upin_00028213	XLOC_018849	XLOC_018849
Upin_00027860	XLOC_018408	XLOC_018408
Upin_00028579	XLOC_018408	XLOC_018408
Upin_00028910	XLOC_018850	XLOC_018850
Upin_00028911	XLOC_018851	XLOC_018851
Upin_00028214	XLOC_018851	XLOC_018851
Upin_00028912	XLOC_018851	XLOC_018851
Upin_00028580	XLOC_018409	XLOC_018409
Upin_00027861	XLOC_018409	XLOC_018409
Upin_00028215	XLOC_018852	XLOC_018852
Upin_00028217	XLOC_018853	XLOC_018853
Upin_00028218	XLOC_018854	XLOC_018854
Upin_00027862	XLOC_018410	XLOC_018410
Upin_00028581	XLOC_018410	XLOC_018410
Upin_00027863	XLOC_018411	XLOC_018411
Upin_00028915	XLOC_018855	XLOC_018855
Upin_00028219	XLOC_018855	XLOC_018855
Upin_00028582	XLOC_018412	XLOC_018412
Upin_00027865	XLOC_018413	XLOC_018413
Upin_00027866	XLOC_018414	XLOC_018414
Upin_00028220	XLOC_018856	XLOC_018856
Upin_00027867	XLOC_018415	XLOC_018415
Upin_00028916	XLOC_018857	XLOC_018857
Upin_00027868	XLOC_018416	XLOC_018416
Upin_00028222	XLOC_018858	XLOC_018858
Upin_00027869	XLOC_018417	XLOC_018417
Upin_00027870	XLOC_018418	XLOC_018418
Upin_00028223	XLOC_018859	XLOC_018859
Upin_00028918	XLOC_018860	XLOC_018860
Upin_00028224	XLOC_018860	XLOC_018860
Upin_00028583	XLOC_018419	XLOC_018419
Upin_00027871	XLOC_018419	XLOC_018419
Upin_00028225	XLOC_018861	XLOC_018861
Upin_00028584	XLOC_018420	XLOC_018420
Upin_00027872	XLOC_018420	XLOC_018420
Upin_00028919	XLOC_018862	XLOC_018862
Upin_00028585	XLOC_018421	XLOC_018421
Upin_00027873	XLOC_018423	XLOC_018423
Upin_00028587	XLOC_018423	XLOC_018423
Upin_00028226	XLOC_018863	XLOC_018863
Upin_00027874	XLOC_018424	XLOC_018424
Upin_00028589	XLOC_018425	XLOC_018425
Upin_00027875	XLOC_018425	XLOC_018425
Upin_00028590	XLOC_018426	XLOC_018426
Upin_00028227	XLOC_018864	XLOC_018864
Upin_00027877	XLOC_018427	XLOC_018427
Upin_00028228	XLOC_018865	XLOC_018865
Upin_00028593	XLOC_018430	XLOC_018430
Upin_00027878	XLOC_018430	XLOC_018430
Upin_00028594	XLOC_018430	XLOC_018430
Upin_00028229	XLOC_018866	XLOC_018866
Upin_00027879	XLOC_018431	XLOC_018431
Upin_00028595	XLOC_018431	XLOC_018431
Upin_00028230	XLOC_018867	XLOC_018867
Upin_00027880	XLOC_018432	XLOC_018432
Upin_00028231	XLOC_018868	XLOC_018868
Upin_00027881	XLOC_018433	XLOC_018433
Upin_00028596	XLOC_018433	XLOC_018433
Upin_00028232	XLOC_018870	XLOC_018870
Upin_00028597	XLOC_018434	XLOC_018434
Upin_00028233	XLOC_018871	XLOC_018871
Upin_00028598	XLOC_018435	XLOC_018435
Upin_00028926	XLOC_018872	XLOC_018872
Upin_00028234	XLOC_018872	XLOC_018872
Upin_00027882	XLOC_018436	XLOC_018436
Upin_00028235	XLOC_018874	XLOC_018874
Upin_00027883	XLOC_018437	XLOC_018437
Upin_00027884	XLOC_018438	XLOC_018438
Upin_00028599	XLOC_018438	XLOC_018438
Upin_00028600	XLOC_018439	XLOC_018439
Upin_00027885	XLOC_018439	XLOC_018439
Upin_00028236	XLOC_018875	XLOC_018875
Upin_00028237	XLOC_018876	XLOC_018876
Upin_00027886	XLOC_018440	XLOC_018440
Upin_00028601	XLOC_018440	XLOC_018440
Upin_00028603	XLOC_018440	XLOC_018440
Upin_00028238	XLOC_018877	XLOC_018877
Upin_00028930	XLOC_018877	XLOC_018877
Upin_00028931	XLOC_018878	XLOC_018878
Upin_00028604	XLOC_018441	XLOC_018441
Upin_00027887	XLOC_018441	XLOC_018441
Upin_00028933	XLOC_018880	XLOC_018880
Upin_00028934	XLOC_018881	XLOC_018881
Upin_00027888	XLOC_018442	XLOC_018442
Upin_00028935	XLOC_018882	XLOC_018882
Upin_00028936	XLOC_018883	XLOC_018883
Upin_00028240	XLOC_018884	XLOC_018884
Upin_00028937	XLOC_018885	XLOC_018885
Upin_00028938	XLOC_018886	XLOC_018886
Upin_00028939	XLOC_018887	XLOC_018887
Upin_00028241	XLOC_018887	XLOC_018887
Upin_00028940	XLOC_018888	XLOC_018888
Upin_00028242	XLOC_018888	XLOC_018888
Upin_00028941	XLOC_018889	XLOC_018889
Upin_00028942	XLOC_018890	XLOC_018890
Upin_00028243	XLOC_018890	XLOC_018890
Upin_00028244	XLOC_018890	XLOC_018890
Upin_00028943	XLOC_018891	XLOC_018891
Upin_00028944	XLOC_018892	XLOC_018892
Upin_00028245	XLOC_018892	XLOC_018892
Upin_00028246	XLOC_018893	XLOC_018893
Upin_00028606	XLOC_018444	XLOC_018444
Upin_00027889	XLOC_018445	XLOC_018445
Upin_00028607	XLOC_018445	XLOC_018445
Upin_00028247	XLOC_018895	XLOC_018895
Upin_00028946	XLOC_018895	XLOC_018895
Upin_00028608	XLOC_018446	XLOC_018446
Upin_00027890	XLOC_018447	XLOC_018447
Upin_00028248	XLOC_018896	XLOC_018896
Upin_00028947	XLOC_018896	XLOC_018896
Upin_00028948	XLOC_018896	XLOC_018896
Upin_00028949	XLOC_018896	XLOC_018896
Upin_00027891	XLOC_018448	XLOC_018448
Upin_00028609	XLOC_018448	XLOC_018448
Upin_00028950	XLOC_018897	XLOC_018897
Upin_00027893	XLOC_018449	XLOC_018449
Upin_00027894	XLOC_018450	XLOC_018450
Upin_00028611	XLOC_018452	XLOC_018452
Upin_00028612	XLOC_018453	XLOC_018453
Upin_00027895	XLOC_018454	XLOC_018454
Upin_00028249	XLOC_018898	XLOC_018898
Upin_00027896	XLOC_018455	XLOC_018455
Upin_00028613	XLOC_018455	XLOC_018455
Upin_00028250	XLOC_018899	XLOC_018899
Upin_00027898	XLOC_018456	XLOC_018456
Upin_00028614	XLOC_018456	XLOC_018456
Upin_00028952	XLOC_018900	XLOC_018900
Upin_00028251	XLOC_018900	XLOC_018900
Upin_00028953	XLOC_018901	XLOC_018901
Upin_00027899	XLOC_018457	XLOC_018457
Upin_00027900	XLOC_018458	XLOC_018458
Upin_00028616	XLOC_018458	XLOC_018458
Upin_00028252	XLOC_018902	XLOC_018902
Upin_00028617	XLOC_018459	XLOC_018459
Upin_00027901	XLOC_018459	XLOC_018459
Upin_00028618	XLOC_018460	XLOC_018460
Upin_00028954	XLOC_018903	XLOC_018903
Upin_00028253	XLOC_018903	XLOC_018903
Upin_00028955	XLOC_018904	XLOC_018904
Upin_00028620	XLOC_018462	XLOC_018462
Upin_00027902	XLOC_018462	XLOC_018462
Upin_00028255	XLOC_018905	XLOC_018905
Upin_00028621	XLOC_018463	XLOC_018463
Upin_00027903	XLOC_018463	XLOC_018463
Upin_00028956	XLOC_018906	XLOC_018906
Upin_00028256	XLOC_018907	XLOC_018907
Upin_00028622	XLOC_018464	XLOC_018464
Upin_00027904	XLOC_018464	XLOC_018464
Upin_00028623	XLOC_018464	XLOC_018464
Upin_00028257	XLOC_018908	XLOC_018908
Upin_00028258	XLOC_018909	XLOC_018909
Upin_00027905	XLOC_018465	XLOC_018465
Upin_00028259	XLOC_018910	XLOC_018910
Upin_00027906	XLOC_018466	XLOC_018466
Upin_00027907	XLOC_018467	XLOC_018467
Upin_00028260	XLOC_018912	XLOC_018912
Upin_00027908	XLOC_018468	XLOC_018468
Upin_00027909	XLOC_018469	XLOC_018469
Upin_00028624	XLOC_018469	XLOC_018469
Upin_00027911	XLOC_018470	XLOC_018470
Upin_00028261	XLOC_018913	XLOC_018913
Upin_00028262	XLOC_018914	XLOC_018914
Upin_00028961	XLOC_018914	XLOC_018914
Upin_00028625	XLOC_018471	XLOC_018471
Upin_00027912	XLOC_018471	XLOC_018471
Upin_00028962	XLOC_018915	XLOC_018915
Upin_00028964	XLOC_018916	XLOC_018916
Upin_00028626	XLOC_018472	XLOC_018472
Upin_00028265	XLOC_018917	XLOC_018917
Upin_00028266	XLOC_018918	XLOC_018918
Upin_00027914	XLOC_018473	XLOC_018473
Upin_00028966	XLOC_018919	XLOC_018919
Upin_00028267	XLOC_018920	XLOC_018920
Upin_00028627	XLOC_018474	XLOC_018474
Upin_00028967	XLOC_018921	XLOC_018921
Upin_00028268	XLOC_018921	XLOC_018921
Upin_00028968	XLOC_018921	XLOC_018921
Upin_00027915	XLOC_018475	XLOC_018475
Upin_00027916	XLOC_018476	XLOC_018476
Upin_00028628	XLOC_018476	XLOC_018476
Upin_00028269	XLOC_018922	XLOC_018922
Upin_00028969	XLOC_018922	XLOC_018922
Upin_00027917	XLOC_018479	XLOC_018479
Upin_00028631	XLOC_018479	XLOC_018479
Upin_00027918	XLOC_018480	XLOC_018480
Upin_00028270	XLOC_018923	XLOC_018923
Upin_00027919	XLOC_018481	XLOC_018481
Upin_00028271	XLOC_018924	XLOC_018924
Upin_00028633	XLOC_018482	XLOC_018482
Upin_00027920	XLOC_018483	XLOC_018483
Upin_00027921	XLOC_018484	XLOC_018484
Upin_00028972	XLOC_018925	XLOC_018925
Upin_00028634	XLOC_018485	XLOC_018485
Upin_00028273	XLOC_018926	XLOC_018926
Upin_00027922	XLOC_018486	XLOC_018486
Upin_00028635	XLOC_018487	XLOC_018487
Upin_00028637	XLOC_018489	XLOC_018489
Upin_00028638	XLOC_018490	XLOC_018490
Upin_00028640	XLOC_018491	XLOC_018491
Upin_00028976	XLOC_018929	XLOC_018929
Upin_00027924	XLOC_018492	XLOC_018492
Upin_00028275	XLOC_018930	XLOC_018930
Upin_00028276	XLOC_018931	XLOC_018931
Upin_00028978	XLOC_018931	XLOC_018931
Upin_00028979	XLOC_018931	XLOC_018931
Upin_00028980	XLOC_018931	XLOC_018931
Upin_00028983	XLOC_018932	XLOC_018932
Upin_00028277	XLOC_018933	XLOC_018933
Upin_00028984	XLOC_018933	XLOC_018933
Upin_00028641	XLOC_018493	XLOC_018493
Upin_00027925	XLOC_018493	XLOC_018493
Upin_00028278	XLOC_018935	XLOC_018935
Upin_00028986	XLOC_018935	XLOC_018935
Upin_00027926	XLOC_018494	XLOC_018494
Upin_00028642	XLOC_018494	XLOC_018494
Upin_00028279	XLOC_018936	XLOC_018936
Upin_00027927	XLOC_018495	XLOC_018495
Upin_00027928	XLOC_018496	XLOC_018496
Upin_00027929	XLOC_018497	XLOC_018497
Upin_00028988	XLOC_018937	XLOC_018937
Upin_00028280	XLOC_018938	XLOC_018938
Upin_00028281	XLOC_018939	XLOC_018939
Upin_00027930	XLOC_018498	XLOC_018498
Upin_00028992	XLOC_018940	XLOC_018940
Upin_00028283	XLOC_018940	XLOC_018940
Upin_00027931	XLOC_018499	XLOC_018499
Upin_00028644	XLOC_018499	XLOC_018499
Upin_00028645	XLOC_018500	XLOC_018500
Upin_00027933	XLOC_018501	XLOC_018501
Upin_00028996	XLOC_018941	XLOC_018941
Upin_00028285	XLOC_018942	XLOC_018942
Upin_00028997	XLOC_018942	XLOC_018942
Upin_00028286	XLOC_018943	XLOC_018943
Upin_00028287	XLOC_018944	XLOC_018944
Upin_00028999	XLOC_018945	XLOC_018945
Upin_00028288	XLOC_018945	XLOC_018945
Upin_00028646	XLOC_018502	XLOC_018502
Upin_00027934	XLOC_018502	XLOC_018502
Upin_00028289	XLOC_018946	XLOC_018946
Upin_00028290	XLOC_018947	XLOC_018947
Upin_00027935	XLOC_018503	XLOC_018503
Upin_00028647	XLOC_018503	XLOC_018503
Upin_00028291	XLOC_018948	XLOC_018948
Upin_00027936	XLOC_018504	XLOC_018504
Upin_00028292	XLOC_018949	XLOC_018949
Upin_00027937	XLOC_018505	XLOC_018505
Upin_00028293	XLOC_018950	XLOC_018950
Upin_00029002	XLOC_018950	XLOC_018950
Upin_00027938	XLOC_018506	XLOC_018506
Upin_00028648	XLOC_018506	XLOC_018506
Upin_00028294	XLOC_018951	XLOC_018951
Upin_00029003	XLOC_018951	XLOC_018951
Upin_00027939	XLOC_018507	XLOC_018507
Upin_00028649	XLOC_018507	XLOC_018507
Upin_00027940	XLOC_018508	XLOC_018508
Upin_00028650	XLOC_018508	XLOC_018508
Upin_00029004	XLOC_018952	XLOC_018952
Upin_00028296	XLOC_018953	XLOC_018953
Upin_00028651	XLOC_018509	XLOC_018509
Upin_00027941	XLOC_018509	XLOC_018509
Upin_00028297	XLOC_018954	XLOC_018954
Upin_00028298	XLOC_018955	XLOC_018955
Upin_00028299	XLOC_018956	XLOC_018956
Upin_00029007	XLOC_018956	XLOC_018956
Upin_00028300	XLOC_018957	XLOC_018957
Upin_00029008	XLOC_018957	XLOC_018957
Upin_00028653	XLOC_018510	XLOC_018510
Upin_00028654	XLOC_018511	XLOC_018511
Upin_00028301	XLOC_018958	XLOC_018958
Upin_00028302	XLOC_018959	XLOC_018959
Upin_00028303	XLOC_018960	XLOC_018960
Upin_00029009	XLOC_018960	XLOC_018960
Upin_00029010	XLOC_018961	XLOC_018961
Upin_00028304	XLOC_018962	XLOC_018962
Upin_00029011	XLOC_018962	XLOC_018962
Upin_00027942	XLOC_018512	XLOC_018512
Upin_00028305	XLOC_018963	XLOC_018963
Upin_00027943	XLOC_018513	XLOC_018513
Upin_00028306	XLOC_018964	XLOC_018964
Upin_00027944	XLOC_018514	XLOC_018514
Upin_00028655	XLOC_018515	XLOC_018515
Upin_00028307	XLOC_018965	XLOC_018965
Upin_00028656	XLOC_018516	XLOC_018516
Upin_00028657	XLOC_018517	XLOC_018517
Upin_00028308	XLOC_018966	XLOC_018966
Upin_00027945	XLOC_018518	XLOC_018518
Upin_00028658	XLOC_018518	XLOC_018518
Upin_00028659	XLOC_018519	XLOC_018519
Upin_00029012	XLOC_018967	XLOC_018967
Upin_00027946	XLOC_018520	XLOC_018520
Upin_00028309	XLOC_018968	XLOC_018968
Upin_00029013	XLOC_018968	XLOC_018968
Upin_00029014	XLOC_018968	XLOC_018968
Upin_00028660	XLOC_018521	XLOC_018521
Upin_00027947	XLOC_018521	XLOC_018521
Upin_00028661	XLOC_018522	XLOC_018522
Upin_00027948	XLOC_018522	XLOC_018522
Upin_00029015	XLOC_018969	XLOC_018969
Upin_00028310	XLOC_018970	XLOC_018970
Upin_00001706	XLOC_000661	XLOC_000661
Upin_00001343	XLOC_001117	XLOC_001117
Upin_00002094	XLOC_001118	XLOC_001118
Upin_00001344	XLOC_001118	XLOC_001118
Upin_00000988	XLOC_000662	XLOC_000662
Upin_00001345	XLOC_001120	XLOC_001120
Upin_00001346	XLOC_001121	XLOC_001121
Upin_00001707	XLOC_000663	XLOC_000663
Upin_00002099	XLOC_001122	XLOC_001122
Upin_00000989	XLOC_000664	XLOC_000664
Upin_00001347	XLOC_001123	XLOC_001123
Upin_00002100	XLOC_001124	XLOC_001124
Upin_00002101	XLOC_001125	XLOC_001125
Upin_00001350	XLOC_001125	XLOC_001125
Upin_00000990	XLOC_000665	XLOC_000665
Upin_00001708	XLOC_000665	XLOC_000665
Upin_00001351	XLOC_001126	XLOC_001126
Upin_00002103	XLOC_001126	XLOC_001126
Upin_00001709	XLOC_000666	XLOC_000666
Upin_00001352	XLOC_001127	XLOC_001127
Upin_00002104	XLOC_001127	XLOC_001127
Upin_00001710	XLOC_000667	XLOC_000667
Upin_00001711	XLOC_000668	XLOC_000668
Upin_00001712	XLOC_000669	XLOC_000669
Upin_00001354	XLOC_001129	XLOC_001129
Upin_00000993	XLOC_000670	XLOC_000670
Upin_00001355	XLOC_001130	XLOC_001130
Upin_00002105	XLOC_001130	XLOC_001130
Upin_00000994	XLOC_000671	XLOC_000671
Upin_00001356	XLOC_001131	XLOC_001131
Upin_00001357	XLOC_001132	XLOC_001132
Upin_00001358	XLOC_001133	XLOC_001133
Upin_00001715	XLOC_000672	XLOC_000672
Upin_00001359	XLOC_001134	XLOC_001134
Upin_00002106	XLOC_001134	XLOC_001134
Upin_00001360	XLOC_001135	XLOC_001135
Upin_00001717	XLOC_000674	XLOC_000674
Upin_00001361	XLOC_001136	XLOC_001136
Upin_00001363	XLOC_001137	XLOC_001137
Upin_00001364	XLOC_001138	XLOC_001138
Upin_00002110	XLOC_001138	XLOC_001138
Upin_00000998	XLOC_000676	XLOC_000676
Upin_00000999	XLOC_000677	XLOC_000677
Upin_00001366	XLOC_001139	XLOC_001139
Upin_00001000	XLOC_000678	XLOC_000678
Upin_00001719	XLOC_000679	XLOC_000679
Upin_00001001	XLOC_000679	XLOC_000679
Upin_00001720	XLOC_000679	XLOC_000679
Upin_00001722	XLOC_000680	XLOC_000680
Upin_00001002	XLOC_000680	XLOC_000680
Upin_00001367	XLOC_001140	XLOC_001140
Upin_00001003	XLOC_000681	XLOC_000681
Upin_00001004	XLOC_000682	XLOC_000682
Upin_00001724	XLOC_000683	XLOC_000683
Upin_00001005	XLOC_000683	XLOC_000683
Upin_00001368	XLOC_001141	XLOC_001141
Upin_00001006	XLOC_000684	XLOC_000684
Upin_00001369	XLOC_001142	XLOC_001142
Upin_00001007	XLOC_000685	XLOC_000685
Upin_00002114	XLOC_001143	XLOC_001143
Upin_00001726	XLOC_000686	XLOC_000686
Upin_00001008	XLOC_000686	XLOC_000686
Upin_00001009	XLOC_000687	XLOC_000687
Upin_00001727	XLOC_000687	XLOC_000687
Upin_00001370	XLOC_001144	XLOC_001144
Upin_00001371	XLOC_001145	XLOC_001145
Upin_00001372	XLOC_001146	XLOC_001146
Upin_00001010	XLOC_000688	XLOC_000688
Upin_00001729	XLOC_000688	XLOC_000688
Upin_00002118	XLOC_001147	XLOC_001147
Upin_00001011	XLOC_000689	XLOC_000689
Upin_00001012	XLOC_000690	XLOC_000690
Upin_00001013	XLOC_000691	XLOC_000691
Upin_00001730	XLOC_000691	XLOC_000691
Upin_00001374	XLOC_001148	XLOC_001148
Upin_00001375	XLOC_001149	XLOC_001149
Upin_00002119	XLOC_001149	XLOC_001149
Upin_00001731	XLOC_000692	XLOC_000692
Upin_00001014	XLOC_000692	XLOC_000692
Upin_00001376	XLOC_001150	XLOC_001150
Upin_00002121	XLOC_001150	XLOC_001150
Upin_00001015	XLOC_000694	XLOC_000694
Upin_00001377	XLOC_001151	XLOC_001151
Upin_00002123	XLOC_001153	XLOC_001153
Upin_00001016	XLOC_000695	XLOC_000695
Upin_00001378	XLOC_001154	XLOC_001154
Upin_00001733	XLOC_000696	XLOC_000696
Upin_00001017	XLOC_000696	XLOC_000696
Upin_00001018	XLOC_000697	XLOC_000697
Upin_00001734	XLOC_000697	XLOC_000697
Upin_00001019	XLOC_000698	XLOC_000698
Upin_00001379	XLOC_001155	XLOC_001155
Upin_00001020	XLOC_000699	XLOC_000699
Upin_00001380	XLOC_001156	XLOC_001156
Upin_00002125	XLOC_001156	XLOC_001156
Upin_00001021	XLOC_000700	XLOC_000700
Upin_00001735	XLOC_000700	XLOC_000700
Upin_00001381	XLOC_001157	XLOC_001157
Upin_00002126	XLOC_001157	XLOC_001157
Upin_00002127	XLOC_001157	XLOC_001157
Upin_00001736	XLOC_000701	XLOC_000701
Upin_00001382	XLOC_001158	XLOC_001158
Upin_00002128	XLOC_001158	XLOC_001158
Upin_00002129	XLOC_001158	XLOC_001158
Upin_00002130	XLOC_001159	XLOC_001159
Upin_00002132	XLOC_001160	XLOC_001160
Upin_00001022	XLOC_000702	XLOC_000702
Upin_00001383	XLOC_001161	XLOC_001161
Upin_00002133	XLOC_001161	XLOC_001161
Upin_00001384	XLOC_001162	XLOC_001162
Upin_00001738	XLOC_000703	XLOC_000703
Upin_00001385	XLOC_001163	XLOC_001163
Upin_00001024	XLOC_000704	XLOC_000704
Upin_00001025	XLOC_000705	XLOC_000705
Upin_00001740	XLOC_000705	XLOC_000705
Upin_00001386	XLOC_001164	XLOC_001164
Upin_00001387	XLOC_001165	XLOC_001165
Upin_00001026	XLOC_000706	XLOC_000706
Upin_00001388	XLOC_001166	XLOC_001166
Upin_00001027	XLOC_000707	XLOC_000707
Upin_00002139	XLOC_001167	XLOC_001167
Upin_00001389	XLOC_001168	XLOC_001168
Upin_00001743	XLOC_000709	XLOC_000709
Upin_00001744	XLOC_000710	XLOC_000710
Upin_00002141	XLOC_001170	XLOC_001170
Upin_00001390	XLOC_001171	XLOC_001171
Upin_00001029	XLOC_000711	XLOC_000711
Upin_00001030	XLOC_000712	XLOC_000712
Upin_00001391	XLOC_001174	XLOC_001174
Upin_00001031	XLOC_000713	XLOC_000713
Upin_00001747	XLOC_000715	XLOC_000715
Upin_00001392	XLOC_001175	XLOC_001175
Upin_00001748	XLOC_000716	XLOC_000716
Upin_00001032	XLOC_000716	XLOC_000716
Upin_00001749	XLOC_000716	XLOC_000716
Upin_00002145	XLOC_001176	XLOC_001176
Upin_00001751	XLOC_000717	XLOC_000717
Upin_00001393	XLOC_001177	XLOC_001177
Upin_00001752	XLOC_000718	XLOC_000718
Upin_00001033	XLOC_000719	XLOC_000719
Upin_00002147	XLOC_001178	XLOC_001178
Upin_00001394	XLOC_001179	XLOC_001179
Upin_00001754	XLOC_000720	XLOC_000720
Upin_00002149	XLOC_001180	XLOC_001180
Upin_00001035	XLOC_000721	XLOC_000721
Upin_00001396	XLOC_001181	XLOC_001181
Upin_00001755	XLOC_000722	XLOC_000722
Upin_00001397	XLOC_001182	XLOC_001182
Upin_00002150	XLOC_001182	XLOC_001182
Upin_00001037	XLOC_000723	XLOC_000723
Upin_00001398	XLOC_001183	XLOC_001183
Upin_00001399	XLOC_001184	XLOC_001184
Upin_00002151	XLOC_001184	XLOC_001184
Upin_00002152	XLOC_001185	XLOC_001185
Upin_00001400	XLOC_001186	XLOC_001186
Upin_00001038	XLOC_000724	XLOC_000724
Upin_00001756	XLOC_000724	XLOC_000724
Upin_00002155	XLOC_001187	XLOC_001187
Upin_00001039	XLOC_000725	XLOC_000725
Upin_00001401	XLOC_001188	XLOC_001188
Upin_00001040	XLOC_000726	XLOC_000726
Upin_00001759	XLOC_000726	XLOC_000726
Upin_00002156	XLOC_001189	XLOC_001189
Upin_00001041	XLOC_000727	XLOC_000727
Upin_00002157	XLOC_001190	XLOC_001190
Upin_00001404	XLOC_001191	XLOC_001191
Upin_00001760	XLOC_000728	XLOC_000728
Upin_00001042	XLOC_000729	XLOC_000729
Upin_00001405	XLOC_001192	XLOC_001192
Upin_00002158	XLOC_001193	XLOC_001193
Upin_00001406	XLOC_001193	XLOC_001193
Upin_00001043	XLOC_000730	XLOC_000730
Upin_00001407	XLOC_001194	XLOC_001194
Upin_00001044	XLOC_000731	XLOC_000731
Upin_00001408	XLOC_001195	XLOC_001195
Upin_00001045	XLOC_000732	XLOC_000732
Upin_00001762	XLOC_000732	XLOC_000732
Upin_00001409	XLOC_001196	XLOC_001196
Upin_00002160	XLOC_001196	XLOC_001196
Upin_00002161	XLOC_001196	XLOC_001196
Upin_00001410	XLOC_001197	XLOC_001197
Upin_00001046	XLOC_000733	XLOC_000733
Upin_00001047	XLOC_000734	XLOC_000734
Upin_00001411	XLOC_001198	XLOC_001198
Upin_00001048	XLOC_000735	XLOC_000735
Upin_00002164	XLOC_001199	XLOC_001199
Upin_00001764	XLOC_000736	XLOC_000736
Upin_00001414	XLOC_001200	XLOC_001200
Upin_00001415	XLOC_001201	XLOC_001201
Upin_00001416	XLOC_001203	XLOC_001203
Upin_00001049	XLOC_000737	XLOC_000737
Upin_00001765	XLOC_000737	XLOC_000737
Upin_00001050	XLOC_000738	XLOC_000738
Upin_00001417	XLOC_001204	XLOC_001204
Upin_00002168	XLOC_001205	XLOC_001205
Upin_00001418	XLOC_001206	XLOC_001206
Upin_00002170	XLOC_001207	XLOC_001207
Upin_00001766	XLOC_000739	XLOC_000739
Upin_00001420	XLOC_001208	XLOC_001208
Upin_00001767	XLOC_000740	XLOC_000740
Upin_00001051	XLOC_000741	XLOC_000741
Upin_00001768	XLOC_000741	XLOC_000741
Upin_00001052	XLOC_000742	XLOC_000742
Upin_00001053	XLOC_000743	XLOC_000743
Upin_00001421	XLOC_001209	XLOC_001209
Upin_00001054	XLOC_000744	XLOC_000744
Upin_00001423	XLOC_001211	XLOC_001211
Upin_00001424	XLOC_001212	XLOC_001212
Upin_00001055	XLOC_000746	XLOC_000746
Upin_00001425	XLOC_001213	XLOC_001213
Upin_00002172	XLOC_001213	XLOC_001213
Upin_00002173	XLOC_001214	XLOC_001214
Upin_00001426	XLOC_001215	XLOC_001215
Upin_00001056	XLOC_000747	XLOC_000747
Upin_00001772	XLOC_000747	XLOC_000747
Upin_00001427	XLOC_001216	XLOC_001216
Upin_00001773	XLOC_000748	XLOC_000748
Upin_00001428	XLOC_001217	XLOC_001217
Upin_00001057	XLOC_000749	XLOC_000749
Upin_00001429	XLOC_001218	XLOC_001218
Upin_00001774	XLOC_000750	XLOC_000750
Upin_00001775	XLOC_000750	XLOC_000750
Upin_00001430	XLOC_001219	XLOC_001219
Upin_00001776	XLOC_000751	XLOC_000751
Upin_00001777	XLOC_000752	XLOC_000752
Upin_00001431	XLOC_001220	XLOC_001220
Upin_00001060	XLOC_000753	XLOC_000753
Upin_00001432	XLOC_001221	XLOC_001221
Upin_00001061	XLOC_000755	XLOC_000755
Upin_00001781	XLOC_000756	XLOC_000756
Upin_00001433	XLOC_001222	XLOC_001222
Upin_00001434	XLOC_001223	XLOC_001223
Upin_00001063	XLOC_000757	XLOC_000757
Upin_00001435	XLOC_001224	XLOC_001224
Upin_00001064	XLOC_000758	XLOC_000758
Upin_00001436	XLOC_001225	XLOC_001225
Upin_00001437	XLOC_001226	XLOC_001226
Upin_00002176	XLOC_001226	XLOC_001226
Upin_00001065	XLOC_000759	XLOC_000759
Upin_00001438	XLOC_001227	XLOC_001227
Upin_00002177	XLOC_001227	XLOC_001227
Upin_00001783	XLOC_000760	XLOC_000760
Upin_00001784	XLOC_000760	XLOC_000760
Upin_00002178	XLOC_001228	XLOC_001228
Upin_00001439	XLOC_001228	XLOC_001228
Upin_00001066	XLOC_000761	XLOC_000761
Upin_00001785	XLOC_000761	XLOC_000761
Upin_00001440	XLOC_001229	XLOC_001229
Upin_00001067	XLOC_000762	XLOC_000762
Upin_00001068	XLOC_000763	XLOC_000763
Upin_00001069	XLOC_000764	XLOC_000764
Upin_00001786	XLOC_000765	XLOC_000765
Upin_00002180	XLOC_001231	XLOC_001231
Upin_00001441	XLOC_001231	XLOC_001231
Upin_00001787	XLOC_000766	XLOC_000766
Upin_00001070	XLOC_000767	XLOC_000767
Upin_00001788	XLOC_000767	XLOC_000767
Upin_00002182	XLOC_001232	XLOC_001232
Upin_00002183	XLOC_001233	XLOC_001233
Upin_00001071	XLOC_000768	XLOC_000768
Upin_00001442	XLOC_001234	XLOC_001234
Upin_00001072	XLOC_000769	XLOC_000769
Upin_00001443	XLOC_001235	XLOC_001235
Upin_00001073	XLOC_000770	XLOC_000770
Upin_00001790	XLOC_000770	XLOC_000770
Upin_00002185	XLOC_001236	XLOC_001236
Upin_00001445	XLOC_001237	XLOC_001237
Upin_00001074	XLOC_000771	XLOC_000771
Upin_00002188	XLOC_001238	XLOC_001238
Upin_00001446	XLOC_001238	XLOC_001238
Upin_00001447	XLOC_001239	XLOC_001239
Upin_00001075	XLOC_000772	XLOC_000772
Upin_00001076	XLOC_000773	XLOC_000773
Upin_00001792	XLOC_000773	XLOC_000773
Upin_00002189	XLOC_001240	XLOC_001240
Upin_00001077	XLOC_000774	XLOC_000774
Upin_00001448	XLOC_001241	XLOC_001241
Upin_00001449	XLOC_001242	XLOC_001242
Upin_00001078	XLOC_000775	XLOC_000775
Upin_00001079	XLOC_000776	XLOC_000776
Upin_00001450	XLOC_001243	XLOC_001243
Upin_00001080	XLOC_000777	XLOC_000777
Upin_00002190	XLOC_001244	XLOC_001244
Upin_00001451	XLOC_001245	XLOC_001245
Upin_00002191	XLOC_001245	XLOC_001245
Upin_00001081	XLOC_000778	XLOC_000778
Upin_00001794	XLOC_000778	XLOC_000778
Upin_00001082	XLOC_000779	XLOC_000779
Upin_00001795	XLOC_000779	XLOC_000779
Upin_00001452	XLOC_001246	XLOC_001246
Upin_00002192	XLOC_001247	XLOC_001247
Upin_00001453	XLOC_001247	XLOC_001247
Upin_00001083	XLOC_000780	XLOC_000780
Upin_00001084	XLOC_000781	XLOC_000781
Upin_00002193	XLOC_001248	XLOC_001248
Upin_00001454	XLOC_001248	XLOC_001248
Upin_00001455	XLOC_001249	XLOC_001249
Upin_00001085	XLOC_000782	XLOC_000782
Upin_00001456	XLOC_001250	XLOC_001250
Upin_00001796	XLOC_000783	XLOC_000783
Upin_00002195	XLOC_001251	XLOC_001251
Upin_00001086	XLOC_000784	XLOC_000784
Upin_00002197	XLOC_001252	XLOC_001252
Upin_00001087	XLOC_000785	XLOC_000785
Upin_00001458	XLOC_001253	XLOC_001253
Upin_00001088	XLOC_000786	XLOC_000786
Upin_00001798	XLOC_000786	XLOC_000786
Upin_00001459	XLOC_001254	XLOC_001254
Upin_00001089	XLOC_000788	XLOC_000788
Upin_00001460	XLOC_001255	XLOC_001255
Upin_00002198	XLOC_001255	XLOC_001255
Upin_00001461	XLOC_001256	XLOC_001256
Upin_00001090	XLOC_000789	XLOC_000789
Upin_00001800	XLOC_000789	XLOC_000789
Upin_00001462	XLOC_001258	XLOC_001258
Upin_00001091	XLOC_000790	XLOC_000790
Upin_00001801	XLOC_000790	XLOC_000790
Upin_00002200	XLOC_001259	XLOC_001259
Upin_00001463	XLOC_001259	XLOC_001259
Upin_00001802	XLOC_000791	XLOC_000791
Upin_00001803	XLOC_000792	XLOC_000792
Upin_00001464	XLOC_001260	XLOC_001260
Upin_00002201	XLOC_001260	XLOC_001260
Upin_00001465	XLOC_001261	XLOC_001261
Upin_00001466	XLOC_001262	XLOC_001262
Upin_00001467	XLOC_001263	XLOC_001263
Upin_00001468	XLOC_001264	XLOC_001264
Upin_00002202	XLOC_001264	XLOC_001264
Upin_00001469	XLOC_001265	XLOC_001265
Upin_00001470	XLOC_001266	XLOC_001266
Upin_00002203	XLOC_001266	XLOC_001266
Upin_00001092	XLOC_000793	XLOC_000793
Upin_00001471	XLOC_001267	XLOC_001267
Upin_00002204	XLOC_001267	XLOC_001267
Upin_00001093	XLOC_000795	XLOC_000795
Upin_00001806	XLOC_000796	XLOC_000796
Upin_00001472	XLOC_001268	XLOC_001268
Upin_00001094	XLOC_000797	XLOC_000797
Upin_00001095	XLOC_000798	XLOC_000798
Upin_00002207	XLOC_001270	XLOC_001270
Upin_00001473	XLOC_001270	XLOC_001270
Upin_00002208	XLOC_001271	XLOC_001271
Upin_00001474	XLOC_001271	XLOC_001271
Upin_00001097	XLOC_000799	XLOC_000799
Upin_00001475	XLOC_001272	XLOC_001272
Upin_00001098	XLOC_000800	XLOC_000800
Upin_00001099	XLOC_000801	XLOC_000801
Upin_00001808	XLOC_000801	XLOC_000801
Upin_00001476	XLOC_001273	XLOC_001273
Upin_00002210	XLOC_001273	XLOC_001273
Upin_00001100	XLOC_000803	XLOC_000803
Upin_00002211	XLOC_001274	XLOC_001274
Upin_00001101	XLOC_000805	XLOC_000805
Upin_00001813	XLOC_000806	XLOC_000806
Upin_00001478	XLOC_001275	XLOC_001275
Upin_00002212	XLOC_001275	XLOC_001275
Upin_00001814	XLOC_000807	XLOC_000807
Upin_00001103	XLOC_000808	XLOC_000808
Upin_00002213	XLOC_001276	XLOC_001276
Upin_00001479	XLOC_001276	XLOC_001276
Upin_00002214	XLOC_001276	XLOC_001276
Upin_00001104	XLOC_000810	XLOC_000810
Upin_00002215	XLOC_001277	XLOC_001277
Upin_00001480	XLOC_001277	XLOC_001277
Upin_00002216	XLOC_001277	XLOC_001277
Upin_00001481	XLOC_001278	XLOC_001278
Upin_00001105	XLOC_000811	XLOC_000811
Upin_00001106	XLOC_000812	XLOC_000812
Upin_00001819	XLOC_000812	XLOC_000812
Upin_00001820	XLOC_000812	XLOC_000812
Upin_00001107	XLOC_000813	XLOC_000813
Upin_00001821	XLOC_000813	XLOC_000813
Upin_00001822	XLOC_000813	XLOC_000813
Upin_00001108	XLOC_000814	XLOC_000814
Upin_00001823	XLOC_000814	XLOC_000814
Upin_00001482	XLOC_001279	XLOC_001279
Upin_00001109	XLOC_000815	XLOC_000815
Upin_00001825	XLOC_000815	XLOC_000815
Upin_00001826	XLOC_000816	XLOC_000816
Upin_00001111	XLOC_000817	XLOC_000817
Upin_00001827	XLOC_000817	XLOC_000817
Upin_00001112	XLOC_000818	XLOC_000818
Upin_00001829	XLOC_000818	XLOC_000818
Upin_00002217	XLOC_001280	XLOC_001280
Upin_00002218	XLOC_001281	XLOC_001281
Upin_00001483	XLOC_001281	XLOC_001281
Upin_00001834	XLOC_000820	XLOC_000820
Upin_00001113	XLOC_000820	XLOC_000820
Upin_00001484	XLOC_001282	XLOC_001282
Upin_00001835	XLOC_000821	XLOC_000821
Upin_00001114	XLOC_000823	XLOC_000823
Upin_00001838	XLOC_000823	XLOC_000823
Upin_00001485	XLOC_001284	XLOC_001284
Upin_00001115	XLOC_000824	XLOC_000824
Upin_00001116	XLOC_000825	XLOC_000825
Upin_00001117	XLOC_000826	XLOC_000826
Upin_00001118	XLOC_000827	XLOC_000827
Upin_00001486	XLOC_001285	XLOC_001285
Upin_00002220	XLOC_001285	XLOC_001285
Upin_00002221	XLOC_001285	XLOC_001285
Upin_00002222	XLOC_001285	XLOC_001285
Upin_00002223	XLOC_001285	XLOC_001285
Upin_00002224	XLOC_001285	XLOC_001285
Upin_00001119	XLOC_000828	XLOC_000828
Upin_00001839	XLOC_000829	XLOC_000829
Upin_00002225	XLOC_001286	XLOC_001286
Upin_00001487	XLOC_001286	XLOC_001286
Upin_00001488	XLOC_001287	XLOC_001287
Upin_00002226	XLOC_001287	XLOC_001287
Upin_00001120	XLOC_000831	XLOC_000831
Upin_00002227	XLOC_001288	XLOC_001288
Upin_00002228	XLOC_001289	XLOC_001289
Upin_00001841	XLOC_000832	XLOC_000832
Upin_00001121	XLOC_000832	XLOC_000832
Upin_00001842	XLOC_000832	XLOC_000832
Upin_00002229	XLOC_001290	XLOC_001290
Upin_00002230	XLOC_001291	XLOC_001291
Upin_00001843	XLOC_000833	XLOC_000833
Upin_00001122	XLOC_000833	XLOC_000833
Upin_00001844	XLOC_000834	XLOC_000834
Upin_00001490	XLOC_001292	XLOC_001292
Upin_00001124	XLOC_000835	XLOC_000835
Upin_00001491	XLOC_001293	XLOC_001293
Upin_00001125	XLOC_000836	XLOC_000836
Upin_00001846	XLOC_000837	XLOC_000837
Upin_00002231	XLOC_001294	XLOC_001294
Upin_00001492	XLOC_001295	XLOC_001295
Upin_00002232	XLOC_001295	XLOC_001295
Upin_00001847	XLOC_000838	XLOC_000838
Upin_00001126	XLOC_000839	XLOC_000839
Upin_00001848	XLOC_000839	XLOC_000839
Upin_00002233	XLOC_001296	XLOC_001296
Upin_00001493	XLOC_001296	XLOC_001296
Upin_00001127	XLOC_000840	XLOC_000840
Upin_00001494	XLOC_001297	XLOC_001297
Upin_00001128	XLOC_000842	XLOC_000842
Upin_00001129	XLOC_000843	XLOC_000843
Upin_00001495	XLOC_001298	XLOC_001298
Upin_00002234	XLOC_001299	XLOC_001299
Upin_00001496	XLOC_001299	XLOC_001299
Upin_00001130	XLOC_000844	XLOC_000844
Upin_00001131	XLOC_000845	XLOC_000845
Upin_00001132	XLOC_000846	XLOC_000846
Upin_00002235	XLOC_001300	XLOC_001300
Upin_00002236	XLOC_001301	XLOC_001301
Upin_00001851	XLOC_000847	XLOC_000847
Upin_00002237	XLOC_001302	XLOC_001302
Upin_00001497	XLOC_001302	XLOC_001302
Upin_00001498	XLOC_001303	XLOC_001303
Upin_00002238	XLOC_001303	XLOC_001303
Upin_00001852	XLOC_000848	XLOC_000848
Upin_00001133	XLOC_000848	XLOC_000848
Upin_00001854	XLOC_000848	XLOC_000848
Upin_00001856	XLOC_000849	XLOC_000849
Upin_00001499	XLOC_001304	XLOC_001304
Upin_00001857	XLOC_000850	XLOC_000850
Upin_00001500	XLOC_001305	XLOC_001305
Upin_00002239	XLOC_001305	XLOC_001305
Upin_00001136	XLOC_000851	XLOC_000851
Upin_00001501	XLOC_001306	XLOC_001306
Upin_00001859	XLOC_000852	XLOC_000852
Upin_00001137	XLOC_000852	XLOC_000852
Upin_00001861	XLOC_000853	XLOC_000853
Upin_00001862	XLOC_000854	XLOC_000854
Upin_00002241	XLOC_001307	XLOC_001307
Upin_00001503	XLOC_001307	XLOC_001307
Upin_00002242	XLOC_001307	XLOC_001307
Upin_00001504	XLOC_001308	XLOC_001308
Upin_00001138	XLOC_000855	XLOC_000855
Upin_00002243	XLOC_001309	XLOC_001309
Upin_00001506	XLOC_001309	XLOC_001309
Upin_00002244	XLOC_001310	XLOC_001310
Upin_00001507	XLOC_001310	XLOC_001310
Upin_00001139	XLOC_000856	XLOC_000856
Upin_00001863	XLOC_000856	XLOC_000856
Upin_00001508	XLOC_001311	XLOC_001311
Upin_00001509	XLOC_001312	XLOC_001312
Upin_00001865	XLOC_000857	XLOC_000857
Upin_00001141	XLOC_000858	XLOC_000858
Upin_00002245	XLOC_001313	XLOC_001313
Upin_00001510	XLOC_001313	XLOC_001313
Upin_00001142	XLOC_000859	XLOC_000859
Upin_00001867	XLOC_000859	XLOC_000859
Upin_00001143	XLOC_000860	XLOC_000860
Upin_00001869	XLOC_000861	XLOC_000861
Upin_00001511	XLOC_001314	XLOC_001314
Upin_00001512	XLOC_001315	XLOC_001315
Upin_00001144	XLOC_000862	XLOC_000862
Upin_00001870	XLOC_000862	XLOC_000862
Upin_00001871	XLOC_000862	XLOC_000862
Upin_00001872	XLOC_000862	XLOC_000862
Upin_00001875	XLOC_000862	XLOC_000862
Upin_00001513	XLOC_001316	XLOC_001316
Upin_00002246	XLOC_001316	XLOC_001316
Upin_00002247	XLOC_001316	XLOC_001316
Upin_00002248	XLOC_001316	XLOC_001316
Upin_00002249	XLOC_001316	XLOC_001316
Upin_00002250	XLOC_001316	XLOC_001316
Upin_00002251	XLOC_001317	XLOC_001317
Upin_00001876	XLOC_000863	XLOC_000863
Upin_00001514	XLOC_001318	XLOC_001318
Upin_00002252	XLOC_001318	XLOC_001318
Upin_00001146	XLOC_000864	XLOC_000864
Upin_00002253	XLOC_001319	XLOC_001319
Upin_00002254	XLOC_001320	XLOC_001320
Upin_00002255	XLOC_001321	XLOC_001321
Upin_00002256	XLOC_001322	XLOC_001322
Upin_00001147	XLOC_000865	XLOC_000865
Upin_00001879	XLOC_000865	XLOC_000865
Upin_00001515	XLOC_001323	XLOC_001323
Upin_00001148	XLOC_000866	XLOC_000866
Upin_00001881	XLOC_000867	XLOC_000867
Upin_00002257	XLOC_001324	XLOC_001324
Upin_00001516	XLOC_001324	XLOC_001324
Upin_00001149	XLOC_000868	XLOC_000868
Upin_00001150	XLOC_000869	XLOC_000869
Upin_00001151	XLOC_000870	XLOC_000870
Upin_00001517	XLOC_001325	XLOC_001325
Upin_00001884	XLOC_000871	XLOC_000871
Upin_00002258	XLOC_001326	XLOC_001326
Upin_00001518	XLOC_001326	XLOC_001326
Upin_00002259	XLOC_001326	XLOC_001326
Upin_00001885	XLOC_000872	XLOC_000872
Upin_00001886	XLOC_000873	XLOC_000873
Upin_00002260	XLOC_001327	XLOC_001327
Upin_00001887	XLOC_000874	XLOC_000874
Upin_00001152	XLOC_000875	XLOC_000875
Upin_00002261	XLOC_001328	XLOC_001328
Upin_00001519	XLOC_001328	XLOC_001328
Upin_00002262	XLOC_001329	XLOC_001329
Upin_00001520	XLOC_001329	XLOC_001329
Upin_00001153	XLOC_000877	XLOC_000877
Upin_00002263	XLOC_001330	XLOC_001330
Upin_00002264	XLOC_001330	XLOC_001330
Upin_00001521	XLOC_001330	XLOC_001330
Upin_00001154	XLOC_000878	XLOC_000878
Upin_00001522	XLOC_001331	XLOC_001331
Upin_00001893	XLOC_000879	XLOC_000879
Upin_00001156	XLOC_000880	XLOC_000880
Upin_00001523	XLOC_001332	XLOC_001332
Upin_00002265	XLOC_001332	XLOC_001332
Upin_00001157	XLOC_000881	XLOC_000881
Upin_00001524	XLOC_001333	XLOC_001333
Upin_00001525	XLOC_001334	XLOC_001334
Upin_00001526	XLOC_001335	XLOC_001335
Upin_00001158	XLOC_000882	XLOC_000882
Upin_00001895	XLOC_000883	XLOC_000883
Upin_00001527	XLOC_001336	XLOC_001336
Upin_00001528	XLOC_001337	XLOC_001337
Upin_00002266	XLOC_001337	XLOC_001337
Upin_00001160	XLOC_000884	XLOC_000884
Upin_00001896	XLOC_000884	XLOC_000884
Upin_00001897	XLOC_000885	XLOC_000885
Upin_00001529	XLOC_001338	XLOC_001338
Upin_00001898	XLOC_000886	XLOC_000886
Upin_00001899	XLOC_000887	XLOC_000887
Upin_00001162	XLOC_000888	XLOC_000888
Upin_00001530	XLOC_001339	XLOC_001339
Upin_00002267	XLOC_001339	XLOC_001339
Upin_00001163	XLOC_000889	XLOC_000889
Upin_00002268	XLOC_001340	XLOC_001340
Upin_00001531	XLOC_001341	XLOC_001341
Upin_00001164	XLOC_000890	XLOC_000890
Upin_00001165	XLOC_000892	XLOC_000892
Upin_00001901	XLOC_000892	XLOC_000892
Upin_00001166	XLOC_000893	XLOC_000893
Upin_00002269	XLOC_001342	XLOC_001342
Upin_00001532	XLOC_001342	XLOC_001342
Upin_00001904	XLOC_000894	XLOC_000894
Upin_00001167	XLOC_000895	XLOC_000895
Upin_00001533	XLOC_001343	XLOC_001343
Upin_00002270	XLOC_001343	XLOC_001343
Upin_00002271	XLOC_001343	XLOC_001343
Upin_00001168	XLOC_000896	XLOC_000896
Upin_00001169	XLOC_000897	XLOC_000897
Upin_00001534	XLOC_001344	XLOC_001344
Upin_00001535	XLOC_001345	XLOC_001345
Upin_00001170	XLOC_000898	XLOC_000898
Upin_00001536	XLOC_001346	XLOC_001346
Upin_00001906	XLOC_000899	XLOC_000899
Upin_00001537	XLOC_001347	XLOC_001347
Upin_00001171	XLOC_000900	XLOC_000900
Upin_00001172	XLOC_000901	XLOC_000901
Upin_00001538	XLOC_001348	XLOC_001348
Upin_00001539	XLOC_001349	XLOC_001349
Upin_00002274	XLOC_001350	XLOC_001350
Upin_00001174	XLOC_000903	XLOC_000903
Upin_00002275	XLOC_001351	XLOC_001351
Upin_00001540	XLOC_001352	XLOC_001352
Upin_00002277	XLOC_001352	XLOC_001352
Upin_00002276	XLOC_001353	XLOC_001353
Upin_00001907	XLOC_000904	XLOC_000904
Upin_00001908	XLOC_000905	XLOC_000905
Upin_00001541	XLOC_001354	XLOC_001354
Upin_00001177	XLOC_000906	XLOC_000906
Upin_00002278	XLOC_001355	XLOC_001355
Upin_00001542	XLOC_001355	XLOC_001355
Upin_00001178	XLOC_000907	XLOC_000907
Upin_00001910	XLOC_000907	XLOC_000907
Upin_00001912	XLOC_000907	XLOC_000907
Upin_00001913	XLOC_000907	XLOC_000907
Upin_00001914	XLOC_000908	XLOC_000908
Upin_00002279	XLOC_001356	XLOC_001356
Upin_00001179	XLOC_000909	XLOC_000909
Upin_00002280	XLOC_001357	XLOC_001357
Upin_00001545	XLOC_001358	XLOC_001358
Upin_00002281	XLOC_001358	XLOC_001358
Upin_00002282	XLOC_001358	XLOC_001358
Upin_00001180	XLOC_000910	XLOC_000910
Upin_00001915	XLOC_000910	XLOC_000910
Upin_00001546	XLOC_001359	XLOC_001359
Upin_00002283	XLOC_001359	XLOC_001359
Upin_00001917	XLOC_000912	XLOC_000912
Upin_00001182	XLOC_000912	XLOC_000912
Upin_00001921	XLOC_000912	XLOC_000912
Upin_00001922	XLOC_000912	XLOC_000912
Upin_00001923	XLOC_000912	XLOC_000912
Upin_00001183	XLOC_000913	XLOC_000913
Upin_00001547	XLOC_001360	XLOC_001360
Upin_00002284	XLOC_001360	XLOC_001360
Upin_00002285	XLOC_001360	XLOC_001360
Upin_00002286	XLOC_001360	XLOC_001360
Upin_00001926	XLOC_000914	XLOC_000914
Upin_00001184	XLOC_000915	XLOC_000915
Upin_00002287	XLOC_001361	XLOC_001361
Upin_00001928	XLOC_000916	XLOC_000916
Upin_00001548	XLOC_001362	XLOC_001362
Upin_00001185	XLOC_000917	XLOC_000917
Upin_00002288	XLOC_001363	XLOC_001363
Upin_00002289	XLOC_001364	XLOC_001364
Upin_00001186	XLOC_000918	XLOC_000918
Upin_00001187	XLOC_000919	XLOC_000919
Upin_00001550	XLOC_001365	XLOC_001365
Upin_00002290	XLOC_001365	XLOC_001365
Upin_00001188	XLOC_000920	XLOC_000920
Upin_00002291	XLOC_001366	XLOC_001366
Upin_00001551	XLOC_001367	XLOC_001367
Upin_00002292	XLOC_001367	XLOC_001367
Upin_00002293	XLOC_001367	XLOC_001367
Upin_00002294	XLOC_001367	XLOC_001367
Upin_00002295	XLOC_001368	XLOC_001368
Upin_00001552	XLOC_001368	XLOC_001368
Upin_00001189	XLOC_000922	XLOC_000922
Upin_00002296	XLOC_001369	XLOC_001369
Upin_00001553	XLOC_001370	XLOC_001370
Upin_00001190	XLOC_000923	XLOC_000923
Upin_00002297	XLOC_001371	XLOC_001371
Upin_00001191	XLOC_000924	XLOC_000924
Upin_00001934	XLOC_000924	XLOC_000924
Upin_00001193	XLOC_000925	XLOC_000925
Upin_00002298	XLOC_001372	XLOC_001372
Upin_00001555	XLOC_001372	XLOC_001372
Upin_00001194	XLOC_000926	XLOC_000926
Upin_00001939	XLOC_000927	XLOC_000927
Upin_00002300	XLOC_001374	XLOC_001374
Upin_00001940	XLOC_000928	XLOC_000928
Upin_00001196	XLOC_000930	XLOC_000930
Upin_00001197	XLOC_000931	XLOC_000931
Upin_00001198	XLOC_000932	XLOC_000932
Upin_00001556	XLOC_001375	XLOC_001375
Upin_00002301	XLOC_001375	XLOC_001375
Upin_00002303	XLOC_001375	XLOC_001375
Upin_00002302	XLOC_001376	XLOC_001376
Upin_00001942	XLOC_000933	XLOC_000933
Upin_00002304	XLOC_001377	XLOC_001377
Upin_00002305	XLOC_001378	XLOC_001378
Upin_00001200	XLOC_000934	XLOC_000934
Upin_00002306	XLOC_001379	XLOC_001379
Upin_00001557	XLOC_001380	XLOC_001380
Upin_00001944	XLOC_000935	XLOC_000935
Upin_00001201	XLOC_000936	XLOC_000936
Upin_00001946	XLOC_000936	XLOC_000936
Upin_00001558	XLOC_001381	XLOC_001381
Upin_00002307	XLOC_001381	XLOC_001381
Upin_00001202	XLOC_000937	XLOC_000937
Upin_00002308	XLOC_001382	XLOC_001382
Upin_00001559	XLOC_001382	XLOC_001382
Upin_00002309	XLOC_001382	XLOC_001382
Upin_00002310	XLOC_001382	XLOC_001382
Upin_00001203	XLOC_000938	XLOC_000938
Upin_00001947	XLOC_000938	XLOC_000938
Upin_00001948	XLOC_000938	XLOC_000938
Upin_00001950	XLOC_000938	XLOC_000938
Upin_00001204	XLOC_000939	XLOC_000939
Upin_00001205	XLOC_000940	XLOC_000940
Upin_00002311	XLOC_001383	XLOC_001383
Upin_00001560	XLOC_001384	XLOC_001384
Upin_00002312	XLOC_001384	XLOC_001384
Upin_00001206	XLOC_000941	XLOC_000941
Upin_00001955	XLOC_000942	XLOC_000942
Upin_00001561	XLOC_001385	XLOC_001385
Upin_00001207	XLOC_000943	XLOC_000943
Upin_00002313	XLOC_001386	XLOC_001386
Upin_00002314	XLOC_001387	XLOC_001387
Upin_00002316	XLOC_001389	XLOC_001389
Upin_00001562	XLOC_001389	XLOC_001389
Upin_00002317	XLOC_001389	XLOC_001389
Upin_00001956	XLOC_000944	XLOC_000944
Upin_00001208	XLOC_000945	XLOC_000945
Upin_00001563	XLOC_001390	XLOC_001390
Upin_00002318	XLOC_001390	XLOC_001390
Upin_00001209	XLOC_000946	XLOC_000946
Upin_00001957	XLOC_000946	XLOC_000946
Upin_00001210	XLOC_000947	XLOC_000947
Upin_00001211	XLOC_000948	XLOC_000948
Upin_00001212	XLOC_000949	XLOC_000949
Upin_00001213	XLOC_000950	XLOC_000950
Upin_00001958	XLOC_000950	XLOC_000950
Upin_00001959	XLOC_000950	XLOC_000950
Upin_00001214	XLOC_000951	XLOC_000951
Upin_00001960	XLOC_000951	XLOC_000951
Upin_00001215	XLOC_000952	XLOC_000952
Upin_00002319	XLOC_001391	XLOC_001391
Upin_00001564	XLOC_001391	XLOC_001391
Upin_00002320	XLOC_001392	XLOC_001392
Upin_00001565	XLOC_001392	XLOC_001392
Upin_00001567	XLOC_001393	XLOC_001393
Upin_00001961	XLOC_000953	XLOC_000953
Upin_00001216	XLOC_000953	XLOC_000953
Upin_00001962	XLOC_000953	XLOC_000953
Upin_00001568	XLOC_001394	XLOC_001394
Upin_00002323	XLOC_001394	XLOC_001394
Upin_00001217	XLOC_000954	XLOC_000954
Upin_00002324	XLOC_001395	XLOC_001395
Upin_00002325	XLOC_001396	XLOC_001396
Upin_00001569	XLOC_001397	XLOC_001397
Upin_00001570	XLOC_001398	XLOC_001398
Upin_00001571	XLOC_001399	XLOC_001399
Upin_00001572	XLOC_001400	XLOC_001400
Upin_00002326	XLOC_001401	XLOC_001401
Upin_00001573	XLOC_001402	XLOC_001402
Upin_00001574	XLOC_001403	XLOC_001403
Upin_00001963	XLOC_000955	XLOC_000955
Upin_00001575	XLOC_001404	XLOC_001404
Upin_00001576	XLOC_001405	XLOC_001405
Upin_00001577	XLOC_001406	XLOC_001406
Upin_00001578	XLOC_001407	XLOC_001407
Upin_00002327	XLOC_001407	XLOC_001407
Upin_00002328	XLOC_001408	XLOC_001408
Upin_00001964	XLOC_000956	XLOC_000956
Upin_00001218	XLOC_000956	XLOC_000956
Upin_00001965	XLOC_000956	XLOC_000956
Upin_00001219	XLOC_000957	XLOC_000957
Upin_00001579	XLOC_001409	XLOC_001409
Upin_00002329	XLOC_001410	XLOC_001410
Upin_00001220	XLOC_000958	XLOC_000958
Upin_00001221	XLOC_000959	XLOC_000959
Upin_00001967	XLOC_000960	XLOC_000960
Upin_00002330	XLOC_001411	XLOC_001411
Upin_00001580	XLOC_001412	XLOC_001412
Upin_00001222	XLOC_000961	XLOC_000961
Upin_00002332	XLOC_001413	XLOC_001413
Upin_00001581	XLOC_001413	XLOC_001413
Upin_00002333	XLOC_001414	XLOC_001414
Upin_00001223	XLOC_000962	XLOC_000962
Upin_00001224	XLOC_000963	XLOC_000963
Upin_00002335	XLOC_001416	XLOC_001416
Upin_00001225	XLOC_000964	XLOC_000964
Upin_00001584	XLOC_001417	XLOC_001417
Upin_00002336	XLOC_001417	XLOC_001417
Upin_00002338	XLOC_001417	XLOC_001417
Upin_00002337	XLOC_001418	XLOC_001418
Upin_00001969	XLOC_000965	XLOC_000965
Upin_00001226	XLOC_000965	XLOC_000965
Upin_00001585	XLOC_001419	XLOC_001419
Upin_00002339	XLOC_001419	XLOC_001419
Upin_00002340	XLOC_001419	XLOC_001419
Upin_00001970	XLOC_000966	XLOC_000966
Upin_00001587	XLOC_001421	XLOC_001421
Upin_00001229	XLOC_000968	XLOC_000968
Upin_00001588	XLOC_001422	XLOC_001422
Upin_00001230	XLOC_000969	XLOC_000969
Upin_00002341	XLOC_001423	XLOC_001423
Upin_00001589	XLOC_001423	XLOC_001423
Upin_00002342	XLOC_001424	XLOC_001424
Upin_00002343	XLOC_001425	XLOC_001425
Upin_00001590	XLOC_001425	XLOC_001425
Upin_00002344	XLOC_001425	XLOC_001425
Upin_00002345	XLOC_001425	XLOC_001425
Upin_00001231	XLOC_000970	XLOC_000970
Upin_00002346	XLOC_001426	XLOC_001426
Upin_00001232	XLOC_000971	XLOC_000971
Upin_00001591	XLOC_001427	XLOC_001427
Upin_00002347	XLOC_001427	XLOC_001427
Upin_00001974	XLOC_000972	XLOC_000972
Upin_00001592	XLOC_001428	XLOC_001428
Upin_00002348	XLOC_001429	XLOC_001429
Upin_00002349	XLOC_001430	XLOC_001430
Upin_00001975	XLOC_000973	XLOC_000973
Upin_00002350	XLOC_001431	XLOC_001431
Upin_00001593	XLOC_001432	XLOC_001432
Upin_00002351	XLOC_001432	XLOC_001432
Upin_00001976	XLOC_000974	XLOC_000974
Upin_00002352	XLOC_001433	XLOC_001433
Upin_00001233	XLOC_000975	XLOC_000975
Upin_00001594	XLOC_001434	XLOC_001434
Upin_00002353	XLOC_001435	XLOC_001435
Upin_00001595	XLOC_001436	XLOC_001436
Upin_00001234	XLOC_000976	XLOC_000976
Upin_00002354	XLOC_001437	XLOC_001437
Upin_00001596	XLOC_001438	XLOC_001438
Upin_00001597	XLOC_001439	XLOC_001439
Upin_00001235	XLOC_000977	XLOC_000977
Upin_00002355	XLOC_001440	XLOC_001440
Upin_00001236	XLOC_000978	XLOC_000978
Upin_00001237	XLOC_000979	XLOC_000979
Upin_00001978	XLOC_000979	XLOC_000979
Upin_00001979	XLOC_000979	XLOC_000979
Upin_00001598	XLOC_001441	XLOC_001441
Upin_00002356	XLOC_001441	XLOC_001441
Upin_00002357	XLOC_001441	XLOC_001441
Upin_00001238	XLOC_000981	XLOC_000981
Upin_00001981	XLOC_000981	XLOC_000981
Upin_00001599	XLOC_001442	XLOC_001442
Upin_00001982	XLOC_000982	XLOC_000982
Upin_00001239	XLOC_000983	XLOC_000983
Upin_00001600	XLOC_001443	XLOC_001443
Upin_00001984	XLOC_000984	XLOC_000984
Upin_00001601	XLOC_001444	XLOC_001444
Upin_00001240	XLOC_000986	XLOC_000986
Upin_00001602	XLOC_001445	XLOC_001445
Upin_00001241	XLOC_000987	XLOC_000987
Upin_00001242	XLOC_000988	XLOC_000988
Upin_00001603	XLOC_001446	XLOC_001446
Upin_00001604	XLOC_001447	XLOC_001447
Upin_00002358	XLOC_001447	XLOC_001447
Upin_00001988	XLOC_000989	XLOC_000989
Upin_00001605	XLOC_001448	XLOC_001448
Upin_00001243	XLOC_000990	XLOC_000990
Upin_00001989	XLOC_000990	XLOC_000990
Upin_00001990	XLOC_000991	XLOC_000991
Upin_00002359	XLOC_001449	XLOC_001449
Upin_00001991	XLOC_000992	XLOC_000992
Upin_00001246	XLOC_000993	XLOC_000993
Upin_00001992	XLOC_000993	XLOC_000993
Upin_00001247	XLOC_000994	XLOC_000994
Upin_00001996	XLOC_000995	XLOC_000995
Upin_00001607	XLOC_001450	XLOC_001450
Upin_00002360	XLOC_001450	XLOC_001450
Upin_00001997	XLOC_000996	XLOC_000996
Upin_00001608	XLOC_001451	XLOC_001451
Upin_00002361	XLOC_001451	XLOC_001451
Upin_00001249	XLOC_000997	XLOC_000997
Upin_00001610	XLOC_001452	XLOC_001452
Upin_00001250	XLOC_000998	XLOC_000998
Upin_00001251	XLOC_000999	XLOC_000999
Upin_00001611	XLOC_001453	XLOC_001453
Upin_00001252	XLOC_001000	XLOC_001000
Upin_00001612	XLOC_001454	XLOC_001454
Upin_00001253	XLOC_001001	XLOC_001001
Upin_00001613	XLOC_001455	XLOC_001455
Upin_00002362	XLOC_001455	XLOC_001455
Upin_00001254	XLOC_001003	XLOC_001003
Upin_00001614	XLOC_001456	XLOC_001456
Upin_00001615	XLOC_001457	XLOC_001457
Upin_00002363	XLOC_001457	XLOC_001457
Upin_00001255	XLOC_001004	XLOC_001004
Upin_00001616	XLOC_001458	XLOC_001458
Upin_00001256	XLOC_001005	XLOC_001005
Upin_00001617	XLOC_001459	XLOC_001459
Upin_00001618	XLOC_001460	XLOC_001460
Upin_00001619	XLOC_001461	XLOC_001461
Upin_00001257	XLOC_001006	XLOC_001006
Upin_00002364	XLOC_001463	XLOC_001463
Upin_00001621	XLOC_001464	XLOC_001464
Upin_00002365	XLOC_001464	XLOC_001464
Upin_00001258	XLOC_001007	XLOC_001007
Upin_00002002	XLOC_001007	XLOC_001007
Upin_00002003	XLOC_001008	XLOC_001008
Upin_00001622	XLOC_001465	XLOC_001465
Upin_00001623	XLOC_001466	XLOC_001466
Upin_00002366	XLOC_001466	XLOC_001466
Upin_00002367	XLOC_001466	XLOC_001466
Upin_00002004	XLOC_001009	XLOC_001009
Upin_00001259	XLOC_001010	XLOC_001010
Upin_00001624	XLOC_001467	XLOC_001467
Upin_00002368	XLOC_001468	XLOC_001468
Upin_00001261	XLOC_001011	XLOC_001011
Upin_00002006	XLOC_001011	XLOC_001011
Upin_00001262	XLOC_001012	XLOC_001012
Upin_00002369	XLOC_001469	XLOC_001469
Upin_00002370	XLOC_001470	XLOC_001470
Upin_00001625	XLOC_001470	XLOC_001470
Upin_00002371	XLOC_001470	XLOC_001470
Upin_00001263	XLOC_001013	XLOC_001013
Upin_00002372	XLOC_001471	XLOC_001471
Upin_00002373	XLOC_001472	XLOC_001472
Upin_00001626	XLOC_001472	XLOC_001472
Upin_00001265	XLOC_001014	XLOC_001014
Upin_00001627	XLOC_001473	XLOC_001473
Upin_00002374	XLOC_001474	XLOC_001474
Upin_00001628	XLOC_001474	XLOC_001474
Upin_00002007	XLOC_001015	XLOC_001015
Upin_00002375	XLOC_001475	XLOC_001475
Upin_00001629	XLOC_001475	XLOC_001475
Upin_00002376	XLOC_001476	XLOC_001476
Upin_00001268	XLOC_001016	XLOC_001016
Upin_00001269	XLOC_001017	XLOC_001017
Upin_00001631	XLOC_001477	XLOC_001477
Upin_00001632	XLOC_001478	XLOC_001478
Upin_00002377	XLOC_001478	XLOC_001478
Upin_00002378	XLOC_001478	XLOC_001478
Upin_00002009	XLOC_001018	XLOC_001018
Upin_00002379	XLOC_001479	XLOC_001479
Upin_00001270	XLOC_001019	XLOC_001019
Upin_00002011	XLOC_001020	XLOC_001020
Upin_00002012	XLOC_001021	XLOC_001021
Upin_00001271	XLOC_001021	XLOC_001021
Upin_00002380	XLOC_001480	XLOC_001480
Upin_00001633	XLOC_001480	XLOC_001480
Upin_00001634	XLOC_001481	XLOC_001481
Upin_00001635	XLOC_001482	XLOC_001482
Upin_00001636	XLOC_001483	XLOC_001483
Upin_00001272	XLOC_001022	XLOC_001022
Upin_00002013	XLOC_001023	XLOC_001023
Upin_00002014	XLOC_001023	XLOC_001023
Upin_00002381	XLOC_001484	XLOC_001484
Upin_00001637	XLOC_001485	XLOC_001485
Upin_00002383	XLOC_001485	XLOC_001485
Upin_00002384	XLOC_001486	XLOC_001486
Upin_00001638	XLOC_001486	XLOC_001486
Upin_00002015	XLOC_001024	XLOC_001024
Upin_00001273	XLOC_001024	XLOC_001024
Upin_00002385	XLOC_001487	XLOC_001487
Upin_00002016	XLOC_001025	XLOC_001025
Upin_00001274	XLOC_001026	XLOC_001026
Upin_00002017	XLOC_001027	XLOC_001027
Upin_00002018	XLOC_001028	XLOC_001028
Upin_00001639	XLOC_001488	XLOC_001488
Upin_00001275	XLOC_001029	XLOC_001029
Upin_00002019	XLOC_001029	XLOC_001029
Upin_00001276	XLOC_001030	XLOC_001030
Upin_00002020	XLOC_001030	XLOC_001030
Upin_00001640	XLOC_001489	XLOC_001489
Upin_00002387	XLOC_001489	XLOC_001489
Upin_00001277	XLOC_001031	XLOC_001031
Upin_00002388	XLOC_001490	XLOC_001490
Upin_00002389	XLOC_001491	XLOC_001491
Upin_00001278	XLOC_001032	XLOC_001032
Upin_00001641	XLOC_001492	XLOC_001492
Upin_00002390	XLOC_001492	XLOC_001492
Upin_00002391	XLOC_001492	XLOC_001492
Upin_00001642	XLOC_001493	XLOC_001493
Upin_00002393	XLOC_001493	XLOC_001493
Upin_00002394	XLOC_001493	XLOC_001493
Upin_00002395	XLOC_001493	XLOC_001493
Upin_00002396	XLOC_001493	XLOC_001493
Upin_00001279	XLOC_001033	XLOC_001033
Upin_00002022	XLOC_001033	XLOC_001033
Upin_00001280	XLOC_001034	XLOC_001034
Upin_00001643	XLOC_001494	XLOC_001494
Upin_00001281	XLOC_001035	XLOC_001035
Upin_00002397	XLOC_001495	XLOC_001495
Upin_00001282	XLOC_001036	XLOC_001036
Upin_00001645	XLOC_001496	XLOC_001496
Upin_00001283	XLOC_001037	XLOC_001037
Upin_00002398	XLOC_001497	XLOC_001497
Upin_00001646	XLOC_001498	XLOC_001498
Upin_00002399	XLOC_001498	XLOC_001498
Upin_00002400	XLOC_001499	XLOC_001499
Upin_00001647	XLOC_001499	XLOC_001499
Upin_00001284	XLOC_001038	XLOC_001038
Upin_00002027	XLOC_001039	XLOC_001039
Upin_00001285	XLOC_001040	XLOC_001040
Upin_00001648	XLOC_001500	XLOC_001500
Upin_00001649	XLOC_001501	XLOC_001501
Upin_00002401	XLOC_001502	XLOC_001502
Upin_00001650	XLOC_001502	XLOC_001502
Upin_00001286	XLOC_001042	XLOC_001042
Upin_00002030	XLOC_001042	XLOC_001042
Upin_00001651	XLOC_001503	XLOC_001503
Upin_00002031	XLOC_001043	XLOC_001043
Upin_00002402	XLOC_001504	XLOC_001504
Upin_00001652	XLOC_001505	XLOC_001505
Upin_00002403	XLOC_001506	XLOC_001506
Upin_00001653	XLOC_001507	XLOC_001507
Upin_00001654	XLOC_001508	XLOC_001508
Upin_00002032	XLOC_001044	XLOC_001044
Upin_00001288	XLOC_001045	XLOC_001045
Upin_00001655	XLOC_001509	XLOC_001509
Upin_00002405	XLOC_001509	XLOC_001509
Upin_00001289	XLOC_001046	XLOC_001046
Upin_00002406	XLOC_001510	XLOC_001510
Upin_00002407	XLOC_001511	XLOC_001511
Upin_00001290	XLOC_001047	XLOC_001047
Upin_00002408	XLOC_001512	XLOC_001512
Upin_00001657	XLOC_001513	XLOC_001513
Upin_00002409	XLOC_001513	XLOC_001513
Upin_00002410	XLOC_001513	XLOC_001513
Upin_00002411	XLOC_001514	XLOC_001514
Upin_00002036	XLOC_001048	XLOC_001048
Upin_00002412	XLOC_001515	XLOC_001515
Upin_00002413	XLOC_001515	XLOC_001515
Upin_00002037	XLOC_001049	XLOC_001049
Upin_00001658	XLOC_001516	XLOC_001516
Upin_00002414	XLOC_001516	XLOC_001516
Upin_00002415	XLOC_001516	XLOC_001516
Upin_00002416	XLOC_001516	XLOC_001516
Upin_00002038	XLOC_001050	XLOC_001050
Upin_00001292	XLOC_001051	XLOC_001051
Upin_00001659	XLOC_001517	XLOC_001517
Upin_00002039	XLOC_001052	XLOC_001052
Upin_00002040	XLOC_001053	XLOC_001053
Upin_00002041	XLOC_001054	XLOC_001054
Upin_00002042	XLOC_001055	XLOC_001055
Upin_00002043	XLOC_001056	XLOC_001056
Upin_00001294	XLOC_001056	XLOC_001056
Upin_00002044	XLOC_001056	XLOC_001056
Upin_00001295	XLOC_001057	XLOC_001057
Upin_00001296	XLOC_001058	XLOC_001058
Upin_00001297	XLOC_001060	XLOC_001060
Upin_00001298	XLOC_001061	XLOC_001061
Upin_00001661	XLOC_001518	XLOC_001518
Upin_00002418	XLOC_001518	XLOC_001518
Upin_00002419	XLOC_001519	XLOC_001519
Upin_00001299	XLOC_001062	XLOC_001062
Upin_00002049	XLOC_001062	XLOC_001062
Upin_00002050	XLOC_001062	XLOC_001062
Upin_00001664	XLOC_001520	XLOC_001520
Upin_00001300	XLOC_001063	XLOC_001063
Upin_00002051	XLOC_001063	XLOC_001063
Upin_00002420	XLOC_001521	XLOC_001521
Upin_00001665	XLOC_001522	XLOC_001522
Upin_00002421	XLOC_001522	XLOC_001522
Upin_00002422	XLOC_001522	XLOC_001522
Upin_00002052	XLOC_001064	XLOC_001064
Upin_00002423	XLOC_001523	XLOC_001523
Upin_00001666	XLOC_001523	XLOC_001523
Upin_00001301	XLOC_001065	XLOC_001065
Upin_00001302	XLOC_001066	XLOC_001066
Upin_00002053	XLOC_001066	XLOC_001066
Upin_00002424	XLOC_001524	XLOC_001524
Upin_00001667	XLOC_001525	XLOC_001525
Upin_00001668	XLOC_001526	XLOC_001526
Upin_00002425	XLOC_001526	XLOC_001526
Upin_00002426	XLOC_001526	XLOC_001526
Upin_00001669	XLOC_001527	XLOC_001527
Upin_00001670	XLOC_001528	XLOC_001528
Upin_00002054	XLOC_001067	XLOC_001067
Upin_00001304	XLOC_001068	XLOC_001068
Upin_00001671	XLOC_001529	XLOC_001529
Upin_00001305	XLOC_001069	XLOC_001069
Upin_00002427	XLOC_001530	XLOC_001530
Upin_00001672	XLOC_001530	XLOC_001530
Upin_00002055	XLOC_001070	XLOC_001070
Upin_00002056	XLOC_001071	XLOC_001071
Upin_00002428	XLOC_001531	XLOC_001531
Upin_00001306	XLOC_001072	XLOC_001072
Upin_00002429	XLOC_001532	XLOC_001532
Upin_00001673	XLOC_001532	XLOC_001532
Upin_00002058	XLOC_001074	XLOC_001074
Upin_00001674	XLOC_001534	XLOC_001534
Upin_00001308	XLOC_001075	XLOC_001075
Upin_00001675	XLOC_001535	XLOC_001535
Upin_00002431	XLOC_001535	XLOC_001535
Upin_00001676	XLOC_001536	XLOC_001536
Upin_00002432	XLOC_001536	XLOC_001536
Upin_00002059	XLOC_001076	XLOC_001076
Upin_00001309	XLOC_001077	XLOC_001077
Upin_00001677	XLOC_001537	XLOC_001537
Upin_00002060	XLOC_001078	XLOC_001078
Upin_00001311	XLOC_001079	XLOC_001079
Upin_00002061	XLOC_001079	XLOC_001079
Upin_00002062	XLOC_001080	XLOC_001080
Upin_00001312	XLOC_001080	XLOC_001080
Upin_00002433	XLOC_001538	XLOC_001538
Upin_00002434	XLOC_001539	XLOC_001539
Upin_00001313	XLOC_001081	XLOC_001081
Upin_00002435	XLOC_001540	XLOC_001540
Upin_00001680	XLOC_001541	XLOC_001541
Upin_00001314	XLOC_001082	XLOC_001082
Upin_00001681	XLOC_001542	XLOC_001542
Upin_00001315	XLOC_001083	XLOC_001083
Upin_00002064	XLOC_001083	XLOC_001083
Upin_00001316	XLOC_001084	XLOC_001084
Upin_00002437	XLOC_001543	XLOC_001543
Upin_00001682	XLOC_001543	XLOC_001543
Upin_00001683	XLOC_001544	XLOC_001544
Upin_00001317	XLOC_001085	XLOC_001085
Upin_00001684	XLOC_001545	XLOC_001545
Upin_00002067	XLOC_001086	XLOC_001086
Upin_00002438	XLOC_001546	XLOC_001546
Upin_00001685	XLOC_001546	XLOC_001546
Upin_00001319	XLOC_001087	XLOC_001087
Upin_00002068	XLOC_001088	XLOC_001088
Upin_00001320	XLOC_001089	XLOC_001089
Upin_00001321	XLOC_001090	XLOC_001090
Upin_00001686	XLOC_001547	XLOC_001547
Upin_00002439	XLOC_001547	XLOC_001547
Upin_00001687	XLOC_001548	XLOC_001548
Upin_00001322	XLOC_001091	XLOC_001091
Upin_00002070	XLOC_001091	XLOC_001091
Upin_00002440	XLOC_001549	XLOC_001549
Upin_00001689	XLOC_001550	XLOC_001550
Upin_00001690	XLOC_001551	XLOC_001551
Upin_00002441	XLOC_001552	XLOC_001552
Upin_00001323	XLOC_001092	XLOC_001092
Upin_00002442	XLOC_001553	XLOC_001553
Upin_00001691	XLOC_001553	XLOC_001553
Upin_00002443	XLOC_001553	XLOC_001553
Upin_00002444	XLOC_001554	XLOC_001554
Upin_00002071	XLOC_001093	XLOC_001093
Upin_00001324	XLOC_001093	XLOC_001093
Upin_00002445	XLOC_001555	XLOC_001555
Upin_00001693	XLOC_001556	XLOC_001556
Upin_00001694	XLOC_001557	XLOC_001557
Upin_00002446	XLOC_001557	XLOC_001557
Upin_00002072	XLOC_001094	XLOC_001094
Upin_00001326	XLOC_001095	XLOC_001095
Upin_00002073	XLOC_001095	XLOC_001095
Upin_00002074	XLOC_001095	XLOC_001095
Upin_00002447	XLOC_001558	XLOC_001558
Upin_00001695	XLOC_001558	XLOC_001558
Upin_00002448	XLOC_001558	XLOC_001558
Upin_00001327	XLOC_001096	XLOC_001096
Upin_00002075	XLOC_001097	XLOC_001097
Upin_00002449	XLOC_001559	XLOC_001559
Upin_00002450	XLOC_001560	XLOC_001560
Upin_00002451	XLOC_001561	XLOC_001561
Upin_00001328	XLOC_001098	XLOC_001098
Upin_00001329	XLOC_001099	XLOC_001099
Upin_00001699	XLOC_001563	XLOC_001563
Upin_00002452	XLOC_001563	XLOC_001563
Upin_00002453	XLOC_001563	XLOC_001563
Upin_00002454	XLOC_001563	XLOC_001563
Upin_00001330	XLOC_001100	XLOC_001100
Upin_00001700	XLOC_001564	XLOC_001564
Upin_00001331	XLOC_001101	XLOC_001101
Upin_00002077	XLOC_001101	XLOC_001101
Upin_00001701	XLOC_001565	XLOC_001565
Upin_00002078	XLOC_001102	XLOC_001102
Upin_00002455	XLOC_001566	XLOC_001566
Upin_00001702	XLOC_001566	XLOC_001566
Upin_00001333	XLOC_001103	XLOC_001103
Upin_00001334	XLOC_001104	XLOC_001104
Upin_00001335	XLOC_001105	XLOC_001105
Upin_00001703	XLOC_001567	XLOC_001567
Upin_00001336	XLOC_001106	XLOC_001106
Upin_00002080	XLOC_001107	XLOC_001107
Upin_00002081	XLOC_001108	XLOC_001108
Upin_00001337	XLOC_001109	XLOC_001109
Upin_00002456	XLOC_001568	XLOC_001568
Upin_00002457	XLOC_001569	XLOC_001569
Upin_00002083	XLOC_001110	XLOC_001110
Upin_00002084	XLOC_001110	XLOC_001110
Upin_00002085	XLOC_001111	XLOC_001111
Upin_00001704	XLOC_001570	XLOC_001570
Upin_00002458	XLOC_001570	XLOC_001570
Upin_00001338	XLOC_001112	XLOC_001112
Upin_00001339	XLOC_001113	XLOC_001113
Upin_00002086	XLOC_001113	XLOC_001113
Upin_00002459	XLOC_001571	XLOC_001571
Upin_00001340	XLOC_001114	XLOC_001114
Upin_00002460	XLOC_001572	XLOC_001572
Upin_00001705	XLOC_001572	XLOC_001572
Upin_00001341	XLOC_001115	XLOC_001115
Upin_00002091	XLOC_001115	XLOC_001115
Upin_00001342	XLOC_001116	XLOC_001116
Upin_00002092	XLOC_001116	XLOC_001116
Upin_00002578	XLOC_001661	XLOC_001661
Upin_00003076	XLOC_001661	XLOC_001661
Upin_00003077	XLOC_001661	XLOC_001661
Upin_00002815	XLOC_001975	XLOC_001975
Upin_00002579	XLOC_001662	XLOC_001662
Upin_00003078	XLOC_001662	XLOC_001662
Upin_00002816	XLOC_001976	XLOC_001976
Upin_00003355	XLOC_001976	XLOC_001976
Upin_00002817	XLOC_001977	XLOC_001977
Upin_00002580	XLOC_001663	XLOC_001663
Upin_00003079	XLOC_001663	XLOC_001663
Upin_00003356	XLOC_001978	XLOC_001978
Upin_00002818	XLOC_001979	XLOC_001979
Upin_00002581	XLOC_001665	XLOC_001665
Upin_00003357	XLOC_001980	XLOC_001980
Upin_00002819	XLOC_001980	XLOC_001980
Upin_00002582	XLOC_001666	XLOC_001666
Upin_00003359	XLOC_001981	XLOC_001981
Upin_00002583	XLOC_001667	XLOC_001667
Upin_00003081	XLOC_001667	XLOC_001667
Upin_00002584	XLOC_001668	XLOC_001668
Upin_00003082	XLOC_001668	XLOC_001668
Upin_00002585	XLOC_001669	XLOC_001669
Upin_00003083	XLOC_001669	XLOC_001669
Upin_00003084	XLOC_001669	XLOC_001669
Upin_00003085	XLOC_001669	XLOC_001669
Upin_00003086	XLOC_001669	XLOC_001669
Upin_00003087	XLOC_001669	XLOC_001669
Upin_00003088	XLOC_001670	XLOC_001670
Upin_00002821	XLOC_001982	XLOC_001982
Upin_00003089	XLOC_001671	XLOC_001671
Upin_00002822	XLOC_001983	XLOC_001983
Upin_00002823	XLOC_001984	XLOC_001984
Upin_00003090	XLOC_001672	XLOC_001672
Upin_00002586	XLOC_001673	XLOC_001673
Upin_00003091	XLOC_001673	XLOC_001673
Upin_00003093	XLOC_001673	XLOC_001673
Upin_00003361	XLOC_001986	XLOC_001986
Upin_00003362	XLOC_001985	XLOC_001985
Upin_00002588	XLOC_001674	XLOC_001674
Upin_00003094	XLOC_001674	XLOC_001674
Upin_00003095	XLOC_001674	XLOC_001674
Upin_00002825	XLOC_001987	XLOC_001987
Upin_00002826	XLOC_001989	XLOC_001989
Upin_00003097	XLOC_001676	XLOC_001676
Upin_00003098	XLOC_001677	XLOC_001677
Upin_00003099	XLOC_001677	XLOC_001677
Upin_00002827	XLOC_001990	XLOC_001990
Upin_00003364	XLOC_001990	XLOC_001990
Upin_00003100	XLOC_001678	XLOC_001678
Upin_00002589	XLOC_001679	XLOC_001679
Upin_00002828	XLOC_001991	XLOC_001991
Upin_00002590	XLOC_001680	XLOC_001680
Upin_00003101	XLOC_001680	XLOC_001680
Upin_00003365	XLOC_001992	XLOC_001992
Upin_00002829	XLOC_001993	XLOC_001993
Upin_00002591	XLOC_001681	XLOC_001681
Upin_00003367	XLOC_001994	XLOC_001994
Upin_00003368	XLOC_001995	XLOC_001995
Upin_00002830	XLOC_001996	XLOC_001996
Upin_00002831	XLOC_001997	XLOC_001997
Upin_00003369	XLOC_001997	XLOC_001997
Upin_00002592	XLOC_001682	XLOC_001682
Upin_00002832	XLOC_001998	XLOC_001998
Upin_00003102	XLOC_001683	XLOC_001683
Upin_00002594	XLOC_001684	XLOC_001684
Upin_00002833	XLOC_002000	XLOC_002000
Upin_00002595	XLOC_001685	XLOC_001685
Upin_00003103	XLOC_001685	XLOC_001685
Upin_00002834	XLOC_002001	XLOC_002001
Upin_00003104	XLOC_001686	XLOC_001686
Upin_00002596	XLOC_001686	XLOC_001686
Upin_00003373	XLOC_002002	XLOC_002002
Upin_00002835	XLOC_002003	XLOC_002003
Upin_00002597	XLOC_001688	XLOC_001688
Upin_00002836	XLOC_002004	XLOC_002004
Upin_00003374	XLOC_002005	XLOC_002005
Upin_00002837	XLOC_002006	XLOC_002006
Upin_00002838	XLOC_002007	XLOC_002007
Upin_00002598	XLOC_001689	XLOC_001689
Upin_00002839	XLOC_002008	XLOC_002008
Upin_00003376	XLOC_002008	XLOC_002008
Upin_00002599	XLOC_001690	XLOC_001690
Upin_00003106	XLOC_001690	XLOC_001690
Upin_00002840	XLOC_002009	XLOC_002009
Upin_00003377	XLOC_002009	XLOC_002009
Upin_00003378	XLOC_002010	XLOC_002010
Upin_00002600	XLOC_001692	XLOC_001692
Upin_00002841	XLOC_002011	XLOC_002011
Upin_00003379	XLOC_002011	XLOC_002011
Upin_00003380	XLOC_002012	XLOC_002012
Upin_00002843	XLOC_002013	XLOC_002013
Upin_00002844	XLOC_002014	XLOC_002014
Upin_00002601	XLOC_001693	XLOC_001693
Upin_00002602	XLOC_001694	XLOC_001694
Upin_00003108	XLOC_001694	XLOC_001694
Upin_00003381	XLOC_002015	XLOC_002015
Upin_00003382	XLOC_002016	XLOC_002016
Upin_00002845	XLOC_002017	XLOC_002017
Upin_00003109	XLOC_001695	XLOC_001695
Upin_00002846	XLOC_002018	XLOC_002018
Upin_00003110	XLOC_001696	XLOC_001696
Upin_00002603	XLOC_001697	XLOC_001697
Upin_00002847	XLOC_002019	XLOC_002019
Upin_00003111	XLOC_001698	XLOC_001698
Upin_00002848	XLOC_002020	XLOC_002020
Upin_00003383	XLOC_002021	XLOC_002021
Upin_00002849	XLOC_002021	XLOC_002021
Upin_00002850	XLOC_002023	XLOC_002023
Upin_00003112	XLOC_001699	XLOC_001699
Upin_00002851	XLOC_002024	XLOC_002024
Upin_00002604	XLOC_001700	XLOC_001700
Upin_00003113	XLOC_001700	XLOC_001700
Upin_00002605	XLOC_001701	XLOC_001701
Upin_00002606	XLOC_001702	XLOC_001702
Upin_00002607	XLOC_001703	XLOC_001703
Upin_00002608	XLOC_001704	XLOC_001704
Upin_00002852	XLOC_002025	XLOC_002025
Upin_00003114	XLOC_001705	XLOC_001705
Upin_00002853	XLOC_002026	XLOC_002026
Upin_00003115	XLOC_001706	XLOC_001706
Upin_00002609	XLOC_001707	XLOC_001707
Upin_00003116	XLOC_001707	XLOC_001707
Upin_00003386	XLOC_002027	XLOC_002027
Upin_00002610	XLOC_001709	XLOC_001709
Upin_00003118	XLOC_001709	XLOC_001709
Upin_00002855	XLOC_002029	XLOC_002029
Upin_00003119	XLOC_001710	XLOC_001710
Upin_00002611	XLOC_001711	XLOC_001711
Upin_00003120	XLOC_001711	XLOC_001711
Upin_00003121	XLOC_001711	XLOC_001711
Upin_00003122	XLOC_001711	XLOC_001711
Upin_00002856	XLOC_002030	XLOC_002030
Upin_00002857	XLOC_002031	XLOC_002031
Upin_00003123	XLOC_001712	XLOC_001712
Upin_00002612	XLOC_001712	XLOC_001712
Upin_00002858	XLOC_002032	XLOC_002032
Upin_00003390	XLOC_002032	XLOC_002032
Upin_00003391	XLOC_002032	XLOC_002032
Upin_00003124	XLOC_001713	XLOC_001713
Upin_00003125	XLOC_001714	XLOC_001714
Upin_00003126	XLOC_001714	XLOC_001714
Upin_00002616	XLOC_001715	XLOC_001715
Upin_00003127	XLOC_001716	XLOC_001716
Upin_00002618	XLOC_001716	XLOC_001716
Upin_00002859	XLOC_002033	XLOC_002033
Upin_00003392	XLOC_002033	XLOC_002033
Upin_00002619	XLOC_001717	XLOC_001717
Upin_00003128	XLOC_001717	XLOC_001717
Upin_00002860	XLOC_002034	XLOC_002034
Upin_00002861	XLOC_002035	XLOC_002035
Upin_00002620	XLOC_001719	XLOC_001719
Upin_00003393	XLOC_002036	XLOC_002036
Upin_00002862	XLOC_002036	XLOC_002036
Upin_00002863	XLOC_002037	XLOC_002037
Upin_00003131	XLOC_001720	XLOC_001720
Upin_00002864	XLOC_002038	XLOC_002038
Upin_00003395	XLOC_002038	XLOC_002038
Upin_00002622	XLOC_001721	XLOC_001721
Upin_00003132	XLOC_001721	XLOC_001721
Upin_00003133	XLOC_001722	XLOC_001722
Upin_00002623	XLOC_001723	XLOC_001723
Upin_00003134	XLOC_001723	XLOC_001723
Upin_00002624	XLOC_001724	XLOC_001724
Upin_00003397	XLOC_002040	XLOC_002040
Upin_00002865	XLOC_002041	XLOC_002041
Upin_00003136	XLOC_001725	XLOC_001725
Upin_00002625	XLOC_001726	XLOC_001726
Upin_00002866	XLOC_002042	XLOC_002042
Upin_00002626	XLOC_001727	XLOC_001727
Upin_00003137	XLOC_001727	XLOC_001727
Upin_00002627	XLOC_001728	XLOC_001728
Upin_00003399	XLOC_002044	XLOC_002044
Upin_00002867	XLOC_002045	XLOC_002045
Upin_00003400	XLOC_002045	XLOC_002045
Upin_00003402	XLOC_002046	XLOC_002046
Upin_00002869	XLOC_002046	XLOC_002046
Upin_00002871	XLOC_002047	XLOC_002047
Upin_00002629	XLOC_001730	XLOC_001730
Upin_00003141	XLOC_001730	XLOC_001730
Upin_00002872	XLOC_002048	XLOC_002048
Upin_00002630	XLOC_001731	XLOC_001731
Upin_00003142	XLOC_001731	XLOC_001731
Upin_00003144	XLOC_001733	XLOC_001733
Upin_00002873	XLOC_002050	XLOC_002050
Upin_00003405	XLOC_002050	XLOC_002050
Upin_00003145	XLOC_001734	XLOC_001734
Upin_00002632	XLOC_001734	XLOC_001734
Upin_00003146	XLOC_001734	XLOC_001734
Upin_00003408	XLOC_002051	XLOC_002051
Upin_00002874	XLOC_002051	XLOC_002051
Upin_00003148	XLOC_001735	XLOC_001735
Upin_00002633	XLOC_001736	XLOC_001736
Upin_00002875	XLOC_002052	XLOC_002052
Upin_00003409	XLOC_002053	XLOC_002053
Upin_00003410	XLOC_002054	XLOC_002054
Upin_00003150	XLOC_001738	XLOC_001738
Upin_00002634	XLOC_001739	XLOC_001739
Upin_00003151	XLOC_001739	XLOC_001739
Upin_00003152	XLOC_001739	XLOC_001739
Upin_00002878	XLOC_002055	XLOC_002055
Upin_00003411	XLOC_002055	XLOC_002055
Upin_00003153	XLOC_001740	XLOC_001740
Upin_00002635	XLOC_001740	XLOC_001740
Upin_00003154	XLOC_001740	XLOC_001740
Upin_00002879	XLOC_002056	XLOC_002056
Upin_00003413	XLOC_002056	XLOC_002056
Upin_00002880	XLOC_002057	XLOC_002057
Upin_00002881	XLOC_002059	XLOC_002059
Upin_00002636	XLOC_001741	XLOC_001741
Upin_00002882	XLOC_002060	XLOC_002060
Upin_00003416	XLOC_002060	XLOC_002060
Upin_00002883	XLOC_002061	XLOC_002061
Upin_00002637	XLOC_001742	XLOC_001742
Upin_00003156	XLOC_001742	XLOC_001742
Upin_00003417	XLOC_002062	XLOC_002062
Upin_00003157	XLOC_001743	XLOC_001743
Upin_00002638	XLOC_001744	XLOC_001744
Upin_00003159	XLOC_001746	XLOC_001746
Upin_00002639	XLOC_001746	XLOC_001746
Upin_00003160	XLOC_001746	XLOC_001746
Upin_00003161	XLOC_001746	XLOC_001746
Upin_00002641	XLOC_001747	XLOC_001747
Upin_00003162	XLOC_001747	XLOC_001747
Upin_00003163	XLOC_001748	XLOC_001748
Upin_00002642	XLOC_001748	XLOC_001748
Upin_00003164	XLOC_001749	XLOC_001749
Upin_00003165	XLOC_001750	XLOC_001750
Upin_00002885	XLOC_002063	XLOC_002063
Upin_00003166	XLOC_001751	XLOC_001751
Upin_00002643	XLOC_001752	XLOC_001752
Upin_00003168	XLOC_001754	XLOC_001754
Upin_00002886	XLOC_002066	XLOC_002066
Upin_00003169	XLOC_001755	XLOC_001755
Upin_00003422	XLOC_002067	XLOC_002067
Upin_00002887	XLOC_002068	XLOC_002068
Upin_00002646	XLOC_001756	XLOC_001756
Upin_00003170	XLOC_001756	XLOC_001756
Upin_00002647	XLOC_001757	XLOC_001757
Upin_00002888	XLOC_002069	XLOC_002069
Upin_00003424	XLOC_002070	XLOC_002070
Upin_00002890	XLOC_002071	XLOC_002071
Upin_00003425	XLOC_002072	XLOC_002072
Upin_00003426	XLOC_002073	XLOC_002073
Upin_00003427	XLOC_002074	XLOC_002074
Upin_00002649	XLOC_001758	XLOC_001758
Upin_00002893	XLOC_002075	XLOC_002075
Upin_00003171	XLOC_001759	XLOC_001759
Upin_00003172	XLOC_001760	XLOC_001760
Upin_00003429	XLOC_002076	XLOC_002076
Upin_00003173	XLOC_001761	XLOC_001761
Upin_00002895	XLOC_002077	XLOC_002077
Upin_00003174	XLOC_001762	XLOC_001762
Upin_00002651	XLOC_001762	XLOC_001762
Upin_00003175	XLOC_001763	XLOC_001763
Upin_00002896	XLOC_002078	XLOC_002078
Upin_00002653	XLOC_001764	XLOC_001764
Upin_00003176	XLOC_001764	XLOC_001764
Upin_00003177	XLOC_001764	XLOC_001764
Upin_00002897	XLOC_002079	XLOC_002079
Upin_00003178	XLOC_001765	XLOC_001765
Upin_00003432	XLOC_002080	XLOC_002080
Upin_00002898	XLOC_002080	XLOC_002080
Upin_00002899	XLOC_002081	XLOC_002081
Upin_00002654	XLOC_001766	XLOC_001766
Upin_00003179	XLOC_001766	XLOC_001766
Upin_00002655	XLOC_001767	XLOC_001767
Upin_00002656	XLOC_001768	XLOC_001768
Upin_00003180	XLOC_001768	XLOC_001768
Upin_00003181	XLOC_001769	XLOC_001769
Upin_00003433	XLOC_002082	XLOC_002082
Upin_00003182	XLOC_001770	XLOC_001770
Upin_00002658	XLOC_001770	XLOC_001770
Upin_00002901	XLOC_002083	XLOC_002083
Upin_00002659	XLOC_001771	XLOC_001771
Upin_00003183	XLOC_001771	XLOC_001771
Upin_00002902	XLOC_002084	XLOC_002084
Upin_00002660	XLOC_001772	XLOC_001772
Upin_00003435	XLOC_002085	XLOC_002085
Upin_00003184	XLOC_001773	XLOC_001773
Upin_00003185	XLOC_001774	XLOC_001774
Upin_00003186	XLOC_001775	XLOC_001775
Upin_00002661	XLOC_001776	XLOC_001776
Upin_00002662	XLOC_001777	XLOC_001777
Upin_00003187	XLOC_001777	XLOC_001777
Upin_00002904	XLOC_002086	XLOC_002086
Upin_00002663	XLOC_001778	XLOC_001778
Upin_00003436	XLOC_002087	XLOC_002087
Upin_00002664	XLOC_001779	XLOC_001779
Upin_00002906	XLOC_002088	XLOC_002088
Upin_00003437	XLOC_002089	XLOC_002089
Upin_00003438	XLOC_002090	XLOC_002090
Upin_00002665	XLOC_001780	XLOC_001780
Upin_00002907	XLOC_002091	XLOC_002091
Upin_00002908	XLOC_002093	XLOC_002093
Upin_00003191	XLOC_001782	XLOC_001782
Upin_00002909	XLOC_002094	XLOC_002094
Upin_00002910	XLOC_002095	XLOC_002095
Upin_00002666	XLOC_001783	XLOC_001783
Upin_00002911	XLOC_002096	XLOC_002096
Upin_00002912	XLOC_002097	XLOC_002097
Upin_00003192	XLOC_001784	XLOC_001784
Upin_00002913	XLOC_002098	XLOC_002098
Upin_00003445	XLOC_002099	XLOC_002099
Upin_00003446	XLOC_002100	XLOC_002100
Upin_00003447	XLOC_002101	XLOC_002101
Upin_00002667	XLOC_001785	XLOC_001785
Upin_00003193	XLOC_001785	XLOC_001785
Upin_00002914	XLOC_002103	XLOC_002103
Upin_00002915	XLOC_002104	XLOC_002104
Upin_00003449	XLOC_002104	XLOC_002104
Upin_00003450	XLOC_002104	XLOC_002104
Upin_00003453	XLOC_002104	XLOC_002104
Upin_00003194	XLOC_001786	XLOC_001786
Upin_00002916	XLOC_002105	XLOC_002105
Upin_00002668	XLOC_001787	XLOC_001787
Upin_00003454	XLOC_002106	XLOC_002106
Upin_00003196	XLOC_001788	XLOC_001788
Upin_00002669	XLOC_001788	XLOC_001788
Upin_00003197	XLOC_001788	XLOC_001788
Upin_00002670	XLOC_001789	XLOC_001789
Upin_00003198	XLOC_001789	XLOC_001789
Upin_00003199	XLOC_001789	XLOC_001789
Upin_00002671	XLOC_001790	XLOC_001790
Upin_00002917	XLOC_002107	XLOC_002107
Upin_00003200	XLOC_001791	XLOC_001791
Upin_00002918	XLOC_002108	XLOC_002108
Upin_00002673	XLOC_001792	XLOC_001792
Upin_00003201	XLOC_001792	XLOC_001792
Upin_00002674	XLOC_001793	XLOC_001793
Upin_00003203	XLOC_001793	XLOC_001793
Upin_00003204	XLOC_001794	XLOC_001794
Upin_00002676	XLOC_001795	XLOC_001795
Upin_00002677	XLOC_001796	XLOC_001796
Upin_00003456	XLOC_002110	XLOC_002110
Upin_00002919	XLOC_002110	XLOC_002110
Upin_00003457	XLOC_002111	XLOC_002111
Upin_00002920	XLOC_002111	XLOC_002111
Upin_00003205	XLOC_001797	XLOC_001797
Upin_00003206	XLOC_001798	XLOC_001798
Upin_00002678	XLOC_001799	XLOC_001799
Upin_00003207	XLOC_001799	XLOC_001799
Upin_00003208	XLOC_001799	XLOC_001799
Upin_00002921	XLOC_002112	XLOC_002112
Upin_00003209	XLOC_001800	XLOC_001800
Upin_00003210	XLOC_001801	XLOC_001801
Upin_00003211	XLOC_001802	XLOC_001802
Upin_00003459	XLOC_002114	XLOC_002114
Upin_00002922	XLOC_002115	XLOC_002115
Upin_00003212	XLOC_001803	XLOC_001803
Upin_00003460	XLOC_002116	XLOC_002116
Upin_00003461	XLOC_002117	XLOC_002117
Upin_00003462	XLOC_002118	XLOC_002118
Upin_00002923	XLOC_002119	XLOC_002119
Upin_00003464	XLOC_002120	XLOC_002120
Upin_00002680	XLOC_001805	XLOC_001805
Upin_00003214	XLOC_001805	XLOC_001805
Upin_00003215	XLOC_001805	XLOC_001805
Upin_00003216	XLOC_001805	XLOC_001805
Upin_00003217	XLOC_001805	XLOC_001805
Upin_00003218	XLOC_001805	XLOC_001805
Upin_00002924	XLOC_002121	XLOC_002121
Upin_00002681	XLOC_001806	XLOC_001806
Upin_00003466	XLOC_002122	XLOC_002122
Upin_00002925	XLOC_002123	XLOC_002123
Upin_00003467	XLOC_002123	XLOC_002123
Upin_00002926	XLOC_002124	XLOC_002124
Upin_00003219	XLOC_001807	XLOC_001807
Upin_00002682	XLOC_001807	XLOC_001807
Upin_00003220	XLOC_001808	XLOC_001808
Upin_00002927	XLOC_002125	XLOC_002125
Upin_00003221	XLOC_001809	XLOC_001809
Upin_00003222	XLOC_001810	XLOC_001810
Upin_00002683	XLOC_001811	XLOC_001811
Upin_00003469	XLOC_002126	XLOC_002126
Upin_00002684	XLOC_001812	XLOC_001812
Upin_00002928	XLOC_002127	XLOC_002127
Upin_00002929	XLOC_002128	XLOC_002128
Upin_00002685	XLOC_001813	XLOC_001813
Upin_00003223	XLOC_001813	XLOC_001813
Upin_00002686	XLOC_001814	XLOC_001814
Upin_00002930	XLOC_002129	XLOC_002129
Upin_00003470	XLOC_002129	XLOC_002129
Upin_00002687	XLOC_001815	XLOC_001815
Upin_00002931	XLOC_002130	XLOC_002130
Upin_00003471	XLOC_002131	XLOC_002131
Upin_00002933	XLOC_002132	XLOC_002132
Upin_00002688	XLOC_001816	XLOC_001816
Upin_00003224	XLOC_001816	XLOC_001816
Upin_00003473	XLOC_002133	XLOC_002133
Upin_00002934	XLOC_002133	XLOC_002133
Upin_00003474	XLOC_002134	XLOC_002134
Upin_00002689	XLOC_001818	XLOC_001818
Upin_00003475	XLOC_002135	XLOC_002135
Upin_00002690	XLOC_001819	XLOC_001819
Upin_00002936	XLOC_002137	XLOC_002137
Upin_00002691	XLOC_001820	XLOC_001820
Upin_00003226	XLOC_001820	XLOC_001820
Upin_00002692	XLOC_001821	XLOC_001821
Upin_00003227	XLOC_001821	XLOC_001821
Upin_00002693	XLOC_001822	XLOC_001822
Upin_00002937	XLOC_002138	XLOC_002138
Upin_00003480	XLOC_002140	XLOC_002140
Upin_00002938	XLOC_002141	XLOC_002141
Upin_00003228	XLOC_001823	XLOC_001823
Upin_00002694	XLOC_001823	XLOC_001823
Upin_00002940	XLOC_002143	XLOC_002143
Upin_00002695	XLOC_001824	XLOC_001824
Upin_00002941	XLOC_002145	XLOC_002145
Upin_00003485	XLOC_002146	XLOC_002146
Upin_00002696	XLOC_001825	XLOC_001825
Upin_00003229	XLOC_001825	XLOC_001825
Upin_00003486	XLOC_002147	XLOC_002147
Upin_00002697	XLOC_001826	XLOC_001826
Upin_00002698	XLOC_001827	XLOC_001827
Upin_00003487	XLOC_002148	XLOC_002148
Upin_00002699	XLOC_001828	XLOC_001828
Upin_00002700	XLOC_001829	XLOC_001829
Upin_00002701	XLOC_001830	XLOC_001830
Upin_00002945	XLOC_002149	XLOC_002149
Upin_00002946	XLOC_002150	XLOC_002150
Upin_00002702	XLOC_001832	XLOC_001832
Upin_00003233	XLOC_001833	XLOC_001833
Upin_00002947	XLOC_002153	XLOC_002153
Upin_00002703	XLOC_001834	XLOC_001834
Upin_00002948	XLOC_002154	XLOC_002154
Upin_00002704	XLOC_001835	XLOC_001835
Upin_00003234	XLOC_001835	XLOC_001835
Upin_00002949	XLOC_002155	XLOC_002155
Upin_00002950	XLOC_002156	XLOC_002156
Upin_00002705	XLOC_001836	XLOC_001836
Upin_00003235	XLOC_001837	XLOC_001837
Upin_00002951	XLOC_002157	XLOC_002157
Upin_00002707	XLOC_001838	XLOC_001838
Upin_00003236	XLOC_001838	XLOC_001838
Upin_00003237	XLOC_001839	XLOC_001839
Upin_00002952	XLOC_002158	XLOC_002158
Upin_00003494	XLOC_002158	XLOC_002158
Upin_00003495	XLOC_002159	XLOC_002159
Upin_00002953	XLOC_002159	XLOC_002159
Upin_00002708	XLOC_001840	XLOC_001840
Upin_00002954	XLOC_002161	XLOC_002161
Upin_00002955	XLOC_002162	XLOC_002162
Upin_00002956	XLOC_002163	XLOC_002163
Upin_00003239	XLOC_001841	XLOC_001841
Upin_00002709	XLOC_001842	XLOC_001842
Upin_00002957	XLOC_002164	XLOC_002164
Upin_00002958	XLOC_002165	XLOC_002165
Upin_00002710	XLOC_001844	XLOC_001844
Upin_00002959	XLOC_002166	XLOC_002166
Upin_00002960	XLOC_002167	XLOC_002167
Upin_00002711	XLOC_001845	XLOC_001845
Upin_00002961	XLOC_002168	XLOC_002168
Upin_00002712	XLOC_001846	XLOC_001846
Upin_00003243	XLOC_001846	XLOC_001846
Upin_00002713	XLOC_001847	XLOC_001847
Upin_00003244	XLOC_001847	XLOC_001847
Upin_00003245	XLOC_001847	XLOC_001847
Upin_00002962	XLOC_002169	XLOC_002169
Upin_00002714	XLOC_001848	XLOC_001848
Upin_00002963	XLOC_002170	XLOC_002170
Upin_00003246	XLOC_001849	XLOC_001849
Upin_00002715	XLOC_001849	XLOC_001849
Upin_00002964	XLOC_002171	XLOC_002171
Upin_00002716	XLOC_001850	XLOC_001850
Upin_00003247	XLOC_001850	XLOC_001850
Upin_00002965	XLOC_002172	XLOC_002172
Upin_00002717	XLOC_001851	XLOC_001851
Upin_00002966	XLOC_002173	XLOC_002173
Upin_00003504	XLOC_002174	XLOC_002174
Upin_00002967	XLOC_002174	XLOC_002174
Upin_00002718	XLOC_001852	XLOC_001852
Upin_00002968	XLOC_002175	XLOC_002175
Upin_00003505	XLOC_002175	XLOC_002175
Upin_00003248	XLOC_001853	XLOC_001853
Upin_00003249	XLOC_001854	XLOC_001854
Upin_00002969	XLOC_002176	XLOC_002176
Upin_00002970	XLOC_002177	XLOC_002177
Upin_00002972	XLOC_002180	XLOC_002180
Upin_00003250	XLOC_001855	XLOC_001855
Upin_00002973	XLOC_002181	XLOC_002181
Upin_00002719	XLOC_001857	XLOC_001857
Upin_00002974	XLOC_002182	XLOC_002182
Upin_00003509	XLOC_002182	XLOC_002182
Upin_00002720	XLOC_001858	XLOC_001858
Upin_00002975	XLOC_002183	XLOC_002183
Upin_00002721	XLOC_001859	XLOC_001859
Upin_00003252	XLOC_001860	XLOC_001860
Upin_00002976	XLOC_002184	XLOC_002184
Upin_00003253	XLOC_001861	XLOC_001861
Upin_00002722	XLOC_001861	XLOC_001861
Upin_00003254	XLOC_001861	XLOC_001861
Upin_00002723	XLOC_001862	XLOC_001862
Upin_00002977	XLOC_002185	XLOC_002185
Upin_00003255	XLOC_001863	XLOC_001863
Upin_00002724	XLOC_001863	XLOC_001863
Upin_00002725	XLOC_001864	XLOC_001864
Upin_00002978	XLOC_002187	XLOC_002187
Upin_00002726	XLOC_001865	XLOC_001865
Upin_00002979	XLOC_002188	XLOC_002188
Upin_00002727	XLOC_001866	XLOC_001866
Upin_00002728	XLOC_001867	XLOC_001867
Upin_00003256	XLOC_001867	XLOC_001867
Upin_00002980	XLOC_002189	XLOC_002189
Upin_00002981	XLOC_002190	XLOC_002190
Upin_00002982	XLOC_002191	XLOC_002191
Upin_00002983	XLOC_002192	XLOC_002192
Upin_00003257	XLOC_001868	XLOC_001868
Upin_00002984	XLOC_002193	XLOC_002193
Upin_00002985	XLOC_002194	XLOC_002194
Upin_00002986	XLOC_002195	XLOC_002195
Upin_00002987	XLOC_002196	XLOC_002196
Upin_00002988	XLOC_002197	XLOC_002197
Upin_00003517	XLOC_002197	XLOC_002197
Upin_00002729	XLOC_001870	XLOC_001870
Upin_00003259	XLOC_001870	XLOC_001870
Upin_00002989	XLOC_002198	XLOC_002198
Upin_00002990	XLOC_002199	XLOC_002199
Upin_00003260	XLOC_001871	XLOC_001871
Upin_00003520	XLOC_002200	XLOC_002200
Upin_00002992	XLOC_002201	XLOC_002201
Upin_00002731	XLOC_001872	XLOC_001872
Upin_00003261	XLOC_001872	XLOC_001872
Upin_00003262	XLOC_001872	XLOC_001872
Upin_00003263	XLOC_001872	XLOC_001872
Upin_00003264	XLOC_001872	XLOC_001872
Upin_00003265	XLOC_001872	XLOC_001872
Upin_00002993	XLOC_002203	XLOC_002203
Upin_00002733	XLOC_001874	XLOC_001874
Upin_00002734	XLOC_001875	XLOC_001875
Upin_00003267	XLOC_001875	XLOC_001875
Upin_00002994	XLOC_002205	XLOC_002205
Upin_00002995	XLOC_002206	XLOC_002206
Upin_00002735	XLOC_001876	XLOC_001876
Upin_00002996	XLOC_002207	XLOC_002207
Upin_00003524	XLOC_002207	XLOC_002207
Upin_00002736	XLOC_001877	XLOC_001877
Upin_00002997	XLOC_002208	XLOC_002208
Upin_00003268	XLOC_001878	XLOC_001878
Upin_00002738	XLOC_001879	XLOC_001879
Upin_00002739	XLOC_001880	XLOC_001880
Upin_00002740	XLOC_001881	XLOC_001881
Upin_00002741	XLOC_001882	XLOC_001882
Upin_00002998	XLOC_002209	XLOC_002209
Upin_00002999	XLOC_002210	XLOC_002210
Upin_00003000	XLOC_002211	XLOC_002211
Upin_00002742	XLOC_001883	XLOC_001883
Upin_00003001	XLOC_002212	XLOC_002212
Upin_00002743	XLOC_001884	XLOC_001884
Upin_00003269	XLOC_001884	XLOC_001884
Upin_00002744	XLOC_001885	XLOC_001885
Upin_00003002	XLOC_002214	XLOC_002214
Upin_00003527	XLOC_002216	XLOC_002216
Upin_00003272	XLOC_001886	XLOC_001886
Upin_00003003	XLOC_002218	XLOC_002218
Upin_00002745	XLOC_001887	XLOC_001887
Upin_00002746	XLOC_001888	XLOC_001888
Upin_00003004	XLOC_002219	XLOC_002219
Upin_00002747	XLOC_001889	XLOC_001889
Upin_00003005	XLOC_002220	XLOC_002220
Upin_00003529	XLOC_002221	XLOC_002221
Upin_00003006	XLOC_002222	XLOC_002222
Upin_00003531	XLOC_002223	XLOC_002223
Upin_00003274	XLOC_001891	XLOC_001891
Upin_00002748	XLOC_001891	XLOC_001891
Upin_00003275	XLOC_001891	XLOC_001891
Upin_00003532	XLOC_002224	XLOC_002224
Upin_00002749	XLOC_001892	XLOC_001892
Upin_00002750	XLOC_001893	XLOC_001893
Upin_00002751	XLOC_001894	XLOC_001894
Upin_00003276	XLOC_001894	XLOC_001894
Upin_00003277	XLOC_001894	XLOC_001894
Upin_00003278	XLOC_001895	XLOC_001895
Upin_00002752	XLOC_001896	XLOC_001896
Upin_00002753	XLOC_001897	XLOC_001897
Upin_00003008	XLOC_002225	XLOC_002225
Upin_00003279	XLOC_001898	XLOC_001898
Upin_00003009	XLOC_002226	XLOC_002226
Upin_00003010	XLOC_002227	XLOC_002227
Upin_00003533	XLOC_002228	XLOC_002228
Upin_00002754	XLOC_001899	XLOC_001899
Upin_00003534	XLOC_002229	XLOC_002229
Upin_00003012	XLOC_002229	XLOC_002229
Upin_00002755	XLOC_001900	XLOC_001900
Upin_00002756	XLOC_001901	XLOC_001901
Upin_00003280	XLOC_001901	XLOC_001901
Upin_00003013	XLOC_002230	XLOC_002230
Upin_00003281	XLOC_001902	XLOC_001902
Upin_00002757	XLOC_001902	XLOC_001902
Upin_00003282	XLOC_001902	XLOC_001902
Upin_00003014	XLOC_002231	XLOC_002231
Upin_00002758	XLOC_001903	XLOC_001903
Upin_00003015	XLOC_002232	XLOC_002232
Upin_00002759	XLOC_001904	XLOC_001904
Upin_00002760	XLOC_001905	XLOC_001905
Upin_00003285	XLOC_001905	XLOC_001905
Upin_00003537	XLOC_002233	XLOC_002233
Upin_00002761	XLOC_001906	XLOC_001906
Upin_00003286	XLOC_001906	XLOC_001906
Upin_00003016	XLOC_002234	XLOC_002234
Upin_00003287	XLOC_001907	XLOC_001907
Upin_00003288	XLOC_001908	XLOC_001908
Upin_00003289	XLOC_001909	XLOC_001909
Upin_00002763	XLOC_001910	XLOC_001910
Upin_00003538	XLOC_002235	XLOC_002235
Upin_00003539	XLOC_002236	XLOC_002236
Upin_00003017	XLOC_002236	XLOC_002236
Upin_00002764	XLOC_001911	XLOC_001911
Upin_00003292	XLOC_001911	XLOC_001911
Upin_00003291	XLOC_001912	XLOC_001912
Upin_00003541	XLOC_002237	XLOC_002237
Upin_00003542	XLOC_002237	XLOC_002237
Upin_00002765	XLOC_001913	XLOC_001913
Upin_00003294	XLOC_001914	XLOC_001914
Upin_00003019	XLOC_002238	XLOC_002238
Upin_00003020	XLOC_002239	XLOC_002239
Upin_00003544	XLOC_002239	XLOC_002239
Upin_00003295	XLOC_001915	XLOC_001915
Upin_00003021	XLOC_002240	XLOC_002240
Upin_00003546	XLOC_002240	XLOC_002240
Upin_00002768	XLOC_001916	XLOC_001916
Upin_00003296	XLOC_001916	XLOC_001916
Upin_00003022	XLOC_002241	XLOC_002241
Upin_00002769	XLOC_001917	XLOC_001917
Upin_00003297	XLOC_001917	XLOC_001917
Upin_00003298	XLOC_001917	XLOC_001917
Upin_00003023	XLOC_002242	XLOC_002242
Upin_00003299	XLOC_001918	XLOC_001918
Upin_00003300	XLOC_001919	XLOC_001919
Upin_00002770	XLOC_001919	XLOC_001919
Upin_00003301	XLOC_001919	XLOC_001919
Upin_00002771	XLOC_001920	XLOC_001920
Upin_00002772	XLOC_001921	XLOC_001921
Upin_00002773	XLOC_001922	XLOC_001922
Upin_00003302	XLOC_001922	XLOC_001922
Upin_00003024	XLOC_002244	XLOC_002244
Upin_00003025	XLOC_002245	XLOC_002245
Upin_00003549	XLOC_002245	XLOC_002245
Upin_00002774	XLOC_001923	XLOC_001923
Upin_00003550	XLOC_002246	XLOC_002246
Upin_00002775	XLOC_001924	XLOC_001924
Upin_00003027	XLOC_002247	XLOC_002247
Upin_00003551	XLOC_002247	XLOC_002247
Upin_00003303	XLOC_001925	XLOC_001925
Upin_00002776	XLOC_001925	XLOC_001925
Upin_00003304	XLOC_001925	XLOC_001925
Upin_00003028	XLOC_002248	XLOC_002248
Upin_00003029	XLOC_002249	XLOC_002249
Upin_00003553	XLOC_002249	XLOC_002249
Upin_00003031	XLOC_002250	XLOC_002250
Upin_00003556	XLOC_002250	XLOC_002250
Upin_00003557	XLOC_002251	XLOC_002251
Upin_00003305	XLOC_001926	XLOC_001926
Upin_00002777	XLOC_001926	XLOC_001926
Upin_00003032	XLOC_002252	XLOC_002252
Upin_00002778	XLOC_001927	XLOC_001927
Upin_00003306	XLOC_001927	XLOC_001927
Upin_00003560	XLOC_002253	XLOC_002253
Upin_00003033	XLOC_002253	XLOC_002253
Upin_00003307	XLOC_001928	XLOC_001928
Upin_00003308	XLOC_001929	XLOC_001929
Upin_00002779	XLOC_001929	XLOC_001929
Upin_00003309	XLOC_001930	XLOC_001930
Upin_00002780	XLOC_001930	XLOC_001930
Upin_00003311	XLOC_001931	XLOC_001931
Upin_00002784	XLOC_001931	XLOC_001931
Upin_00003034	XLOC_002256	XLOC_002256
Upin_00003035	XLOC_002258	XLOC_002258
Upin_00003036	XLOC_002259	XLOC_002259
Upin_00002785	XLOC_001932	XLOC_001932
Upin_00002786	XLOC_001933	XLOC_001933
Upin_00003313	XLOC_001934	XLOC_001934
Upin_00003564	XLOC_002260	XLOC_002260
Upin_00002788	XLOC_001935	XLOC_001935
Upin_00003314	XLOC_001935	XLOC_001935
Upin_00003038	XLOC_002261	XLOC_002261
Upin_00002789	XLOC_001936	XLOC_001936
Upin_00003315	XLOC_001936	XLOC_001936
Upin_00003566	XLOC_002262	XLOC_002262
Upin_00002790	XLOC_001937	XLOC_001937
Upin_00003040	XLOC_002263	XLOC_002263
Upin_00002791	XLOC_001938	XLOC_001938
Upin_00003041	XLOC_002264	XLOC_002264
Upin_00003568	XLOC_002265	XLOC_002265
Upin_00003042	XLOC_002266	XLOC_002266
Upin_00003316	XLOC_001939	XLOC_001939
Upin_00003317	XLOC_001940	XLOC_001940
Upin_00003043	XLOC_002268	XLOC_002268
Upin_00003570	XLOC_002268	XLOC_002268
Upin_00002793	XLOC_001941	XLOC_001941
Upin_00003318	XLOC_001941	XLOC_001941
Upin_00002794	XLOC_001942	XLOC_001942
Upin_00003319	XLOC_001942	XLOC_001942
Upin_00003044	XLOC_002269	XLOC_002269
Upin_00003571	XLOC_002269	XLOC_002269
Upin_00003572	XLOC_002269	XLOC_002269
Upin_00003573	XLOC_002269	XLOC_002269
Upin_00003320	XLOC_001943	XLOC_001943
Upin_00003045	XLOC_002270	XLOC_002270
Upin_00003046	XLOC_002271	XLOC_002271
Upin_00003321	XLOC_001944	XLOC_001944
Upin_00003047	XLOC_002272	XLOC_002272
Upin_00003048	XLOC_002273	XLOC_002273
Upin_00003049	XLOC_002274	XLOC_002274
Upin_00003050	XLOC_002275	XLOC_002275
Upin_00003051	XLOC_002276	XLOC_002276
Upin_00003052	XLOC_002277	XLOC_002277
Upin_00003053	XLOC_002278	XLOC_002278
Upin_00003323	XLOC_001946	XLOC_001946
Upin_00003581	XLOC_002279	XLOC_002279
Upin_00003054	XLOC_002279	XLOC_002279
Upin_00002795	XLOC_001947	XLOC_001947
Upin_00003324	XLOC_001947	XLOC_001947
Upin_00003326	XLOC_001947	XLOC_001947
Upin_00002796	XLOC_001948	XLOC_001948
Upin_00002797	XLOC_001949	XLOC_001949
Upin_00003327	XLOC_001949	XLOC_001949
Upin_00003582	XLOC_002280	XLOC_002280
Upin_00002798	XLOC_001950	XLOC_001950
Upin_00003328	XLOC_001950	XLOC_001950
Upin_00003583	XLOC_002281	XLOC_002281
Upin_00003055	XLOC_002282	XLOC_002282
Upin_00002799	XLOC_001951	XLOC_001951
Upin_00003330	XLOC_001951	XLOC_001951
Upin_00003056	XLOC_002283	XLOC_002283
Upin_00002800	XLOC_001952	XLOC_001952
Upin_00003057	XLOC_002284	XLOC_002284
Upin_00002801	XLOC_001953	XLOC_001953
Upin_00003058	XLOC_002285	XLOC_002285
Upin_00003059	XLOC_002286	XLOC_002286
Upin_00003333	XLOC_001954	XLOC_001954
Upin_00003060	XLOC_002287	XLOC_002287
Upin_00003585	XLOC_002287	XLOC_002287
Upin_00003334	XLOC_001955	XLOC_001955
Upin_00002802	XLOC_001956	XLOC_001956
Upin_00003336	XLOC_001956	XLOC_001956
Upin_00003335	XLOC_001957	XLOC_001957
Upin_00003586	XLOC_002288	XLOC_002288
Upin_00003061	XLOC_002289	XLOC_002289
Upin_00003587	XLOC_002290	XLOC_002290
Upin_00003062	XLOC_002291	XLOC_002291
Upin_00003337	XLOC_001958	XLOC_001958
Upin_00003063	XLOC_002292	XLOC_002292
Upin_00003338	XLOC_001959	XLOC_001959
Upin_00002803	XLOC_001959	XLOC_001959
Upin_00003339	XLOC_001959	XLOC_001959
Upin_00003065	XLOC_002294	XLOC_002294
Upin_00002804	XLOC_001960	XLOC_001960
Upin_00003341	XLOC_001960	XLOC_001960
Upin_00003594	XLOC_002296	XLOC_002296
Upin_00003066	XLOC_002297	XLOC_002297
Upin_00003595	XLOC_002298	XLOC_002298
Upin_00003067	XLOC_002298	XLOC_002298
Upin_00003342	XLOC_001961	XLOC_001961
Upin_00002806	XLOC_001963	XLOC_001963
Upin_00003344	XLOC_001963	XLOC_001963
Upin_00003345	XLOC_001963	XLOC_001963
Upin_00003346	XLOC_001963	XLOC_001963
Upin_00003596	XLOC_002299	XLOC_002299
Upin_00003347	XLOC_001964	XLOC_001964
Upin_00003068	XLOC_002300	XLOC_002300
Upin_00002808	XLOC_001965	XLOC_001965
Upin_00003069	XLOC_002302	XLOC_002302
Upin_00002809	XLOC_001967	XLOC_001967
Upin_00003070	XLOC_002303	XLOC_002303
Upin_00003598	XLOC_002303	XLOC_002303
Upin_00003071	XLOC_002304	XLOC_002304
Upin_00002810	XLOC_001968	XLOC_001968
Upin_00003350	XLOC_001970	XLOC_001970
Upin_00003599	XLOC_002305	XLOC_002305
Upin_00002811	XLOC_001971	XLOC_001971
Upin_00003073	XLOC_002306	XLOC_002306
Upin_00002812	XLOC_001972	XLOC_001972
Upin_00003352	XLOC_001972	XLOC_001972
Upin_00003600	XLOC_002307	XLOC_002307
Upin_00003602	XLOC_002308	XLOC_002308
Upin_00003074	XLOC_002308	XLOC_002308
Upin_00002813	XLOC_001973	XLOC_001973
Upin_00003075	XLOC_002309	XLOC_002309
Upin_00002814	XLOC_001974	XLOC_001974
Upin_00003354	XLOC_001974	XLOC_001974
Upin_00003842	XLOC_002614	XLOC_002614
Upin_00003606	XLOC_002312	XLOC_002312
Upin_00003843	XLOC_002615	XLOC_002615
Upin_00004095	XLOC_002314	XLOC_002314
Upin_00004096	XLOC_002314	XLOC_002314
Upin_00003609	XLOC_002315	XLOC_002315
Upin_00003610	XLOC_002316	XLOC_002316
Upin_00003611	XLOC_002317	XLOC_002317
Upin_00003612	XLOC_002318	XLOC_002318
Upin_00003613	XLOC_002319	XLOC_002319
Upin_00003614	XLOC_002320	XLOC_002320
Upin_00003615	XLOC_002321	XLOC_002321
Upin_00004098	XLOC_002321	XLOC_002321
Upin_00003844	XLOC_002616	XLOC_002616
Upin_00004313	XLOC_002616	XLOC_002616
Upin_00003845	XLOC_002617	XLOC_002617
Upin_00003846	XLOC_002618	XLOC_002618
Upin_00003847	XLOC_002619	XLOC_002619
Upin_00003616	XLOC_002323	XLOC_002323
Upin_00003617	XLOC_002324	XLOC_002324
Upin_00004315	XLOC_002621	XLOC_002621
Upin_00003848	XLOC_002621	XLOC_002621
Upin_00003618	XLOC_002325	XLOC_002325
Upin_00003849	XLOC_002622	XLOC_002622
Upin_00003619	XLOC_002326	XLOC_002326
Upin_00004318	XLOC_002623	XLOC_002623
Upin_00004319	XLOC_002624	XLOC_002624
Upin_00003853	XLOC_002626	XLOC_002626
Upin_00003854	XLOC_002627	XLOC_002627
Upin_00003855	XLOC_002628	XLOC_002628
Upin_00003621	XLOC_002329	XLOC_002329
Upin_00004320	XLOC_002629	XLOC_002629
Upin_00003856	XLOC_002630	XLOC_002630
Upin_00003622	XLOC_002330	XLOC_002330
Upin_00003857	XLOC_002631	XLOC_002631
Upin_00003858	XLOC_002632	XLOC_002632
Upin_00003859	XLOC_002633	XLOC_002633
Upin_00003860	XLOC_002634	XLOC_002634
Upin_00004322	XLOC_002634	XLOC_002634
Upin_00004323	XLOC_002635	XLOC_002635
Upin_00003623	XLOC_002331	XLOC_002331
Upin_00004102	XLOC_002333	XLOC_002333
Upin_00003624	XLOC_002334	XLOC_002334
Upin_00004325	XLOC_002636	XLOC_002636
Upin_00003625	XLOC_002335	XLOC_002335
Upin_00004103	XLOC_002335	XLOC_002335
Upin_00003862	XLOC_002637	XLOC_002637
Upin_00003626	XLOC_002336	XLOC_002336
Upin_00003863	XLOC_002638	XLOC_002638
Upin_00004327	XLOC_002639	XLOC_002639
Upin_00003864	XLOC_002639	XLOC_002639
Upin_00003627	XLOC_002337	XLOC_002337
Upin_00003865	XLOC_002640	XLOC_002640
Upin_00004106	XLOC_002339	XLOC_002339
Upin_00003866	XLOC_002641	XLOC_002641
Upin_00004330	XLOC_002643	XLOC_002643
Upin_00003629	XLOC_002341	XLOC_002341
Upin_00003867	XLOC_002644	XLOC_002644
Upin_00003630	XLOC_002342	XLOC_002342
Upin_00003868	XLOC_002646	XLOC_002646
Upin_00003631	XLOC_002343	XLOC_002343
Upin_00003869	XLOC_002647	XLOC_002647
Upin_00003870	XLOC_002648	XLOC_002648
Upin_00003871	XLOC_002649	XLOC_002649
Upin_00003873	XLOC_002650	XLOC_002650
Upin_00003632	XLOC_002344	XLOC_002344
Upin_00003874	XLOC_002651	XLOC_002651
Upin_00003875	XLOC_002652	XLOC_002652
Upin_00003876	XLOC_002653	XLOC_002653
Upin_00004109	XLOC_002345	XLOC_002345
Upin_00003633	XLOC_002345	XLOC_002345
Upin_00003877	XLOC_002654	XLOC_002654
Upin_00004110	XLOC_002346	XLOC_002346
Upin_00003634	XLOC_002346	XLOC_002346
Upin_00004111	XLOC_002346	XLOC_002346
Upin_00003878	XLOC_002655	XLOC_002655
Upin_00003879	XLOC_002656	XLOC_002656
Upin_00003880	XLOC_002657	XLOC_002657
Upin_00003635	XLOC_002347	XLOC_002347
Upin_00003636	XLOC_002348	XLOC_002348
Upin_00003881	XLOC_002658	XLOC_002658
Upin_00003637	XLOC_002349	XLOC_002349
Upin_00003882	XLOC_002659	XLOC_002659
Upin_00004335	XLOC_002659	XLOC_002659
Upin_00003638	XLOC_002350	XLOC_002350
Upin_00003883	XLOC_002660	XLOC_002660
Upin_00003884	XLOC_002661	XLOC_002661
Upin_00003885	XLOC_002662	XLOC_002662
Upin_00003639	XLOC_002351	XLOC_002351
Upin_00004336	XLOC_002663	XLOC_002663
Upin_00003886	XLOC_002663	XLOC_002663
Upin_00003640	XLOC_002352	XLOC_002352
Upin_00003887	XLOC_002664	XLOC_002664
Upin_00003888	XLOC_002665	XLOC_002665
Upin_00004115	XLOC_002353	XLOC_002353
Upin_00003641	XLOC_002353	XLOC_002353
Upin_00003642	XLOC_002355	XLOC_002355
Upin_00003643	XLOC_002356	XLOC_002356
Upin_00003889	XLOC_002666	XLOC_002666
Upin_00004117	XLOC_002357	XLOC_002357
Upin_00004118	XLOC_002358	XLOC_002358
Upin_00004119	XLOC_002359	XLOC_002359
Upin_00003644	XLOC_002360	XLOC_002360
Upin_00003890	XLOC_002667	XLOC_002667
Upin_00003645	XLOC_002361	XLOC_002361
Upin_00003891	XLOC_002668	XLOC_002668
Upin_00003646	XLOC_002362	XLOC_002362
Upin_00004121	XLOC_002363	XLOC_002363
Upin_00003892	XLOC_002671	XLOC_002671
Upin_00004342	XLOC_002672	XLOC_002672
Upin_00003648	XLOC_002364	XLOC_002364
Upin_00004122	XLOC_002365	XLOC_002365
Upin_00003893	XLOC_002675	XLOC_002675
Upin_00004345	XLOC_002675	XLOC_002675
Upin_00003649	XLOC_002366	XLOC_002366
Upin_00003650	XLOC_002367	XLOC_002367
Upin_00004124	XLOC_002367	XLOC_002367
Upin_00004125	XLOC_002367	XLOC_002367
Upin_00003651	XLOC_002368	XLOC_002368
Upin_00003894	XLOC_002676	XLOC_002676
Upin_00003895	XLOC_002677	XLOC_002677
Upin_00003652	XLOC_002370	XLOC_002370
Upin_00003896	XLOC_002678	XLOC_002678
Upin_00003897	XLOC_002679	XLOC_002679
Upin_00003898	XLOC_002680	XLOC_002680
Upin_00004348	XLOC_002680	XLOC_002680
Upin_00004349	XLOC_002681	XLOC_002681
Upin_00003899	XLOC_002682	XLOC_002682
Upin_00004350	XLOC_002682	XLOC_002682
Upin_00003900	XLOC_002683	XLOC_002683
Upin_00004352	XLOC_002683	XLOC_002683
Upin_00003653	XLOC_002371	XLOC_002371
Upin_00003654	XLOC_002372	XLOC_002372
Upin_00004354	XLOC_002684	XLOC_002684
Upin_00003901	XLOC_002685	XLOC_002685
Upin_00004355	XLOC_002685	XLOC_002685
Upin_00004127	XLOC_002373	XLOC_002373
Upin_00004128	XLOC_002374	XLOC_002374
Upin_00003656	XLOC_002374	XLOC_002374
Upin_00004129	XLOC_002374	XLOC_002374
Upin_00004130	XLOC_002374	XLOC_002374
Upin_00003902	XLOC_002686	XLOC_002686
Upin_00004356	XLOC_002687	XLOC_002687
Upin_00004131	XLOC_002375	XLOC_002375
Upin_00003657	XLOC_002375	XLOC_002375
Upin_00003903	XLOC_002688	XLOC_002688
Upin_00003904	XLOC_002689	XLOC_002689
Upin_00004357	XLOC_002690	XLOC_002690
Upin_00003658	XLOC_002376	XLOC_002376
Upin_00004132	XLOC_002376	XLOC_002376
Upin_00004133	XLOC_002377	XLOC_002377
Upin_00003906	XLOC_002691	XLOC_002691
Upin_00003659	XLOC_002378	XLOC_002378
Upin_00004134	XLOC_002378	XLOC_002378
Upin_00003660	XLOC_002379	XLOC_002379
Upin_00003661	XLOC_002380	XLOC_002380
Upin_00004135	XLOC_002380	XLOC_002380
Upin_00003907	XLOC_002692	XLOC_002692
Upin_00004358	XLOC_002692	XLOC_002692
Upin_00004137	XLOC_002382	XLOC_002382
Upin_00004138	XLOC_002383	XLOC_002383
Upin_00004359	XLOC_002693	XLOC_002693
Upin_00003908	XLOC_002694	XLOC_002694
Upin_00004139	XLOC_002384	XLOC_002384
Upin_00004140	XLOC_002385	XLOC_002385
Upin_00004141	XLOC_002386	XLOC_002386
Upin_00003909	XLOC_002695	XLOC_002695
Upin_00003662	XLOC_002387	XLOC_002387
Upin_00003910	XLOC_002696	XLOC_002696
Upin_00003663	XLOC_002389	XLOC_002389
Upin_00003911	XLOC_002697	XLOC_002697
Upin_00004362	XLOC_002698	XLOC_002698
Upin_00003664	XLOC_002390	XLOC_002390
Upin_00003665	XLOC_002391	XLOC_002391
Upin_00003913	XLOC_002699	XLOC_002699
Upin_00004363	XLOC_002699	XLOC_002699
Upin_00003914	XLOC_002700	XLOC_002700
Upin_00004365	XLOC_002701	XLOC_002701
Upin_00003915	XLOC_002702	XLOC_002702
Upin_00003916	XLOC_002703	XLOC_002703
Upin_00003666	XLOC_002393	XLOC_002393
Upin_00004366	XLOC_002704	XLOC_002704
Upin_00003917	XLOC_002704	XLOC_002704
Upin_00003667	XLOC_002394	XLOC_002394
Upin_00004367	XLOC_002705	XLOC_002705
Upin_00004368	XLOC_002706	XLOC_002706
Upin_00003669	XLOC_002396	XLOC_002396
Upin_00004147	XLOC_002397	XLOC_002397
Upin_00004370	XLOC_002708	XLOC_002708
Upin_00003671	XLOC_002398	XLOC_002398
Upin_00003918	XLOC_002709	XLOC_002709
Upin_00004149	XLOC_002399	XLOC_002399
Upin_00003672	XLOC_002399	XLOC_002399
Upin_00003919	XLOC_002710	XLOC_002710
Upin_00003673	XLOC_002400	XLOC_002400
Upin_00004375	XLOC_002711	XLOC_002711
Upin_00003674	XLOC_002401	XLOC_002401
Upin_00004151	XLOC_002401	XLOC_002401
Upin_00004152	XLOC_002402	XLOC_002402
Upin_00003921	XLOC_002712	XLOC_002712
Upin_00003675	XLOC_002404	XLOC_002404
Upin_00004376	XLOC_002713	XLOC_002713
Upin_00003922	XLOC_002714	XLOC_002714
Upin_00003676	XLOC_002405	XLOC_002405
Upin_00004154	XLOC_002405	XLOC_002405
Upin_00003677	XLOC_002406	XLOC_002406
Upin_00003678	XLOC_002407	XLOC_002407
Upin_00003923	XLOC_002715	XLOC_002715
Upin_00004379	XLOC_002715	XLOC_002715
Upin_00003679	XLOC_002408	XLOC_002408
Upin_00004157	XLOC_002408	XLOC_002408
Upin_00003924	XLOC_002716	XLOC_002716
Upin_00003925	XLOC_002717	XLOC_002717
Upin_00003680	XLOC_002409	XLOC_002409
Upin_00004380	XLOC_002718	XLOC_002718
Upin_00004381	XLOC_002718	XLOC_002718
Upin_00003926	XLOC_002718	XLOC_002718
Upin_00004382	XLOC_002718	XLOC_002718
Upin_00004159	XLOC_002410	XLOC_002410
Upin_00004383	XLOC_002719	XLOC_002719
Upin_00004384	XLOC_002720	XLOC_002720
Upin_00003929	XLOC_002721	XLOC_002721
Upin_00003681	XLOC_002411	XLOC_002411
Upin_00003930	XLOC_002722	XLOC_002722
Upin_00003682	XLOC_002412	XLOC_002412
Upin_00003931	XLOC_002724	XLOC_002724
Upin_00003932	XLOC_002725	XLOC_002725
Upin_00004392	XLOC_002725	XLOC_002725
Upin_00003683	XLOC_002413	XLOC_002413
Upin_00004162	XLOC_002415	XLOC_002415
Upin_00003933	XLOC_002726	XLOC_002726
Upin_00003684	XLOC_002416	XLOC_002416
Upin_00003685	XLOC_002417	XLOC_002417
Upin_00003934	XLOC_002727	XLOC_002727
Upin_00003686	XLOC_002418	XLOC_002418
Upin_00004164	XLOC_002418	XLOC_002418
Upin_00004165	XLOC_002418	XLOC_002418
Upin_00003935	XLOC_002728	XLOC_002728
Upin_00004395	XLOC_002729	XLOC_002729
Upin_00003687	XLOC_002419	XLOC_002419
Upin_00004396	XLOC_002730	XLOC_002730
Upin_00003688	XLOC_002420	XLOC_002420
Upin_00003936	XLOC_002731	XLOC_002731
Upin_00003689	XLOC_002421	XLOC_002421
Upin_00003690	XLOC_002422	XLOC_002422
Upin_00003691	XLOC_002423	XLOC_002423
Upin_00003692	XLOC_002424	XLOC_002424
Upin_00003693	XLOC_002425	XLOC_002425
Upin_00003694	XLOC_002426	XLOC_002426
Upin_00003695	XLOC_002427	XLOC_002427
Upin_00003937	XLOC_002732	XLOC_002732
Upin_00004167	XLOC_002428	XLOC_002428
Upin_00003696	XLOC_002429	XLOC_002429
Upin_00003697	XLOC_002430	XLOC_002430
Upin_00003938	XLOC_002733	XLOC_002733
Upin_00003939	XLOC_002734	XLOC_002734
Upin_00003940	XLOC_002735	XLOC_002735
Upin_00003698	XLOC_002431	XLOC_002431
Upin_00003699	XLOC_002432	XLOC_002432
Upin_00004169	XLOC_002432	XLOC_002432
Upin_00003700	XLOC_002433	XLOC_002433
Upin_00003701	XLOC_002434	XLOC_002434
Upin_00003702	XLOC_002435	XLOC_002435
Upin_00004172	XLOC_002435	XLOC_002435
Upin_00003941	XLOC_002739	XLOC_002739
Upin_00004173	XLOC_002436	XLOC_002436
Upin_00004404	XLOC_002740	XLOC_002740
Upin_00003703	XLOC_002437	XLOC_002437
Upin_00003704	XLOC_002438	XLOC_002438
Upin_00004174	XLOC_002438	XLOC_002438
Upin_00004175	XLOC_002438	XLOC_002438
Upin_00004405	XLOC_002741	XLOC_002741
Upin_00004406	XLOC_002742	XLOC_002742
Upin_00003942	XLOC_002742	XLOC_002742
Upin_00004177	XLOC_002439	XLOC_002439
Upin_00004178	XLOC_002440	XLOC_002440
Upin_00003943	XLOC_002743	XLOC_002743
Upin_00003944	XLOC_002744	XLOC_002744
Upin_00003945	XLOC_002745	XLOC_002745
Upin_00003705	XLOC_002441	XLOC_002441
Upin_00004409	XLOC_002750	XLOC_002750
Upin_00003948	XLOC_002750	XLOC_002750
Upin_00004179	XLOC_002442	XLOC_002442
Upin_00003707	XLOC_002442	XLOC_002442
Upin_00003949	XLOC_002751	XLOC_002751
Upin_00004410	XLOC_002752	XLOC_002752
Upin_00003708	XLOC_002443	XLOC_002443
Upin_00004181	XLOC_002443	XLOC_002443
Upin_00004182	XLOC_002443	XLOC_002443
Upin_00003950	XLOC_002753	XLOC_002753
Upin_00003709	XLOC_002444	XLOC_002444
Upin_00003951	XLOC_002754	XLOC_002754
Upin_00003710	XLOC_002445	XLOC_002445
Upin_00003711	XLOC_002446	XLOC_002446
Upin_00003712	XLOC_002447	XLOC_002447
Upin_00003952	XLOC_002755	XLOC_002755
Upin_00004413	XLOC_002755	XLOC_002755
Upin_00003713	XLOC_002448	XLOC_002448
Upin_00003953	XLOC_002756	XLOC_002756
Upin_00003714	XLOC_002449	XLOC_002449
Upin_00003954	XLOC_002757	XLOC_002757
Upin_00004414	XLOC_002758	XLOC_002758
Upin_00003716	XLOC_002453	XLOC_002453
Upin_00003955	XLOC_002759	XLOC_002759
Upin_00004416	XLOC_002760	XLOC_002760
Upin_00003958	XLOC_002761	XLOC_002761
Upin_00003959	XLOC_002762	XLOC_002762
Upin_00004187	XLOC_002454	XLOC_002454
Upin_00004188	XLOC_002454	XLOC_002454
Upin_00003960	XLOC_002763	XLOC_002763
Upin_00003961	XLOC_002764	XLOC_002764
Upin_00004189	XLOC_002455	XLOC_002455
Upin_00003962	XLOC_002765	XLOC_002765
Upin_00004418	XLOC_002765	XLOC_002765
Upin_00003963	XLOC_002766	XLOC_002766
Upin_00004419	XLOC_002766	XLOC_002766
Upin_00004190	XLOC_002456	XLOC_002456
Upin_00003720	XLOC_002457	XLOC_002457
Upin_00004420	XLOC_002767	XLOC_002767
Upin_00003964	XLOC_002767	XLOC_002767
Upin_00004421	XLOC_002767	XLOC_002767
Upin_00004423	XLOC_002767	XLOC_002767
Upin_00004424	XLOC_002767	XLOC_002767
Upin_00004425	XLOC_002767	XLOC_002767
Upin_00003965	XLOC_002768	XLOC_002768
Upin_00004426	XLOC_002769	XLOC_002769
Upin_00004427	XLOC_002769	XLOC_002769
Upin_00003968	XLOC_002770	XLOC_002770
Upin_00003721	XLOC_002458	XLOC_002458
Upin_00004429	XLOC_002771	XLOC_002771
Upin_00003722	XLOC_002459	XLOC_002459
Upin_00004192	XLOC_002459	XLOC_002459
Upin_00003970	XLOC_002772	XLOC_002772
Upin_00003971	XLOC_002773	XLOC_002773
Upin_00003723	XLOC_002460	XLOC_002460
Upin_00003725	XLOC_002461	XLOC_002461
Upin_00004194	XLOC_002461	XLOC_002461
Upin_00003972	XLOC_002774	XLOC_002774
Upin_00003726	XLOC_002462	XLOC_002462
Upin_00004197	XLOC_002463	XLOC_002463
Upin_00003973	XLOC_002775	XLOC_002775
Upin_00003728	XLOC_002464	XLOC_002464
Upin_00003729	XLOC_002466	XLOC_002466
Upin_00003974	XLOC_002776	XLOC_002776
Upin_00004432	XLOC_002776	XLOC_002776
Upin_00004433	XLOC_002776	XLOC_002776
Upin_00003730	XLOC_002468	XLOC_002468
Upin_00004434	XLOC_002777	XLOC_002777
Upin_00003975	XLOC_002778	XLOC_002778
Upin_00003731	XLOC_002469	XLOC_002469
Upin_00003977	XLOC_002779	XLOC_002779
Upin_00003732	XLOC_002470	XLOC_002470
Upin_00003978	XLOC_002780	XLOC_002780
Upin_00004438	XLOC_002780	XLOC_002780
Upin_00003733	XLOC_002471	XLOC_002471
Upin_00003734	XLOC_002472	XLOC_002472
Upin_00004201	XLOC_002472	XLOC_002472
Upin_00003735	XLOC_002473	XLOC_002473
Upin_00003736	XLOC_002474	XLOC_002474
Upin_00003737	XLOC_002475	XLOC_002475
Upin_00003979	XLOC_002781	XLOC_002781
Upin_00004440	XLOC_002781	XLOC_002781
Upin_00003738	XLOC_002476	XLOC_002476
Upin_00003739	XLOC_002477	XLOC_002477
Upin_00004202	XLOC_002477	XLOC_002477
Upin_00004441	XLOC_002782	XLOC_002782
Upin_00003980	XLOC_002784	XLOC_002784
Upin_00004443	XLOC_002784	XLOC_002784
Upin_00003740	XLOC_002478	XLOC_002478
Upin_00003981	XLOC_002785	XLOC_002785
Upin_00003982	XLOC_002786	XLOC_002786
Upin_00004444	XLOC_002787	XLOC_002787
Upin_00003741	XLOC_002479	XLOC_002479
Upin_00003983	XLOC_002788	XLOC_002788
Upin_00003984	XLOC_002789	XLOC_002789
Upin_00003985	XLOC_002790	XLOC_002790
Upin_00003742	XLOC_002480	XLOC_002480
Upin_00003743	XLOC_002481	XLOC_002481
Upin_00003744	XLOC_002482	XLOC_002482
Upin_00003986	XLOC_002792	XLOC_002792
Upin_00004446	XLOC_002793	XLOC_002793
Upin_00003746	XLOC_002483	XLOC_002483
Upin_00004447	XLOC_002794	XLOC_002794
Upin_00004450	XLOC_002797	XLOC_002797
Upin_00004205	XLOC_002484	XLOC_002484
Upin_00003747	XLOC_002485	XLOC_002485
Upin_00003991	XLOC_002799	XLOC_002799
Upin_00003992	XLOC_002800	XLOC_002800
Upin_00004454	XLOC_002800	XLOC_002800
Upin_00004455	XLOC_002800	XLOC_002800
Upin_00004456	XLOC_002800	XLOC_002800
Upin_00003993	XLOC_002801	XLOC_002801
Upin_00004458	XLOC_002801	XLOC_002801
Upin_00003994	XLOC_002802	XLOC_002802
Upin_00004206	XLOC_002486	XLOC_002486
Upin_00003995	XLOC_002803	XLOC_002803
Upin_00004208	XLOC_002488	XLOC_002488
Upin_00003996	XLOC_002804	XLOC_002804
Upin_00003749	XLOC_002489	XLOC_002489
Upin_00003997	XLOC_002806	XLOC_002806
Upin_00003750	XLOC_002490	XLOC_002490
Upin_00004209	XLOC_002491	XLOC_002491
Upin_00004461	XLOC_002807	XLOC_002807
Upin_00004462	XLOC_002807	XLOC_002807
Upin_00004000	XLOC_002807	XLOC_002807
Upin_00004466	XLOC_002807	XLOC_002807
Upin_00003999	XLOC_002808	XLOC_002808
Upin_00004001	XLOC_002809	XLOC_002809
Upin_00003751	XLOC_002492	XLOC_002492
Upin_00004002	XLOC_002811	XLOC_002811
Upin_00004211	XLOC_002494	XLOC_002494
Upin_00004003	XLOC_002812	XLOC_002812
Upin_00003752	XLOC_002495	XLOC_002495
Upin_00003753	XLOC_002496	XLOC_002496
Upin_00003754	XLOC_002497	XLOC_002497
Upin_00003755	XLOC_002499	XLOC_002499
Upin_00004215	XLOC_002499	XLOC_002499
Upin_00004216	XLOC_002499	XLOC_002499
Upin_00003756	XLOC_002500	XLOC_002500
Upin_00004219	XLOC_002500	XLOC_002500
Upin_00004004	XLOC_002814	XLOC_002814
Upin_00004220	XLOC_002501	XLOC_002501
Upin_00003757	XLOC_002501	XLOC_002501
Upin_00003758	XLOC_002502	XLOC_002502
Upin_00004005	XLOC_002815	XLOC_002815
Upin_00004222	XLOC_002503	XLOC_002503
Upin_00003759	XLOC_002503	XLOC_002503
Upin_00004006	XLOC_002816	XLOC_002816
Upin_00003760	XLOC_002504	XLOC_002504
Upin_00004471	XLOC_002817	XLOC_002817
Upin_00004007	XLOC_002817	XLOC_002817
Upin_00004224	XLOC_002505	XLOC_002505
Upin_00003761	XLOC_002505	XLOC_002505
Upin_00004008	XLOC_002818	XLOC_002818
Upin_00003762	XLOC_002506	XLOC_002506
Upin_00004009	XLOC_002819	XLOC_002819
Upin_00004473	XLOC_002819	XLOC_002819
Upin_00004474	XLOC_002819	XLOC_002819
Upin_00004011	XLOC_002820	XLOC_002820
Upin_00004476	XLOC_002820	XLOC_002820
Upin_00004012	XLOC_002821	XLOC_002821
Upin_00003763	XLOC_002507	XLOC_002507
Upin_00004013	XLOC_002822	XLOC_002822
Upin_00004478	XLOC_002822	XLOC_002822
Upin_00004479	XLOC_002822	XLOC_002822
Upin_00003764	XLOC_002508	XLOC_002508
Upin_00004227	XLOC_002509	XLOC_002509
Upin_00003766	XLOC_002510	XLOC_002510
Upin_00003767	XLOC_002511	XLOC_002511
Upin_00004228	XLOC_002511	XLOC_002511
Upin_00004481	XLOC_002824	XLOC_002824
Upin_00004482	XLOC_002825	XLOC_002825
Upin_00004015	XLOC_002825	XLOC_002825
Upin_00004230	XLOC_002512	XLOC_002512
Upin_00004483	XLOC_002826	XLOC_002826
Upin_00004484	XLOC_002827	XLOC_002827
Upin_00004231	XLOC_002513	XLOC_002513
Upin_00003771	XLOC_002514	XLOC_002514
Upin_00004232	XLOC_002514	XLOC_002514
Upin_00004017	XLOC_002828	XLOC_002828
Upin_00004018	XLOC_002829	XLOC_002829
Upin_00004019	XLOC_002830	XLOC_002830
Upin_00004020	XLOC_002831	XLOC_002831
Upin_00004487	XLOC_002832	XLOC_002832
Upin_00003772	XLOC_002515	XLOC_002515
Upin_00003773	XLOC_002516	XLOC_002516
Upin_00004021	XLOC_002834	XLOC_002834
Upin_00004490	XLOC_002834	XLOC_002834
Upin_00004236	XLOC_002519	XLOC_002519
Upin_00004237	XLOC_002520	XLOC_002520
Upin_00003774	XLOC_002521	XLOC_002521
Upin_00003775	XLOC_002522	XLOC_002522
Upin_00003776	XLOC_002523	XLOC_002523
Upin_00004022	XLOC_002835	XLOC_002835
Upin_00004240	XLOC_002524	XLOC_002524
Upin_00003777	XLOC_002525	XLOC_002525
Upin_00004023	XLOC_002836	XLOC_002836
Upin_00004024	XLOC_002837	XLOC_002837
Upin_00004494	XLOC_002837	XLOC_002837
Upin_00004496	XLOC_002837	XLOC_002837
Upin_00004497	XLOC_002837	XLOC_002837
Upin_00003778	XLOC_002526	XLOC_002526
Upin_00004025	XLOC_002838	XLOC_002838
Upin_00004499	XLOC_002838	XLOC_002838
Upin_00003779	XLOC_002527	XLOC_002527
Upin_00004242	XLOC_002527	XLOC_002527
Upin_00004026	XLOC_002839	XLOC_002839
Upin_00004245	XLOC_002528	XLOC_002528
Upin_00003780	XLOC_002529	XLOC_002529
Upin_00004501	XLOC_002840	XLOC_002840
Upin_00004027	XLOC_002841	XLOC_002841
Upin_00004028	XLOC_002842	XLOC_002842
Upin_00003781	XLOC_002530	XLOC_002530
Upin_00003782	XLOC_002531	XLOC_002531
Upin_00004029	XLOC_002843	XLOC_002843
Upin_00004503	XLOC_002844	XLOC_002844
Upin_00004030	XLOC_002845	XLOC_002845
Upin_00004031	XLOC_002846	XLOC_002846
Upin_00004032	XLOC_002847	XLOC_002847
Upin_00003783	XLOC_002532	XLOC_002532
Upin_00004033	XLOC_002848	XLOC_002848
Upin_00003784	XLOC_002533	XLOC_002533
Upin_00003785	XLOC_002535	XLOC_002535
Upin_00004034	XLOC_002849	XLOC_002849
Upin_00003786	XLOC_002536	XLOC_002536
Upin_00003787	XLOC_002537	XLOC_002537
Upin_00004505	XLOC_002850	XLOC_002850
Upin_00004035	XLOC_002851	XLOC_002851
Upin_00004507	XLOC_002851	XLOC_002851
Upin_00004036	XLOC_002852	XLOC_002852
Upin_00003788	XLOC_002538	XLOC_002538
Upin_00003789	XLOC_002539	XLOC_002539
Upin_00004251	XLOC_002541	XLOC_002541
Upin_00003790	XLOC_002542	XLOC_002542
Upin_00003791	XLOC_002544	XLOC_002544
Upin_00003792	XLOC_002545	XLOC_002545
Upin_00004508	XLOC_002853	XLOC_002853
Upin_00004037	XLOC_002853	XLOC_002853
Upin_00003793	XLOC_002546	XLOC_002546
Upin_00003794	XLOC_002547	XLOC_002547
Upin_00003795	XLOC_002548	XLOC_002548
Upin_00004254	XLOC_002548	XLOC_002548
Upin_00004255	XLOC_002548	XLOC_002548
Upin_00003796	XLOC_002549	XLOC_002549
Upin_00004257	XLOC_002549	XLOC_002549
Upin_00003797	XLOC_002550	XLOC_002550
Upin_00004258	XLOC_002551	XLOC_002551
Upin_00003798	XLOC_002552	XLOC_002552
Upin_00004259	XLOC_002552	XLOC_002552
Upin_00004038	XLOC_002854	XLOC_002854
Upin_00004510	XLOC_002854	XLOC_002854
Upin_00004260	XLOC_002553	XLOC_002553
Upin_00004039	XLOC_002855	XLOC_002855
Upin_00004040	XLOC_002856	XLOC_002856
Upin_00003799	XLOC_002554	XLOC_002554
Upin_00004262	XLOC_002554	XLOC_002554
Upin_00004513	XLOC_002858	XLOC_002858
Upin_00004041	XLOC_002859	XLOC_002859
Upin_00004515	XLOC_002860	XLOC_002860
Upin_00003800	XLOC_002555	XLOC_002555
Upin_00004042	XLOC_002862	XLOC_002862
Upin_00003801	XLOC_002556	XLOC_002556
Upin_00004518	XLOC_002863	XLOC_002863
Upin_00003802	XLOC_002557	XLOC_002557
Upin_00004264	XLOC_002557	XLOC_002557
Upin_00004045	XLOC_002864	XLOC_002864
Upin_00003803	XLOC_002558	XLOC_002558
Upin_00004265	XLOC_002558	XLOC_002558
Upin_00004046	XLOC_002865	XLOC_002865
Upin_00004519	XLOC_002865	XLOC_002865
Upin_00004266	XLOC_002559	XLOC_002559
Upin_00003804	XLOC_002559	XLOC_002559
Upin_00003805	XLOC_002560	XLOC_002560
Upin_00004267	XLOC_002560	XLOC_002560
Upin_00004047	XLOC_002866	XLOC_002866
Upin_00004520	XLOC_002867	XLOC_002867
Upin_00004048	XLOC_002867	XLOC_002867
Upin_00004268	XLOC_002561	XLOC_002561
Upin_00003806	XLOC_002562	XLOC_002562
Upin_00004049	XLOC_002868	XLOC_002868
Upin_00004050	XLOC_002869	XLOC_002869
Upin_00003807	XLOC_002563	XLOC_002563
Upin_00004271	XLOC_002564	XLOC_002564
Upin_00003808	XLOC_002565	XLOC_002565
Upin_00004051	XLOC_002870	XLOC_002870
Upin_00004523	XLOC_002871	XLOC_002871
Upin_00003809	XLOC_002566	XLOC_002566
Upin_00004052	XLOC_002872	XLOC_002872
Upin_00003810	XLOC_002567	XLOC_002567
Upin_00004273	XLOC_002569	XLOC_002569
Upin_00004053	XLOC_002873	XLOC_002873
Upin_00004524	XLOC_002873	XLOC_002873
Upin_00003811	XLOC_002570	XLOC_002570
Upin_00004274	XLOC_002570	XLOC_002570
Upin_00004054	XLOC_002874	XLOC_002874
Upin_00004526	XLOC_002874	XLOC_002874
Upin_00004527	XLOC_002874	XLOC_002874
Upin_00004528	XLOC_002874	XLOC_002874
Upin_00004055	XLOC_002875	XLOC_002875
Upin_00004529	XLOC_002875	XLOC_002875
Upin_00004056	XLOC_002876	XLOC_002876
Upin_00004531	XLOC_002876	XLOC_002876
Upin_00003812	XLOC_002571	XLOC_002571
Upin_00004276	XLOC_002571	XLOC_002571
Upin_00004279	XLOC_002573	XLOC_002573
Upin_00003813	XLOC_002574	XLOC_002574
Upin_00004057	XLOC_002877	XLOC_002877
Upin_00003814	XLOC_002575	XLOC_002575
Upin_00004058	XLOC_002879	XLOC_002879
Upin_00004059	XLOC_002880	XLOC_002880
Upin_00004060	XLOC_002881	XLOC_002881
Upin_00003815	XLOC_002576	XLOC_002576
Upin_00004061	XLOC_002882	XLOC_002882
Upin_00004062	XLOC_002883	XLOC_002883
Upin_00004064	XLOC_002885	XLOC_002885
Upin_00004065	XLOC_002886	XLOC_002886
Upin_00004280	XLOC_002577	XLOC_002577
Upin_00003816	XLOC_002577	XLOC_002577
Upin_00004281	XLOC_002578	XLOC_002578
Upin_00004066	XLOC_002887	XLOC_002887
Upin_00003817	XLOC_002579	XLOC_002579
Upin_00004282	XLOC_002579	XLOC_002579
Upin_00004538	XLOC_002889	XLOC_002889
Upin_00004067	XLOC_002890	XLOC_002890
Upin_00003818	XLOC_002580	XLOC_002580
Upin_00004068	XLOC_002891	XLOC_002891
Upin_00004539	XLOC_002891	XLOC_002891
Upin_00003819	XLOC_002581	XLOC_002581
Upin_00004540	XLOC_002892	XLOC_002892
Upin_00004285	XLOC_002582	XLOC_002582
Upin_00004069	XLOC_002893	XLOC_002893
Upin_00004542	XLOC_002893	XLOC_002893
Upin_00004541	XLOC_002894	XLOC_002894
Upin_00003820	XLOC_002583	XLOC_002583
Upin_00004543	XLOC_002895	XLOC_002895
Upin_00004070	XLOC_002896	XLOC_002896
Upin_00004544	XLOC_002896	XLOC_002896
Upin_00004545	XLOC_002897	XLOC_002897
Upin_00004289	XLOC_002585	XLOC_002585
Upin_00003821	XLOC_002585	XLOC_002585
Upin_00004071	XLOC_002898	XLOC_002898
Upin_00004072	XLOC_002899	XLOC_002899
Upin_00004073	XLOC_002900	XLOC_002900
Upin_00004074	XLOC_002901	XLOC_002901
Upin_00004291	XLOC_002587	XLOC_002587
Upin_00004292	XLOC_002588	XLOC_002588
Upin_00004546	XLOC_002902	XLOC_002902
Upin_00003822	XLOC_002589	XLOC_002589
Upin_00004076	XLOC_002903	XLOC_002903
Upin_00003823	XLOC_002590	XLOC_002590
Upin_00004077	XLOC_002904	XLOC_002904
Upin_00004078	XLOC_002905	XLOC_002905
Upin_00004079	XLOC_002906	XLOC_002906
Upin_00004547	XLOC_002907	XLOC_002907
Upin_00004548	XLOC_002907	XLOC_002907
Upin_00004294	XLOC_002591	XLOC_002591
Upin_00003824	XLOC_002592	XLOC_002592
Upin_00004080	XLOC_002908	XLOC_002908
Upin_00004081	XLOC_002909	XLOC_002909
Upin_00003825	XLOC_002593	XLOC_002593
Upin_00003826	XLOC_002594	XLOC_002594
Upin_00004549	XLOC_002910	XLOC_002910
Upin_00003827	XLOC_002595	XLOC_002595
Upin_00004083	XLOC_002911	XLOC_002911
Upin_00003828	XLOC_002596	XLOC_002596
Upin_00004297	XLOC_002596	XLOC_002596
Upin_00004298	XLOC_002596	XLOC_002596
Upin_00004084	XLOC_002912	XLOC_002912
Upin_00003829	XLOC_002597	XLOC_002597
Upin_00003830	XLOC_002598	XLOC_002598
Upin_00004085	XLOC_002913	XLOC_002913
Upin_00003831	XLOC_002599	XLOC_002599
Upin_00004300	XLOC_002600	XLOC_002600
Upin_00004551	XLOC_002915	XLOC_002915
Upin_00004553	XLOC_002917	XLOC_002917
Upin_00003832	XLOC_002601	XLOC_002601
Upin_00003833	XLOC_002602	XLOC_002602
Upin_00004554	XLOC_002918	XLOC_002918
Upin_00004302	XLOC_002603	XLOC_002603
Upin_00004086	XLOC_002919	XLOC_002919
Upin_00004303	XLOC_002604	XLOC_002604
Upin_00004304	XLOC_002605	XLOC_002605
Upin_00003834	XLOC_002606	XLOC_002606
Upin_00004305	XLOC_002606	XLOC_002606
Upin_00004087	XLOC_002920	XLOC_002920
Upin_00004556	XLOC_002920	XLOC_002920
Upin_00004555	XLOC_002921	XLOC_002921
Upin_00003835	XLOC_002607	XLOC_002607
Upin_00004306	XLOC_002607	XLOC_002607
Upin_00004557	XLOC_002922	XLOC_002922
Upin_00004307	XLOC_002608	XLOC_002608
Upin_00003838	XLOC_002609	XLOC_002609
Upin_00004308	XLOC_002610	XLOC_002610
Upin_00004088	XLOC_002923	XLOC_002923
Upin_00004089	XLOC_002924	XLOC_002924
Upin_00003839	XLOC_002611	XLOC_002611
Upin_00004309	XLOC_002611	XLOC_002611
Upin_00004090	XLOC_002926	XLOC_002926
Upin_00003840	XLOC_002612	XLOC_002612
Upin_00004091	XLOC_002927	XLOC_002927
Upin_00004560	XLOC_002927	XLOC_002927
Upin_00003841	XLOC_002613	XLOC_002613
Upin_00004561	XLOC_002928	XLOC_002928
Upin_00004092	XLOC_002928	XLOC_002928
Upin_00004562	XLOC_002929	XLOC_002929
Upin_00005213	XLOC_003219	XLOC_003219
Upin_00004782	XLOC_003220	XLOC_003220
Upin_00004563	XLOC_002930	XLOC_002930
Upin_00005000	XLOC_002931	XLOC_002931
Upin_00004783	XLOC_003221	XLOC_003221
Upin_00005214	XLOC_003221	XLOC_003221
Upin_00004564	XLOC_002932	XLOC_002932
Upin_00005001	XLOC_002932	XLOC_002932
Upin_00004784	XLOC_003222	XLOC_003222
Upin_00005215	XLOC_003222	XLOC_003222
Upin_00004785	XLOC_003223	XLOC_003223
Upin_00005216	XLOC_003223	XLOC_003223
Upin_00005217	XLOC_003223	XLOC_003223
Upin_00004786	XLOC_003224	XLOC_003224
Upin_00005218	XLOC_003225	XLOC_003225
Upin_00005219	XLOC_003226	XLOC_003226
Upin_00004565	XLOC_002933	XLOC_002933
Upin_00004566	XLOC_002934	XLOC_002934
Upin_00005002	XLOC_002934	XLOC_002934
Upin_00005003	XLOC_002934	XLOC_002934
Upin_00005005	XLOC_002935	XLOC_002935
Upin_00004567	XLOC_002936	XLOC_002936
Upin_00004788	XLOC_003227	XLOC_003227
Upin_00005220	XLOC_003227	XLOC_003227
Upin_00004568	XLOC_002937	XLOC_002937
Upin_00005006	XLOC_002937	XLOC_002937
Upin_00005221	XLOC_003228	XLOC_003228
Upin_00004789	XLOC_003229	XLOC_003229
Upin_00005222	XLOC_003229	XLOC_003229
Upin_00004569	XLOC_002938	XLOC_002938
Upin_00004570	XLOC_002939	XLOC_002939
Upin_00005007	XLOC_002939	XLOC_002939
Upin_00004571	XLOC_002940	XLOC_002940
Upin_00005008	XLOC_002940	XLOC_002940
Upin_00004790	XLOC_003230	XLOC_003230
Upin_00005009	XLOC_002941	XLOC_002941
Upin_00005011	XLOC_002943	XLOC_002943
Upin_00005224	XLOC_003231	XLOC_003231
Upin_00004791	XLOC_003231	XLOC_003231
Upin_00005225	XLOC_003231	XLOC_003231
Upin_00005226	XLOC_003231	XLOC_003231
Upin_00005227	XLOC_003231	XLOC_003231
Upin_00005228	XLOC_003232	XLOC_003232
Upin_00004572	XLOC_002944	XLOC_002944
Upin_00005013	XLOC_002944	XLOC_002944
Upin_00005012	XLOC_002945	XLOC_002945
Upin_00004792	XLOC_003233	XLOC_003233
Upin_00005014	XLOC_002946	XLOC_002946
Upin_00004573	XLOC_002946	XLOC_002946
Upin_00004574	XLOC_002947	XLOC_002947
Upin_00004793	XLOC_003234	XLOC_003234
Upin_00005229	XLOC_003234	XLOC_003234
Upin_00005230	XLOC_003235	XLOC_003235
Upin_00005231	XLOC_003236	XLOC_003236
Upin_00004575	XLOC_002948	XLOC_002948
Upin_00004576	XLOC_002949	XLOC_002949
Upin_00004577	XLOC_002950	XLOC_002950
Upin_00005232	XLOC_003237	XLOC_003237
Upin_00005233	XLOC_003238	XLOC_003238
Upin_00004794	XLOC_003238	XLOC_003238
Upin_00005234	XLOC_003238	XLOC_003238
Upin_00005235	XLOC_003239	XLOC_003239
Upin_00005016	XLOC_002951	XLOC_002951
Upin_00004795	XLOC_003240	XLOC_003240
Upin_00005236	XLOC_003240	XLOC_003240
Upin_00004578	XLOC_002952	XLOC_002952
Upin_00005237	XLOC_003241	XLOC_003241
Upin_00004579	XLOC_002953	XLOC_002953
Upin_00004580	XLOC_002954	XLOC_002954
Upin_00004581	XLOC_002955	XLOC_002955
Upin_00005238	XLOC_003242	XLOC_003242
Upin_00005239	XLOC_003243	XLOC_003243
Upin_00004798	XLOC_003243	XLOC_003243
Upin_00004582	XLOC_002956	XLOC_002956
Upin_00004799	XLOC_003244	XLOC_003244
Upin_00005240	XLOC_003244	XLOC_003244
Upin_00005241	XLOC_003245	XLOC_003245
Upin_00004800	XLOC_003245	XLOC_003245
Upin_00004801	XLOC_003246	XLOC_003246
Upin_00005242	XLOC_003246	XLOC_003246
Upin_00005244	XLOC_003246	XLOC_003246
Upin_00005243	XLOC_003247	XLOC_003247
Upin_00005017	XLOC_002957	XLOC_002957
Upin_00005018	XLOC_002958	XLOC_002958
Upin_00004583	XLOC_002958	XLOC_002958
Upin_00005245	XLOC_003248	XLOC_003248
Upin_00004802	XLOC_003249	XLOC_003249
Upin_00004584	XLOC_002959	XLOC_002959
Upin_00004585	XLOC_002960	XLOC_002960
Upin_00004586	XLOC_002961	XLOC_002961
Upin_00005246	XLOC_003250	XLOC_003250
Upin_00005247	XLOC_003250	XLOC_003250
Upin_00004804	XLOC_003250	XLOC_003250
Upin_00005249	XLOC_003250	XLOC_003250
Upin_00005251	XLOC_003250	XLOC_003250
Upin_00005019	XLOC_002962	XLOC_002962
Upin_00004587	XLOC_002963	XLOC_002963
Upin_00005020	XLOC_002963	XLOC_002963
Upin_00005021	XLOC_002963	XLOC_002963
Upin_00004805	XLOC_003251	XLOC_003251
Upin_00004806	XLOC_003252	XLOC_003252
Upin_00004807	XLOC_003253	XLOC_003253
Upin_00005252	XLOC_003253	XLOC_003253
Upin_00004808	XLOC_003254	XLOC_003254
Upin_00004809	XLOC_003255	XLOC_003255
Upin_00005253	XLOC_003255	XLOC_003255
Upin_00005022	XLOC_002964	XLOC_002964
Upin_00004810	XLOC_003256	XLOC_003256
Upin_00004811	XLOC_003257	XLOC_003257
Upin_00004812	XLOC_003258	XLOC_003258
Upin_00005254	XLOC_003259	XLOC_003259
Upin_00004813	XLOC_003260	XLOC_003260
Upin_00004814	XLOC_003261	XLOC_003261
Upin_00004815	XLOC_003262	XLOC_003262
Upin_00004816	XLOC_003263	XLOC_003263
Upin_00005255	XLOC_003264	XLOC_003264
Upin_00004817	XLOC_003265	XLOC_003265
Upin_00004588	XLOC_002966	XLOC_002966
Upin_00004818	XLOC_003266	XLOC_003266
Upin_00005024	XLOC_002967	XLOC_002967
Upin_00004589	XLOC_002968	XLOC_002968
Upin_00005025	XLOC_002968	XLOC_002968
Upin_00004591	XLOC_002970	XLOC_002970
Upin_00005029	XLOC_002971	XLOC_002971
Upin_00005256	XLOC_003267	XLOC_003267
Upin_00004819	XLOC_003267	XLOC_003267
Upin_00005257	XLOC_003268	XLOC_003268
Upin_00004820	XLOC_003268	XLOC_003268
Upin_00004821	XLOC_003269	XLOC_003269
Upin_00004593	XLOC_002973	XLOC_002973
Upin_00005032	XLOC_002973	XLOC_002973
Upin_00005033	XLOC_002975	XLOC_002975
Upin_00004822	XLOC_003270	XLOC_003270
Upin_00005034	XLOC_002976	XLOC_002976
Upin_00005258	XLOC_003271	XLOC_003271
Upin_00004594	XLOC_002977	XLOC_002977
Upin_00005035	XLOC_002977	XLOC_002977
Upin_00004823	XLOC_003272	XLOC_003272
Upin_00005259	XLOC_003272	XLOC_003272
Upin_00004595	XLOC_002979	XLOC_002979
Upin_00005260	XLOC_003273	XLOC_003273
Upin_00005037	XLOC_002980	XLOC_002980
Upin_00004596	XLOC_002980	XLOC_002980
Upin_00004597	XLOC_002981	XLOC_002981
Upin_00004826	XLOC_003274	XLOC_003274
Upin_00005261	XLOC_003274	XLOC_003274
Upin_00004598	XLOC_002982	XLOC_002982
Upin_00005262	XLOC_003275	XLOC_003275
Upin_00004827	XLOC_003276	XLOC_003276
Upin_00004599	XLOC_002983	XLOC_002983
Upin_00005263	XLOC_003277	XLOC_003277
Upin_00004600	XLOC_002984	XLOC_002984
Upin_00004601	XLOC_002985	XLOC_002985
Upin_00004602	XLOC_002987	XLOC_002987
Upin_00004603	XLOC_002988	XLOC_002988
Upin_00004604	XLOC_002989	XLOC_002989
Upin_00004828	XLOC_003278	XLOC_003278
Upin_00004829	XLOC_003279	XLOC_003279
Upin_00004830	XLOC_003280	XLOC_003280
Upin_00004831	XLOC_003281	XLOC_003281
Upin_00005041	XLOC_002992	XLOC_002992
Upin_00004832	XLOC_003282	XLOC_003282
Upin_00005264	XLOC_003282	XLOC_003282
Upin_00004833	XLOC_003283	XLOC_003283
Upin_00005265	XLOC_003283	XLOC_003283
Upin_00005266	XLOC_003283	XLOC_003283
Upin_00005267	XLOC_003283	XLOC_003283
Upin_00005268	XLOC_003283	XLOC_003283
Upin_00004834	XLOC_003284	XLOC_003284
Upin_00005269	XLOC_003285	XLOC_003285
Upin_00004835	XLOC_003285	XLOC_003285
Upin_00004836	XLOC_003286	XLOC_003286
Upin_00004837	XLOC_003287	XLOC_003287
Upin_00004605	XLOC_002993	XLOC_002993
Upin_00004606	XLOC_002994	XLOC_002994
Upin_00004607	XLOC_002995	XLOC_002995
Upin_00004608	XLOC_002996	XLOC_002996
Upin_00004609	XLOC_002997	XLOC_002997
Upin_00004610	XLOC_002998	XLOC_002998
Upin_00005043	XLOC_002998	XLOC_002998
Upin_00005044	XLOC_002999	XLOC_002999
Upin_00004611	XLOC_003000	XLOC_003000
Upin_00005046	XLOC_003001	XLOC_003001
Upin_00004838	XLOC_003288	XLOC_003288
Upin_00005270	XLOC_003289	XLOC_003289
Upin_00004839	XLOC_003290	XLOC_003290
Upin_00004612	XLOC_003002	XLOC_003002
Upin_00004613	XLOC_003003	XLOC_003003
Upin_00004614	XLOC_003004	XLOC_003004
Upin_00004615	XLOC_003005	XLOC_003005
Upin_00004616	XLOC_003006	XLOC_003006
Upin_00004617	XLOC_003007	XLOC_003007
Upin_00005047	XLOC_003007	XLOC_003007
Upin_00004618	XLOC_003008	XLOC_003008
Upin_00004619	XLOC_003009	XLOC_003009
Upin_00004620	XLOC_003010	XLOC_003010
Upin_00005271	XLOC_003291	XLOC_003291
Upin_00004840	XLOC_003291	XLOC_003291
Upin_00004621	XLOC_003011	XLOC_003011
Upin_00005048	XLOC_003012	XLOC_003012
Upin_00004841	XLOC_003292	XLOC_003292
Upin_00004623	XLOC_003014	XLOC_003014
Upin_00005050	XLOC_003014	XLOC_003014
Upin_00004624	XLOC_003013	XLOC_003013
Upin_00004843	XLOC_003293	XLOC_003293
Upin_00005272	XLOC_003293	XLOC_003293
Upin_00004844	XLOC_003294	XLOC_003294
Upin_00004846	XLOC_003295	XLOC_003295
Upin_00004847	XLOC_003296	XLOC_003296
Upin_00004848	XLOC_003297	XLOC_003297
Upin_00005273	XLOC_003297	XLOC_003297
Upin_00004625	XLOC_003015	XLOC_003015
Upin_00004626	XLOC_003016	XLOC_003016
Upin_00005274	XLOC_003298	XLOC_003298
Upin_00005275	XLOC_003299	XLOC_003299
Upin_00004849	XLOC_003299	XLOC_003299
Upin_00004627	XLOC_003017	XLOC_003017
Upin_00005052	XLOC_003017	XLOC_003017
Upin_00005053	XLOC_003018	XLOC_003018
Upin_00005276	XLOC_003300	XLOC_003300
Upin_00005054	XLOC_003019	XLOC_003019
Upin_00004628	XLOC_003020	XLOC_003020
Upin_00004629	XLOC_003021	XLOC_003021
Upin_00005055	XLOC_003021	XLOC_003021
Upin_00004851	XLOC_003301	XLOC_003301
Upin_00004852	XLOC_003302	XLOC_003302
Upin_00005056	XLOC_003022	XLOC_003022
Upin_00004853	XLOC_003303	XLOC_003303
Upin_00005277	XLOC_003303	XLOC_003303
Upin_00005278	XLOC_003303	XLOC_003303
Upin_00004630	XLOC_003023	XLOC_003023
Upin_00005279	XLOC_003304	XLOC_003304
Upin_00004855	XLOC_003304	XLOC_003304
Upin_00005280	XLOC_003304	XLOC_003304
Upin_00004856	XLOC_003305	XLOC_003305
Upin_00004857	XLOC_003306	XLOC_003306
Upin_00005281	XLOC_003306	XLOC_003306
Upin_00004631	XLOC_003024	XLOC_003024
Upin_00004858	XLOC_003307	XLOC_003307
Upin_00005282	XLOC_003308	XLOC_003308
Upin_00004859	XLOC_003308	XLOC_003308
Upin_00005283	XLOC_003309	XLOC_003309
Upin_00004860	XLOC_003309	XLOC_003309
Upin_00005284	XLOC_003309	XLOC_003309
Upin_00004632	XLOC_003026	XLOC_003026
Upin_00004861	XLOC_003310	XLOC_003310
Upin_00005285	XLOC_003310	XLOC_003310
Upin_00005060	XLOC_003028	XLOC_003028
Upin_00004862	XLOC_003311	XLOC_003311
Upin_00004863	XLOC_003312	XLOC_003312
Upin_00004634	XLOC_003029	XLOC_003029
Upin_00005061	XLOC_003030	XLOC_003030
Upin_00005062	XLOC_003031	XLOC_003031
Upin_00004636	XLOC_003031	XLOC_003031
Upin_00005063	XLOC_003032	XLOC_003032
Upin_00005286	XLOC_003313	XLOC_003313
Upin_00004864	XLOC_003313	XLOC_003313
Upin_00004865	XLOC_003314	XLOC_003314
Upin_00004637	XLOC_003033	XLOC_003033
Upin_00004866	XLOC_003315	XLOC_003315
Upin_00005288	XLOC_003315	XLOC_003315
Upin_00005289	XLOC_003315	XLOC_003315
Upin_00005064	XLOC_003034	XLOC_003034
Upin_00004638	XLOC_003034	XLOC_003034
Upin_00005290	XLOC_003316	XLOC_003316
Upin_00004639	XLOC_003035	XLOC_003035
Upin_00005065	XLOC_003035	XLOC_003035
Upin_00004867	XLOC_003317	XLOC_003317
Upin_00004868	XLOC_003319	XLOC_003319
Upin_00005293	XLOC_003319	XLOC_003319
Upin_00005294	XLOC_003319	XLOC_003319
Upin_00005295	XLOC_003319	XLOC_003319
Upin_00005066	XLOC_003036	XLOC_003036
Upin_00005067	XLOC_003037	XLOC_003037
Upin_00004870	XLOC_003320	XLOC_003320
Upin_00004640	XLOC_003038	XLOC_003038
Upin_00005068	XLOC_003038	XLOC_003038
Upin_00004641	XLOC_003039	XLOC_003039
Upin_00005069	XLOC_003039	XLOC_003039
Upin_00005070	XLOC_003040	XLOC_003040
Upin_00004642	XLOC_003040	XLOC_003040
Upin_00004871	XLOC_003321	XLOC_003321
Upin_00004643	XLOC_003041	XLOC_003041
Upin_00005296	XLOC_003322	XLOC_003322
Upin_00005297	XLOC_003323	XLOC_003323
Upin_00005298	XLOC_003324	XLOC_003324
Upin_00005072	XLOC_003042	XLOC_003042
Upin_00004644	XLOC_003042	XLOC_003042
Upin_00004872	XLOC_003325	XLOC_003325
Upin_00004873	XLOC_003326	XLOC_003326
Upin_00005299	XLOC_003327	XLOC_003327
Upin_00004874	XLOC_003327	XLOC_003327
Upin_00004875	XLOC_003328	XLOC_003328
Upin_00005300	XLOC_003329	XLOC_003329
Upin_00004645	XLOC_003044	XLOC_003044
Upin_00004876	XLOC_003330	XLOC_003330
Upin_00005301	XLOC_003330	XLOC_003330
Upin_00004877	XLOC_003331	XLOC_003331
Upin_00005302	XLOC_003331	XLOC_003331
Upin_00005074	XLOC_003045	XLOC_003045
Upin_00004646	XLOC_003046	XLOC_003046
Upin_00005075	XLOC_003046	XLOC_003046
Upin_00004878	XLOC_003332	XLOC_003332
Upin_00005076	XLOC_003047	XLOC_003047
Upin_00004879	XLOC_003333	XLOC_003333
Upin_00005303	XLOC_003333	XLOC_003333
Upin_00004648	XLOC_003048	XLOC_003048
Upin_00005077	XLOC_003048	XLOC_003048
Upin_00004880	XLOC_003334	XLOC_003334
Upin_00005304	XLOC_003334	XLOC_003334
Upin_00004881	XLOC_003335	XLOC_003335
Upin_00004649	XLOC_003049	XLOC_003049
Upin_00005305	XLOC_003336	XLOC_003336
Upin_00004650	XLOC_003050	XLOC_003050
Upin_00005078	XLOC_003051	XLOC_003051
Upin_00004651	XLOC_003051	XLOC_003051
Upin_00005079	XLOC_003051	XLOC_003051
Upin_00004882	XLOC_003337	XLOC_003337
Upin_00004652	XLOC_003052	XLOC_003052
Upin_00004883	XLOC_003338	XLOC_003338
Upin_00005080	XLOC_003053	XLOC_003053
Upin_00004653	XLOC_003053	XLOC_003053
Upin_00005307	XLOC_003339	XLOC_003339
Upin_00004654	XLOC_003054	XLOC_003054
Upin_00004884	XLOC_003341	XLOC_003341
Upin_00004655	XLOC_003055	XLOC_003055
Upin_00004656	XLOC_003056	XLOC_003056
Upin_00005081	XLOC_003056	XLOC_003056
Upin_00004885	XLOC_003342	XLOC_003342
Upin_00004658	XLOC_003057	XLOC_003057
Upin_00004659	XLOC_003058	XLOC_003058
Upin_00005311	XLOC_003343	XLOC_003343
Upin_00004886	XLOC_003344	XLOC_003344
Upin_00005312	XLOC_003345	XLOC_003345
Upin_00004660	XLOC_003059	XLOC_003059
Upin_00004887	XLOC_003346	XLOC_003346
Upin_00005313	XLOC_003347	XLOC_003347
Upin_00005083	XLOC_003060	XLOC_003060
Upin_00005315	XLOC_003349	XLOC_003349
Upin_00004888	XLOC_003349	XLOC_003349
Upin_00004889	XLOC_003350	XLOC_003350
Upin_00005317	XLOC_003350	XLOC_003350
Upin_00004661	XLOC_003061	XLOC_003061
Upin_00005318	XLOC_003351	XLOC_003351
Upin_00004890	XLOC_003352	XLOC_003352
Upin_00004892	XLOC_003354	XLOC_003354
Upin_00005084	XLOC_003062	XLOC_003062
Upin_00004893	XLOC_003355	XLOC_003355
Upin_00005319	XLOC_003355	XLOC_003355
Upin_00005321	XLOC_003356	XLOC_003356
Upin_00004894	XLOC_003357	XLOC_003357
Upin_00004895	XLOC_003358	XLOC_003358
Upin_00005322	XLOC_003358	XLOC_003358
Upin_00005085	XLOC_003063	XLOC_003063
Upin_00004662	XLOC_003064	XLOC_003064
Upin_00004896	XLOC_003359	XLOC_003359
Upin_00005324	XLOC_003360	XLOC_003360
Upin_00004663	XLOC_003065	XLOC_003065
Upin_00005086	XLOC_003065	XLOC_003065
Upin_00005325	XLOC_003361	XLOC_003361
Upin_00004897	XLOC_003361	XLOC_003361
Upin_00004664	XLOC_003066	XLOC_003066
Upin_00004898	XLOC_003362	XLOC_003362
Upin_00005326	XLOC_003362	XLOC_003362
Upin_00004665	XLOC_003067	XLOC_003067
Upin_00004666	XLOC_003067	XLOC_003067
Upin_00005087	XLOC_003068	XLOC_003068
Upin_00004899	XLOC_003363	XLOC_003363
Upin_00004667	XLOC_003069	XLOC_003069
Upin_00005089	XLOC_003069	XLOC_003069
Upin_00004900	XLOC_003364	XLOC_003364
Upin_00005327	XLOC_003365	XLOC_003365
Upin_00004902	XLOC_003365	XLOC_003365
Upin_00005090	XLOC_003070	XLOC_003070
Upin_00004668	XLOC_003070	XLOC_003070
Upin_00005091	XLOC_003071	XLOC_003071
Upin_00004903	XLOC_003366	XLOC_003366
Upin_00005328	XLOC_003367	XLOC_003367
Upin_00004904	XLOC_003368	XLOC_003368
Upin_00005329	XLOC_003368	XLOC_003368
Upin_00004669	XLOC_003072	XLOC_003072
Upin_00005092	XLOC_003072	XLOC_003072
Upin_00005093	XLOC_003072	XLOC_003072
Upin_00005094	XLOC_003072	XLOC_003072
Upin_00005330	XLOC_003369	XLOC_003369
Upin_00004670	XLOC_003073	XLOC_003073
Upin_00005331	XLOC_003370	XLOC_003370
Upin_00005095	XLOC_003074	XLOC_003074
Upin_00005096	XLOC_003074	XLOC_003074
Upin_00004672	XLOC_003074	XLOC_003074
Upin_00005097	XLOC_003074	XLOC_003074
Upin_00004905	XLOC_003371	XLOC_003371
Upin_00005332	XLOC_003371	XLOC_003371
Upin_00004906	XLOC_003372	XLOC_003372
Upin_00005333	XLOC_003372	XLOC_003372
Upin_00005098	XLOC_003075	XLOC_003075
Upin_00004673	XLOC_003075	XLOC_003075
Upin_00005099	XLOC_003075	XLOC_003075
Upin_00005100	XLOC_003075	XLOC_003075
Upin_00005334	XLOC_003373	XLOC_003373
Upin_00005335	XLOC_003374	XLOC_003374
Upin_00004907	XLOC_003374	XLOC_003374
Upin_00004674	XLOC_003076	XLOC_003076
Upin_00005101	XLOC_003076	XLOC_003076
Upin_00004908	XLOC_003375	XLOC_003375
Upin_00004675	XLOC_003077	XLOC_003077
Upin_00004909	XLOC_003376	XLOC_003376
Upin_00004676	XLOC_003078	XLOC_003078
Upin_00004910	XLOC_003377	XLOC_003377
Upin_00004911	XLOC_003378	XLOC_003378
Upin_00005337	XLOC_003379	XLOC_003379
Upin_00004912	XLOC_003379	XLOC_003379
Upin_00004913	XLOC_003380	XLOC_003380
Upin_00005339	XLOC_003381	XLOC_003381
Upin_00004678	XLOC_003080	XLOC_003080
Upin_00004679	XLOC_003081	XLOC_003081
Upin_00005102	XLOC_003081	XLOC_003081
Upin_00004680	XLOC_003082	XLOC_003082
Upin_00004914	XLOC_003382	XLOC_003382
Upin_00005340	XLOC_003382	XLOC_003382
Upin_00004681	XLOC_003083	XLOC_003083
Upin_00005103	XLOC_003083	XLOC_003083
Upin_00005341	XLOC_003383	XLOC_003383
Upin_00005104	XLOC_003084	XLOC_003084
Upin_00005342	XLOC_003384	XLOC_003384
Upin_00004915	XLOC_003385	XLOC_003385
Upin_00005343	XLOC_003385	XLOC_003385
Upin_00005344	XLOC_003385	XLOC_003385
Upin_00005345	XLOC_003386	XLOC_003386
Upin_00004916	XLOC_003386	XLOC_003386
Upin_00004683	XLOC_003086	XLOC_003086
Upin_00005105	XLOC_003086	XLOC_003086
Upin_00005346	XLOC_003387	XLOC_003387
Upin_00004917	XLOC_003388	XLOC_003388
Upin_00005347	XLOC_003388	XLOC_003388
Upin_00004684	XLOC_003087	XLOC_003087
Upin_00005106	XLOC_003088	XLOC_003088
Upin_00004918	XLOC_003389	XLOC_003389
Upin_00005348	XLOC_003389	XLOC_003389
Upin_00005107	XLOC_003089	XLOC_003089
Upin_00005108	XLOC_003090	XLOC_003090
Upin_00005349	XLOC_003390	XLOC_003390
Upin_00004919	XLOC_003391	XLOC_003391
Upin_00005350	XLOC_003392	XLOC_003392
Upin_00004920	XLOC_003392	XLOC_003392
Upin_00005351	XLOC_003393	XLOC_003393
Upin_00005109	XLOC_003091	XLOC_003091
Upin_00004685	XLOC_003092	XLOC_003092
Upin_00005352	XLOC_003394	XLOC_003394
Upin_00004921	XLOC_003395	XLOC_003395
Upin_00004922	XLOC_003397	XLOC_003397
Upin_00004686	XLOC_003093	XLOC_003093
Upin_00005110	XLOC_003093	XLOC_003093
Upin_00005354	XLOC_003398	XLOC_003398
Upin_00005355	XLOC_003399	XLOC_003399
Upin_00004687	XLOC_003094	XLOC_003094
Upin_00004923	XLOC_003400	XLOC_003400
Upin_00004924	XLOC_003401	XLOC_003401
Upin_00005356	XLOC_003401	XLOC_003401
Upin_00004688	XLOC_003095	XLOC_003095
Upin_00005357	XLOC_003402	XLOC_003402
Upin_00005113	XLOC_003096	XLOC_003096
Upin_00004926	XLOC_003403	XLOC_003403
Upin_00004690	XLOC_003097	XLOC_003097
Upin_00005114	XLOC_003097	XLOC_003097
Upin_00004927	XLOC_003404	XLOC_003404
Upin_00005359	XLOC_003404	XLOC_003404
Upin_00005360	XLOC_003404	XLOC_003404
Upin_00005115	XLOC_003098	XLOC_003098
Upin_00005361	XLOC_003405	XLOC_003405
Upin_00004928	XLOC_003406	XLOC_003406
Upin_00005362	XLOC_003406	XLOC_003406
Upin_00005363	XLOC_003406	XLOC_003406
Upin_00004691	XLOC_003099	XLOC_003099
Upin_00005116	XLOC_003099	XLOC_003099
Upin_00004929	XLOC_003407	XLOC_003407
Upin_00004930	XLOC_003408	XLOC_003408
Upin_00004692	XLOC_003100	XLOC_003100
Upin_00005117	XLOC_003100	XLOC_003100
Upin_00004931	XLOC_003409	XLOC_003409
Upin_00005364	XLOC_003410	XLOC_003410
Upin_00004932	XLOC_003410	XLOC_003410
Upin_00005365	XLOC_003410	XLOC_003410
Upin_00004693	XLOC_003101	XLOC_003101
Upin_00005118	XLOC_003101	XLOC_003101
Upin_00004933	XLOC_003411	XLOC_003411
Upin_00004694	XLOC_003102	XLOC_003102
Upin_00005366	XLOC_003412	XLOC_003412
Upin_00004934	XLOC_003412	XLOC_003412
Upin_00005367	XLOC_003412	XLOC_003412
Upin_00004935	XLOC_003413	XLOC_003413
Upin_00005368	XLOC_003413	XLOC_003413
Upin_00005369	XLOC_003414	XLOC_003414
Upin_00004695	XLOC_003103	XLOC_003103
Upin_00005120	XLOC_003104	XLOC_003104
Upin_00005370	XLOC_003415	XLOC_003415
Upin_00005371	XLOC_003416	XLOC_003416
Upin_00004936	XLOC_003417	XLOC_003417
Upin_00004937	XLOC_003418	XLOC_003418
Upin_00004696	XLOC_003105	XLOC_003105
Upin_00005372	XLOC_003419	XLOC_003419
Upin_00005373	XLOC_003420	XLOC_003420
Upin_00004938	XLOC_003420	XLOC_003420
Upin_00005121	XLOC_003106	XLOC_003106
Upin_00005122	XLOC_003107	XLOC_003107
Upin_00004939	XLOC_003421	XLOC_003421
Upin_00005374	XLOC_003421	XLOC_003421
Upin_00004698	XLOC_003109	XLOC_003109
Upin_00005375	XLOC_003422	XLOC_003422
Upin_00004699	XLOC_003110	XLOC_003110
Upin_00005124	XLOC_003110	XLOC_003110
Upin_00004941	XLOC_003423	XLOC_003423
Upin_00005125	XLOC_003111	XLOC_003111
Upin_00004700	XLOC_003112	XLOC_003112
Upin_00004701	XLOC_003113	XLOC_003113
Upin_00005126	XLOC_003113	XLOC_003113
Upin_00005127	XLOC_003114	XLOC_003114
Upin_00004942	XLOC_003424	XLOC_003424
Upin_00005376	XLOC_003424	XLOC_003424
Upin_00005377	XLOC_003425	XLOC_003425
Upin_00005378	XLOC_003426	XLOC_003426
Upin_00004943	XLOC_003427	XLOC_003427
Upin_00005128	XLOC_003115	XLOC_003115
Upin_00004702	XLOC_003115	XLOC_003115
Upin_00005130	XLOC_003115	XLOC_003115
Upin_00005131	XLOC_003117	XLOC_003117
Upin_00004703	XLOC_003118	XLOC_003118
Upin_00005380	XLOC_003428	XLOC_003428
Upin_00004944	XLOC_003428	XLOC_003428
Upin_00004704	XLOC_003119	XLOC_003119
Upin_00005132	XLOC_003120	XLOC_003120
Upin_00005133	XLOC_003121	XLOC_003121
Upin_00005134	XLOC_003122	XLOC_003122
Upin_00004705	XLOC_003123	XLOC_003123
Upin_00005135	XLOC_003123	XLOC_003123
Upin_00005136	XLOC_003123	XLOC_003123
Upin_00005137	XLOC_003123	XLOC_003123
Upin_00004945	XLOC_003429	XLOC_003429
Upin_00004706	XLOC_003124	XLOC_003124
Upin_00005138	XLOC_003124	XLOC_003124
Upin_00004946	XLOC_003430	XLOC_003430
Upin_00004947	XLOC_003431	XLOC_003431
Upin_00004707	XLOC_003125	XLOC_003125
Upin_00005139	XLOC_003126	XLOC_003126
Upin_00005140	XLOC_003127	XLOC_003127
Upin_00005141	XLOC_003127	XLOC_003127
Upin_00004709	XLOC_003128	XLOC_003128
Upin_00004710	XLOC_003129	XLOC_003129
Upin_00005142	XLOC_003129	XLOC_003129
Upin_00004948	XLOC_003432	XLOC_003432
Upin_00005144	XLOC_003130	XLOC_003130
Upin_00004711	XLOC_003130	XLOC_003130
Upin_00005145	XLOC_003130	XLOC_003130
Upin_00005146	XLOC_003131	XLOC_003131
Upin_00004712	XLOC_003132	XLOC_003132
Upin_00004949	XLOC_003433	XLOC_003433
Upin_00005148	XLOC_003133	XLOC_003133
Upin_00005381	XLOC_003434	XLOC_003434
Upin_00005382	XLOC_003435	XLOC_003435
Upin_00004950	XLOC_003436	XLOC_003436
Upin_00005383	XLOC_003436	XLOC_003436
Upin_00004713	XLOC_003134	XLOC_003134
Upin_00005149	XLOC_003135	XLOC_003135
Upin_00004951	XLOC_003437	XLOC_003437
Upin_00005384	XLOC_003437	XLOC_003437
Upin_00005385	XLOC_003437	XLOC_003437
Upin_00005150	XLOC_003136	XLOC_003136
Upin_00004714	XLOC_003137	XLOC_003137
Upin_00004952	XLOC_003438	XLOC_003438
Upin_00004715	XLOC_003138	XLOC_003138
Upin_00005152	XLOC_003139	XLOC_003139
Upin_00005386	XLOC_003439	XLOC_003439
Upin_00004953	XLOC_003440	XLOC_003440
Upin_00005387	XLOC_003440	XLOC_003440
Upin_00005388	XLOC_003440	XLOC_003440
Upin_00004954	XLOC_003441	XLOC_003441
Upin_00005389	XLOC_003441	XLOC_003441
Upin_00004716	XLOC_003141	XLOC_003141
Upin_00005390	XLOC_003442	XLOC_003442
Upin_00004955	XLOC_003443	XLOC_003443
Upin_00004717	XLOC_003142	XLOC_003142
Upin_00005154	XLOC_003142	XLOC_003142
Upin_00004718	XLOC_003143	XLOC_003143
Upin_00004719	XLOC_003144	XLOC_003144
Upin_00004956	XLOC_003444	XLOC_003444
Upin_00005155	XLOC_003145	XLOC_003145
Upin_00005156	XLOC_003146	XLOC_003146
Upin_00004721	XLOC_003146	XLOC_003146
Upin_00005157	XLOC_003146	XLOC_003146
Upin_00004957	XLOC_003445	XLOC_003445
Upin_00004722	XLOC_003147	XLOC_003147
Upin_00004958	XLOC_003446	XLOC_003446
Upin_00004723	XLOC_003148	XLOC_003148
Upin_00005158	XLOC_003148	XLOC_003148
Upin_00004959	XLOC_003447	XLOC_003447
Upin_00004724	XLOC_003149	XLOC_003149
Upin_00005159	XLOC_003149	XLOC_003149
Upin_00005391	XLOC_003448	XLOC_003448
Upin_00004725	XLOC_003151	XLOC_003151
Upin_00004960	XLOC_003449	XLOC_003449
Upin_00004726	XLOC_003152	XLOC_003152
Upin_00004961	XLOC_003450	XLOC_003450
Upin_00005392	XLOC_003450	XLOC_003450
Upin_00004727	XLOC_003153	XLOC_003153
Upin_00004962	XLOC_003451	XLOC_003451
Upin_00004963	XLOC_003452	XLOC_003452
Upin_00004729	XLOC_003155	XLOC_003155
Upin_00005161	XLOC_003156	XLOC_003156
Upin_00005393	XLOC_003453	XLOC_003453
Upin_00004964	XLOC_003453	XLOC_003453
Upin_00004730	XLOC_003157	XLOC_003157
Upin_00005394	XLOC_003454	XLOC_003454
Upin_00005162	XLOC_003158	XLOC_003158
Upin_00005395	XLOC_003455	XLOC_003455
Upin_00005396	XLOC_003456	XLOC_003456
Upin_00005397	XLOC_003457	XLOC_003457
Upin_00004731	XLOC_003159	XLOC_003159
Upin_00004966	XLOC_003458	XLOC_003458
Upin_00004967	XLOC_003459	XLOC_003459
Upin_00005398	XLOC_003459	XLOC_003459
Upin_00004733	XLOC_003161	XLOC_003161
Upin_00005163	XLOC_003161	XLOC_003161
Upin_00005164	XLOC_003161	XLOC_003161
Upin_00005399	XLOC_003460	XLOC_003460
Upin_00005165	XLOC_003162	XLOC_003162
Upin_00004734	XLOC_003162	XLOC_003162
Upin_00005166	XLOC_003163	XLOC_003163
Upin_00004735	XLOC_003164	XLOC_003164
Upin_00004968	XLOC_003461	XLOC_003461
Upin_00005400	XLOC_003461	XLOC_003461
Upin_00005167	XLOC_003165	XLOC_003165
Upin_00004736	XLOC_003165	XLOC_003165
Upin_00004737	XLOC_003166	XLOC_003166
Upin_00005168	XLOC_003166	XLOC_003166
Upin_00004738	XLOC_003167	XLOC_003167
Upin_00005169	XLOC_003167	XLOC_003167
Upin_00004969	XLOC_003462	XLOC_003462
Upin_00005401	XLOC_003462	XLOC_003462
Upin_00005402	XLOC_003462	XLOC_003462
Upin_00005403	XLOC_003462	XLOC_003462
Upin_00005170	XLOC_003168	XLOC_003168
Upin_00004970	XLOC_003463	XLOC_003463
Upin_00004971	XLOC_003464	XLOC_003464
Upin_00004740	XLOC_003169	XLOC_003169
Upin_00004972	XLOC_003465	XLOC_003465
Upin_00005404	XLOC_003465	XLOC_003465
Upin_00004973	XLOC_003466	XLOC_003466
Upin_00005405	XLOC_003467	XLOC_003467
Upin_00004974	XLOC_003467	XLOC_003467
Upin_00005171	XLOC_003170	XLOC_003170
Upin_00004741	XLOC_003170	XLOC_003170
Upin_00005172	XLOC_003171	XLOC_003171
Upin_00004975	XLOC_003468	XLOC_003468
Upin_00005406	XLOC_003469	XLOC_003469
Upin_00005407	XLOC_003469	XLOC_003469
Upin_00004976	XLOC_003469	XLOC_003469
Upin_00005173	XLOC_003172	XLOC_003172
Upin_00004744	XLOC_003174	XLOC_003174
Upin_00004745	XLOC_003175	XLOC_003175
Upin_00005174	XLOC_003176	XLOC_003176
Upin_00005408	XLOC_003470	XLOC_003470
Upin_00004746	XLOC_003177	XLOC_003177
Upin_00004747	XLOC_003178	XLOC_003178
Upin_00005175	XLOC_003179	XLOC_003179
Upin_00004977	XLOC_003471	XLOC_003471
Upin_00005176	XLOC_003180	XLOC_003180
Upin_00005409	XLOC_003472	XLOC_003472
Upin_00004978	XLOC_003472	XLOC_003472
Upin_00004749	XLOC_003181	XLOC_003181
Upin_00005410	XLOC_003473	XLOC_003473
Upin_00004979	XLOC_003473	XLOC_003473
Upin_00005177	XLOC_003182	XLOC_003182
Upin_00004750	XLOC_003182	XLOC_003182
Upin_00005178	XLOC_003182	XLOC_003182
Upin_00005411	XLOC_003474	XLOC_003474
Upin_00004980	XLOC_003475	XLOC_003475
Upin_00004753	XLOC_003183	XLOC_003183
Upin_00004754	XLOC_003184	XLOC_003184
Upin_00004755	XLOC_003185	XLOC_003185
Upin_00004757	XLOC_003186	XLOC_003186
Upin_00005181	XLOC_003186	XLOC_003186
Upin_00004981	XLOC_003476	XLOC_003476
Upin_00005182	XLOC_003187	XLOC_003187
Upin_00004758	XLOC_003187	XLOC_003187
Upin_00004982	XLOC_003477	XLOC_003477
Upin_00005183	XLOC_003188	XLOC_003188
Upin_00004759	XLOC_003189	XLOC_003189
Upin_00005184	XLOC_003189	XLOC_003189
Upin_00005412	XLOC_003478	XLOC_003478
Upin_00004983	XLOC_003479	XLOC_003479
Upin_00004760	XLOC_003191	XLOC_003191
Upin_00004984	XLOC_003480	XLOC_003480
Upin_00005187	XLOC_003193	XLOC_003193
Upin_00005188	XLOC_003194	XLOC_003194
Upin_00005413	XLOC_003481	XLOC_003481
Upin_00004761	XLOC_003195	XLOC_003195
Upin_00004762	XLOC_003196	XLOC_003196
Upin_00005414	XLOC_003482	XLOC_003482
Upin_00004763	XLOC_003198	XLOC_003198
Upin_00004764	XLOC_003199	XLOC_003199
Upin_00005190	XLOC_003199	XLOC_003199
Upin_00005191	XLOC_003200	XLOC_003200
Upin_00005192	XLOC_003201	XLOC_003201
Upin_00005415	XLOC_003483	XLOC_003483
Upin_00004985	XLOC_003483	XLOC_003483
Upin_00005416	XLOC_003484	XLOC_003484
Upin_00004986	XLOC_003485	XLOC_003485
Upin_00004987	XLOC_003486	XLOC_003486
Upin_00005418	XLOC_003487	XLOC_003487
Upin_00004766	XLOC_003202	XLOC_003202
Upin_00005419	XLOC_003488	XLOC_003488
Upin_00004989	XLOC_003488	XLOC_003488
Upin_00005420	XLOC_003488	XLOC_003488
Upin_00005421	XLOC_003488	XLOC_003488
Upin_00005422	XLOC_003488	XLOC_003488
Upin_00005423	XLOC_003488	XLOC_003488
Upin_00004767	XLOC_003203	XLOC_003203
Upin_00005194	XLOC_003203	XLOC_003203
Upin_00005195	XLOC_003203	XLOC_003203
Upin_00005196	XLOC_003203	XLOC_003203
Upin_00005424	XLOC_003489	XLOC_003489
Upin_00005425	XLOC_003490	XLOC_003490
Upin_00004768	XLOC_003204	XLOC_003204
Upin_00005426	XLOC_003491	XLOC_003491
Upin_00004990	XLOC_003491	XLOC_003491
Upin_00005427	XLOC_003491	XLOC_003491
Upin_00004769	XLOC_003205	XLOC_003205
Upin_00004991	XLOC_003492	XLOC_003492
Upin_00004770	XLOC_003206	XLOC_003206
Upin_00005428	XLOC_003493	XLOC_003493
Upin_00004992	XLOC_003494	XLOC_003494
Upin_00005197	XLOC_003207	XLOC_003207
Upin_00004771	XLOC_003207	XLOC_003207
Upin_00005198	XLOC_003207	XLOC_003207
Upin_00004993	XLOC_003495	XLOC_003495
Upin_00004772	XLOC_003208	XLOC_003208
Upin_00004994	XLOC_003496	XLOC_003496
Upin_00005429	XLOC_003496	XLOC_003496
Upin_00004995	XLOC_003497	XLOC_003497
Upin_00005199	XLOC_003209	XLOC_003209
Upin_00004774	XLOC_003209	XLOC_003209
Upin_00005430	XLOC_003498	XLOC_003498
Upin_00004996	XLOC_003498	XLOC_003498
Upin_00005431	XLOC_003499	XLOC_003499
Upin_00004775	XLOC_003210	XLOC_003210
Upin_00005200	XLOC_003210	XLOC_003210
Upin_00005201	XLOC_003210	XLOC_003210
Upin_00005432	XLOC_003500	XLOC_003500
Upin_00005433	XLOC_003501	XLOC_003501
Upin_00004776	XLOC_003211	XLOC_003211
Upin_00005434	XLOC_003502	XLOC_003502
Upin_00004777	XLOC_003212	XLOC_003212
Upin_00005202	XLOC_003212	XLOC_003212
Upin_00005203	XLOC_003212	XLOC_003212
Upin_00004778	XLOC_003213	XLOC_003213
Upin_00005204	XLOC_003213	XLOC_003213
Upin_00005205	XLOC_003213	XLOC_003213
Upin_00005206	XLOC_003213	XLOC_003213
Upin_00005207	XLOC_003213	XLOC_003213
Upin_00005208	XLOC_003214	XLOC_003214
Upin_00004779	XLOC_003214	XLOC_003214
Upin_00005435	XLOC_003503	XLOC_003503
Upin_00005209	XLOC_003215	XLOC_003215
Upin_00005210	XLOC_003216	XLOC_003216
Upin_00005211	XLOC_003217	XLOC_003217
Upin_00004780	XLOC_003218	XLOC_003218
Upin_00005212	XLOC_003218	XLOC_003218
Upin_00005436	XLOC_003504	XLOC_003504
Upin_00004999	XLOC_003504	XLOC_003504
Upin_00005612	XLOC_003744	XLOC_003744
Upin_00005613	XLOC_003745	XLOC_003745
Upin_00005987	XLOC_003746	XLOC_003746
Upin_00005438	XLOC_003506	XLOC_003506
Upin_00005615	XLOC_003747	XLOC_003747
Upin_00005439	XLOC_003507	XLOC_003507
Upin_00005791	XLOC_003508	XLOC_003508
Upin_00005792	XLOC_003508	XLOC_003508
Upin_00005990	XLOC_003748	XLOC_003748
Upin_00005991	XLOC_003748	XLOC_003748
Upin_00005441	XLOC_003509	XLOC_003509
Upin_00005616	XLOC_003749	XLOC_003749
Upin_00005793	XLOC_003510	XLOC_003510
Upin_00005442	XLOC_003510	XLOC_003510
Upin_00005794	XLOC_003510	XLOC_003510
Upin_00005795	XLOC_003510	XLOC_003510
Upin_00005796	XLOC_003510	XLOC_003510
Upin_00005797	XLOC_003510	XLOC_003510
Upin_00005617	XLOC_003750	XLOC_003750
Upin_00005798	XLOC_003511	XLOC_003511
Upin_00005618	XLOC_003751	XLOC_003751
Upin_00005799	XLOC_003512	XLOC_003512
Upin_00005800	XLOC_003513	XLOC_003513
Upin_00005619	XLOC_003752	XLOC_003752
Upin_00005994	XLOC_003752	XLOC_003752
Upin_00005443	XLOC_003514	XLOC_003514
Upin_00005444	XLOC_003515	XLOC_003515
Upin_00005996	XLOC_003754	XLOC_003754
Upin_00005620	XLOC_003755	XLOC_003755
Upin_00005445	XLOC_003516	XLOC_003516
Upin_00005621	XLOC_003756	XLOC_003756
Upin_00005998	XLOC_003756	XLOC_003756
Upin_00005999	XLOC_003756	XLOC_003756
Upin_00005446	XLOC_003517	XLOC_003517
Upin_00005801	XLOC_003517	XLOC_003517
Upin_00005622	XLOC_003757	XLOC_003757
Upin_00005623	XLOC_003758	XLOC_003758
Upin_00005447	XLOC_003518	XLOC_003518
Upin_00006000	XLOC_003759	XLOC_003759
Upin_00005624	XLOC_003760	XLOC_003760
Upin_00006002	XLOC_003761	XLOC_003761
Upin_00005448	XLOC_003519	XLOC_003519
Upin_00006003	XLOC_003762	XLOC_003762
Upin_00005625	XLOC_003762	XLOC_003762
Upin_00005449	XLOC_003520	XLOC_003520
Upin_00005802	XLOC_003520	XLOC_003520
Upin_00005626	XLOC_003764	XLOC_003764
Upin_00005450	XLOC_003521	XLOC_003521
Upin_00005627	XLOC_003765	XLOC_003765
Upin_00006006	XLOC_003765	XLOC_003765
Upin_00006007	XLOC_003765	XLOC_003765
Upin_00005451	XLOC_003522	XLOC_003522
Upin_00005628	XLOC_003766	XLOC_003766
Upin_00005803	XLOC_003523	XLOC_003523
Upin_00005805	XLOC_003525	XLOC_003525
Upin_00005453	XLOC_003525	XLOC_003525
Upin_00005629	XLOC_003767	XLOC_003767
Upin_00006008	XLOC_003767	XLOC_003767
Upin_00005630	XLOC_003768	XLOC_003768
Upin_00006010	XLOC_003768	XLOC_003768
Upin_00006012	XLOC_003769	XLOC_003769
Upin_00005454	XLOC_003527	XLOC_003527
Upin_00005807	XLOC_003528	XLOC_003528
Upin_00005631	XLOC_003770	XLOC_003770
Upin_00006013	XLOC_003770	XLOC_003770
Upin_00005455	XLOC_003529	XLOC_003529
Upin_00005632	XLOC_003771	XLOC_003771
Upin_00005809	XLOC_003531	XLOC_003531
Upin_00005633	XLOC_003772	XLOC_003772
Upin_00005457	XLOC_003532	XLOC_003532
Upin_00005810	XLOC_003533	XLOC_003533
Upin_00005634	XLOC_003773	XLOC_003773
Upin_00005458	XLOC_003534	XLOC_003534
Upin_00005635	XLOC_003774	XLOC_003774
Upin_00006016	XLOC_003774	XLOC_003774
Upin_00005636	XLOC_003775	XLOC_003775
Upin_00005459	XLOC_003535	XLOC_003535
Upin_00005812	XLOC_003535	XLOC_003535
Upin_00005637	XLOC_003776	XLOC_003776
Upin_00006018	XLOC_003776	XLOC_003776
Upin_00005460	XLOC_003536	XLOC_003536
Upin_00005638	XLOC_003778	XLOC_003778
Upin_00005639	XLOC_003779	XLOC_003779
Upin_00006020	XLOC_003779	XLOC_003779
Upin_00005813	XLOC_003537	XLOC_003537
Upin_00005461	XLOC_003538	XLOC_003538
Upin_00005815	XLOC_003538	XLOC_003538
Upin_00005640	XLOC_003780	XLOC_003780
Upin_00006021	XLOC_003780	XLOC_003780
Upin_00005816	XLOC_003539	XLOC_003539
Upin_00005462	XLOC_003540	XLOC_003540
Upin_00005463	XLOC_003541	XLOC_003541
Upin_00005641	XLOC_003781	XLOC_003781
Upin_00006022	XLOC_003781	XLOC_003781
Upin_00006023	XLOC_003781	XLOC_003781
Upin_00005464	XLOC_003542	XLOC_003542
Upin_00005642	XLOC_003782	XLOC_003782
Upin_00005465	XLOC_003543	XLOC_003543
Upin_00005817	XLOC_003543	XLOC_003543
Upin_00005466	XLOC_003544	XLOC_003544
Upin_00005818	XLOC_003544	XLOC_003544
Upin_00005819	XLOC_003545	XLOC_003545
Upin_00005468	XLOC_003546	XLOC_003546
Upin_00005643	XLOC_003784	XLOC_003784
Upin_00005821	XLOC_003547	XLOC_003547
Upin_00006028	XLOC_003785	XLOC_003785
Upin_00005469	XLOC_003549	XLOC_003549
Upin_00005824	XLOC_003550	XLOC_003550
Upin_00005645	XLOC_003786	XLOC_003786
Upin_00005646	XLOC_003787	XLOC_003787
Upin_00005470	XLOC_003551	XLOC_003551
Upin_00005825	XLOC_003552	XLOC_003552
Upin_00005647	XLOC_003788	XLOC_003788
Upin_00005471	XLOC_003553	XLOC_003553
Upin_00005826	XLOC_003553	XLOC_003553
Upin_00005827	XLOC_003553	XLOC_003553
Upin_00005828	XLOC_003553	XLOC_003553
Upin_00006030	XLOC_003789	XLOC_003789
Upin_00005648	XLOC_003790	XLOC_003790
Upin_00006031	XLOC_003791	XLOC_003791
Upin_00006032	XLOC_003792	XLOC_003792
Upin_00006033	XLOC_003793	XLOC_003793
Upin_00005472	XLOC_003554	XLOC_003554
Upin_00005829	XLOC_003554	XLOC_003554
Upin_00005831	XLOC_003556	XLOC_003556
Upin_00005473	XLOC_003557	XLOC_003557
Upin_00005832	XLOC_003558	XLOC_003558
Upin_00005833	XLOC_003559	XLOC_003559
Upin_00005474	XLOC_003559	XLOC_003559
Upin_00005834	XLOC_003559	XLOC_003559
Upin_00005835	XLOC_003559	XLOC_003559
Upin_00005836	XLOC_003559	XLOC_003559
Upin_00006035	XLOC_003795	XLOC_003795
Upin_00005649	XLOC_003796	XLOC_003796
Upin_00005837	XLOC_003560	XLOC_003560
Upin_00005475	XLOC_003560	XLOC_003560
Upin_00005838	XLOC_003560	XLOC_003560
Upin_00005476	XLOC_003561	XLOC_003561
Upin_00005650	XLOC_003797	XLOC_003797
Upin_00006037	XLOC_003798	XLOC_003798
Upin_00005651	XLOC_003799	XLOC_003799
Upin_00005652	XLOC_003800	XLOC_003800
Upin_00005839	XLOC_003562	XLOC_003562
Upin_00005477	XLOC_003563	XLOC_003563
Upin_00005478	XLOC_003564	XLOC_003564
Upin_00005840	XLOC_003564	XLOC_003564
Upin_00006039	XLOC_003801	XLOC_003801
Upin_00005479	XLOC_003565	XLOC_003565
Upin_00005653	XLOC_003802	XLOC_003802
Upin_00005841	XLOC_003566	XLOC_003566
Upin_00005842	XLOC_003567	XLOC_003567
Upin_00005654	XLOC_003803	XLOC_003803
Upin_00005481	XLOC_003568	XLOC_003568
Upin_00005844	XLOC_003568	XLOC_003568
Upin_00005845	XLOC_003568	XLOC_003568
Upin_00005655	XLOC_003804	XLOC_003804
Upin_00005482	XLOC_003569	XLOC_003569
Upin_00005656	XLOC_003805	XLOC_003805
Upin_00006042	XLOC_003805	XLOC_003805
Upin_00005657	XLOC_003807	XLOC_003807
Upin_00005658	XLOC_003808	XLOC_003808
Upin_00005659	XLOC_003809	XLOC_003809
Upin_00005483	XLOC_003570	XLOC_003570
Upin_00005846	XLOC_003570	XLOC_003570
Upin_00006044	XLOC_003810	XLOC_003810
Upin_00005484	XLOC_003571	XLOC_003571
Upin_00005847	XLOC_003571	XLOC_003571
Upin_00006046	XLOC_003811	XLOC_003811
Upin_00005660	XLOC_003811	XLOC_003811
Upin_00006047	XLOC_003812	XLOC_003812
Upin_00006048	XLOC_003813	XLOC_003813
Upin_00005848	XLOC_003572	XLOC_003572
Upin_00005485	XLOC_003572	XLOC_003572
Upin_00005850	XLOC_003572	XLOC_003572
Upin_00005851	XLOC_003572	XLOC_003572
Upin_00005852	XLOC_003573	XLOC_003573
Upin_00005661	XLOC_003814	XLOC_003814
Upin_00005854	XLOC_003575	XLOC_003575
Upin_00005486	XLOC_003575	XLOC_003575
Upin_00005855	XLOC_003575	XLOC_003575
Upin_00005856	XLOC_003576	XLOC_003576
Upin_00005662	XLOC_003815	XLOC_003815
Upin_00006049	XLOC_003815	XLOC_003815
Upin_00005488	XLOC_003578	XLOC_003578
Upin_00005858	XLOC_003578	XLOC_003578
Upin_00005663	XLOC_003816	XLOC_003816
Upin_00005489	XLOC_003579	XLOC_003579
Upin_00005859	XLOC_003579	XLOC_003579
Upin_00005664	XLOC_003817	XLOC_003817
Upin_00006050	XLOC_003817	XLOC_003817
Upin_00006051	XLOC_003817	XLOC_003817
Upin_00006053	XLOC_003817	XLOC_003817
Upin_00006054	XLOC_003818	XLOC_003818
Upin_00005860	XLOC_003580	XLOC_003580
Upin_00006055	XLOC_003819	XLOC_003819
Upin_00005665	XLOC_003820	XLOC_003820
Upin_00005490	XLOC_003581	XLOC_003581
Upin_00005861	XLOC_003581	XLOC_003581
Upin_00005862	XLOC_003581	XLOC_003581
Upin_00005491	XLOC_003582	XLOC_003582
Upin_00005666	XLOC_003821	XLOC_003821
Upin_00005492	XLOC_003583	XLOC_003583
Upin_00006057	XLOC_003822	XLOC_003822
Upin_00005864	XLOC_003585	XLOC_003585
Upin_00005493	XLOC_003585	XLOC_003585
Upin_00005865	XLOC_003585	XLOC_003585
Upin_00005669	XLOC_003823	XLOC_003823
Upin_00005866	XLOC_003586	XLOC_003586
Upin_00005494	XLOC_003586	XLOC_003586
Upin_00005867	XLOC_003586	XLOC_003586
Upin_00005670	XLOC_003824	XLOC_003824
Upin_00006059	XLOC_003825	XLOC_003825
Upin_00005671	XLOC_003826	XLOC_003826
Upin_00005868	XLOC_003587	XLOC_003587
Upin_00005672	XLOC_003827	XLOC_003827
Upin_00006064	XLOC_003827	XLOC_003827
Upin_00005673	XLOC_003828	XLOC_003828
Upin_00005496	XLOC_003588	XLOC_003588
Upin_00005497	XLOC_003590	XLOC_003590
Upin_00006065	XLOC_003829	XLOC_003829
Upin_00005675	XLOC_003830	XLOC_003830
Upin_00005498	XLOC_003591	XLOC_003591
Upin_00005870	XLOC_003591	XLOC_003591
Upin_00005676	XLOC_003831	XLOC_003831
Upin_00005871	XLOC_003592	XLOC_003592
Upin_00005677	XLOC_003832	XLOC_003832
Upin_00006067	XLOC_003833	XLOC_003833
Upin_00005499	XLOC_003593	XLOC_003593
Upin_00006068	XLOC_003834	XLOC_003834
Upin_00005678	XLOC_003835	XLOC_003835
Upin_00005500	XLOC_003594	XLOC_003594
Upin_00005679	XLOC_003836	XLOC_003836
Upin_00005501	XLOC_003595	XLOC_003595
Upin_00006069	XLOC_003837	XLOC_003837
Upin_00005502	XLOC_003596	XLOC_003596
Upin_00005872	XLOC_003596	XLOC_003596
Upin_00005873	XLOC_003596	XLOC_003596
Upin_00005503	XLOC_003597	XLOC_003597
Upin_00005874	XLOC_003597	XLOC_003597
Upin_00005875	XLOC_003598	XLOC_003598
Upin_00006070	XLOC_003838	XLOC_003838
Upin_00005681	XLOC_003839	XLOC_003839
Upin_00005682	XLOC_003840	XLOC_003840
Upin_00005877	XLOC_003600	XLOC_003600
Upin_00005504	XLOC_003600	XLOC_003600
Upin_00005878	XLOC_003601	XLOC_003601
Upin_00005505	XLOC_003602	XLOC_003602
Upin_00006071	XLOC_003841	XLOC_003841
Upin_00005683	XLOC_003842	XLOC_003842
Upin_00005684	XLOC_003843	XLOC_003843
Upin_00005506	XLOC_003603	XLOC_003603
Upin_00005685	XLOC_003844	XLOC_003844
Upin_00005507	XLOC_003604	XLOC_003604
Upin_00006072	XLOC_003845	XLOC_003845
Upin_00005686	XLOC_003845	XLOC_003845
Upin_00005880	XLOC_003605	XLOC_003605
Upin_00005508	XLOC_003605	XLOC_003605
Upin_00005881	XLOC_003605	XLOC_003605
Upin_00005882	XLOC_003605	XLOC_003605
Upin_00005883	XLOC_003605	XLOC_003605
Upin_00005884	XLOC_003605	XLOC_003605
Upin_00005885	XLOC_003605	XLOC_003605
Upin_00005886	XLOC_003605	XLOC_003605
Upin_00005887	XLOC_003605	XLOC_003605
Upin_00005888	XLOC_003605	XLOC_003605
Upin_00005889	XLOC_003605	XLOC_003605
Upin_00005890	XLOC_003606	XLOC_003606
Upin_00005891	XLOC_003606	XLOC_003606
Upin_00005892	XLOC_003607	XLOC_003607
Upin_00005509	XLOC_003608	XLOC_003608
Upin_00005510	XLOC_003609	XLOC_003609
Upin_00005893	XLOC_003609	XLOC_003609
Upin_00005894	XLOC_003609	XLOC_003609
Upin_00005687	XLOC_003847	XLOC_003847
Upin_00006075	XLOC_003848	XLOC_003848
Upin_00005688	XLOC_003848	XLOC_003848
Upin_00006077	XLOC_003848	XLOC_003848
Upin_00005511	XLOC_003611	XLOC_003611
Upin_00005896	XLOC_003611	XLOC_003611
Upin_00005689	XLOC_003849	XLOC_003849
Upin_00005512	XLOC_003612	XLOC_003612
Upin_00005899	XLOC_003612	XLOC_003612
Upin_00005513	XLOC_003613	XLOC_003613
Upin_00005514	XLOC_003614	XLOC_003614
Upin_00005690	XLOC_003850	XLOC_003850
Upin_00005691	XLOC_003851	XLOC_003851
Upin_00005515	XLOC_003615	XLOC_003615
Upin_00005692	XLOC_003852	XLOC_003852
Upin_00006079	XLOC_003852	XLOC_003852
Upin_00005903	XLOC_003617	XLOC_003617
Upin_00005517	XLOC_003618	XLOC_003618
Upin_00005518	XLOC_003619	XLOC_003619
Upin_00005904	XLOC_003620	XLOC_003620
Upin_00005905	XLOC_003621	XLOC_003621
Upin_00005693	XLOC_003853	XLOC_003853
Upin_00006081	XLOC_003853	XLOC_003853
Upin_00006085	XLOC_003853	XLOC_003853
Upin_00006086	XLOC_003853	XLOC_003853
Upin_00005521	XLOC_003623	XLOC_003623
Upin_00006088	XLOC_003855	XLOC_003855
Upin_00005694	XLOC_003856	XLOC_003856
Upin_00005909	XLOC_003626	XLOC_003626
Upin_00005695	XLOC_003857	XLOC_003857
Upin_00005523	XLOC_003627	XLOC_003627
Upin_00005910	XLOC_003627	XLOC_003627
Upin_00005524	XLOC_003628	XLOC_003628
Upin_00006089	XLOC_003858	XLOC_003858
Upin_00006090	XLOC_003859	XLOC_003859
Upin_00005525	XLOC_003629	XLOC_003629
Upin_00005696	XLOC_003860	XLOC_003860
Upin_00005526	XLOC_003630	XLOC_003630
Upin_00005697	XLOC_003861	XLOC_003861
Upin_00005698	XLOC_003862	XLOC_003862
Upin_00005699	XLOC_003863	XLOC_003863
Upin_00005700	XLOC_003864	XLOC_003864
Upin_00005527	XLOC_003631	XLOC_003631
Upin_00005701	XLOC_003865	XLOC_003865
Upin_00005528	XLOC_003632	XLOC_003632
Upin_00005702	XLOC_003866	XLOC_003866
Upin_00005703	XLOC_003867	XLOC_003867
Upin_00005529	XLOC_003633	XLOC_003633
Upin_00005704	XLOC_003868	XLOC_003868
Upin_00005705	XLOC_003869	XLOC_003869
Upin_00005530	XLOC_003634	XLOC_003634
Upin_00005706	XLOC_003870	XLOC_003870
Upin_00005531	XLOC_003635	XLOC_003635
Upin_00006092	XLOC_003871	XLOC_003871
Upin_00005707	XLOC_003871	XLOC_003871
Upin_00005532	XLOC_003636	XLOC_003636
Upin_00005708	XLOC_003872	XLOC_003872
Upin_00005533	XLOC_003637	XLOC_003637
Upin_00005534	XLOC_003638	XLOC_003638
Upin_00005709	XLOC_003873	XLOC_003873
Upin_00005710	XLOC_003874	XLOC_003874
Upin_00005535	XLOC_003639	XLOC_003639
Upin_00005914	XLOC_003640	XLOC_003640
Upin_00005536	XLOC_003641	XLOC_003641
Upin_00005537	XLOC_003642	XLOC_003642
Upin_00005538	XLOC_003643	XLOC_003643
Upin_00005539	XLOC_003644	XLOC_003644
Upin_00005540	XLOC_003645	XLOC_003645
Upin_00005541	XLOC_003646	XLOC_003646
Upin_00005542	XLOC_003647	XLOC_003647
Upin_00005916	XLOC_003647	XLOC_003647
Upin_00005711	XLOC_003875	XLOC_003875
Upin_00005712	XLOC_003876	XLOC_003876
Upin_00005713	XLOC_003877	XLOC_003877
Upin_00006095	XLOC_003878	XLOC_003878
Upin_00005917	XLOC_003648	XLOC_003648
Upin_00005543	XLOC_003649	XLOC_003649
Upin_00005544	XLOC_003650	XLOC_003650
Upin_00005545	XLOC_003651	XLOC_003651
Upin_00005715	XLOC_003879	XLOC_003879
Upin_00005716	XLOC_003880	XLOC_003880
Upin_00005717	XLOC_003881	XLOC_003881
Upin_00005718	XLOC_003882	XLOC_003882
Upin_00005719	XLOC_003883	XLOC_003883
Upin_00005920	XLOC_003653	XLOC_003653
Upin_00005546	XLOC_003654	XLOC_003654
Upin_00005548	XLOC_003655	XLOC_003655
Upin_00005925	XLOC_003656	XLOC_003656
Upin_00005720	XLOC_003885	XLOC_003885
Upin_00005721	XLOC_003886	XLOC_003886
Upin_00005549	XLOC_003657	XLOC_003657
Upin_00005927	XLOC_003657	XLOC_003657
Upin_00005550	XLOC_003658	XLOC_003658
Upin_00005551	XLOC_003659	XLOC_003659
Upin_00005552	XLOC_003660	XLOC_003660
Upin_00005722	XLOC_003887	XLOC_003887
Upin_00005553	XLOC_003661	XLOC_003661
Upin_00005723	XLOC_003888	XLOC_003888
Upin_00006099	XLOC_003888	XLOC_003888
Upin_00005724	XLOC_003889	XLOC_003889
Upin_00005554	XLOC_003663	XLOC_003663
Upin_00005725	XLOC_003890	XLOC_003890
Upin_00005555	XLOC_003664	XLOC_003664
Upin_00005933	XLOC_003664	XLOC_003664
Upin_00005726	XLOC_003891	XLOC_003891
Upin_00005934	XLOC_003665	XLOC_003665
Upin_00005727	XLOC_003892	XLOC_003892
Upin_00005728	XLOC_003893	XLOC_003893
Upin_00005557	XLOC_003666	XLOC_003666
Upin_00005729	XLOC_003894	XLOC_003894
Upin_00005730	XLOC_003895	XLOC_003895
Upin_00005731	XLOC_003896	XLOC_003896
Upin_00005558	XLOC_003668	XLOC_003668
Upin_00005938	XLOC_003668	XLOC_003668
Upin_00005732	XLOC_003897	XLOC_003897
Upin_00005733	XLOC_003898	XLOC_003898
Upin_00006103	XLOC_003898	XLOC_003898
Upin_00005941	XLOC_003671	XLOC_003671
Upin_00005559	XLOC_003672	XLOC_003672
Upin_00005734	XLOC_003899	XLOC_003899
Upin_00005735	XLOC_003900	XLOC_003900
Upin_00005736	XLOC_003901	XLOC_003901
Upin_00006108	XLOC_003901	XLOC_003901
Upin_00005737	XLOC_003902	XLOC_003902
Upin_00006110	XLOC_003903	XLOC_003903
Upin_00005944	XLOC_003675	XLOC_003675
Upin_00005560	XLOC_003675	XLOC_003675
Upin_00005561	XLOC_003676	XLOC_003676
Upin_00005738	XLOC_003904	XLOC_003904
Upin_00005739	XLOC_003905	XLOC_003905
Upin_00005562	XLOC_003677	XLOC_003677
Upin_00005740	XLOC_003906	XLOC_003906
Upin_00005563	XLOC_003678	XLOC_003678
Upin_00005564	XLOC_003679	XLOC_003679
Upin_00005741	XLOC_003907	XLOC_003907
Upin_00005742	XLOC_003908	XLOC_003908
Upin_00005565	XLOC_003680	XLOC_003680
Upin_00005566	XLOC_003681	XLOC_003681
Upin_00005743	XLOC_003909	XLOC_003909
Upin_00006111	XLOC_003910	XLOC_003910
Upin_00005567	XLOC_003682	XLOC_003682
Upin_00005746	XLOC_003912	XLOC_003912
Upin_00005945	XLOC_003683	XLOC_003683
Upin_00005946	XLOC_003684	XLOC_003684
Upin_00005947	XLOC_003685	XLOC_003685
Upin_00006116	XLOC_003913	XLOC_003913
Upin_00005747	XLOC_003914	XLOC_003914
Upin_00005568	XLOC_003686	XLOC_003686
Upin_00006117	XLOC_003915	XLOC_003915
Upin_00005748	XLOC_003916	XLOC_003916
Upin_00006118	XLOC_003917	XLOC_003917
Upin_00005950	XLOC_003688	XLOC_003688
Upin_00006119	XLOC_003918	XLOC_003918
Upin_00005569	XLOC_003689	XLOC_003689
Upin_00005749	XLOC_003919	XLOC_003919
Upin_00005570	XLOC_003690	XLOC_003690
Upin_00005571	XLOC_003691	XLOC_003691
Upin_00005750	XLOC_003920	XLOC_003920
Upin_00005572	XLOC_003692	XLOC_003692
Upin_00005751	XLOC_003921	XLOC_003921
Upin_00005573	XLOC_003694	XLOC_003694
Upin_00005952	XLOC_003694	XLOC_003694
Upin_00005953	XLOC_003694	XLOC_003694
Upin_00005574	XLOC_003695	XLOC_003695
Upin_00005752	XLOC_003922	XLOC_003922
Upin_00005954	XLOC_003696	XLOC_003696
Upin_00005753	XLOC_003924	XLOC_003924
Upin_00005575	XLOC_003697	XLOC_003697
Upin_00005576	XLOC_003698	XLOC_003698
Upin_00005754	XLOC_003926	XLOC_003926
Upin_00005577	XLOC_003699	XLOC_003699
Upin_00005578	XLOC_003700	XLOC_003700
Upin_00005957	XLOC_003700	XLOC_003700
Upin_00005958	XLOC_003700	XLOC_003700
Upin_00005755	XLOC_003927	XLOC_003927
Upin_00005579	XLOC_003701	XLOC_003701
Upin_00005580	XLOC_003702	XLOC_003702
Upin_00005756	XLOC_003930	XLOC_003930
Upin_00005581	XLOC_003705	XLOC_003705
Upin_00005758	XLOC_003932	XLOC_003932
Upin_00006127	XLOC_003934	XLOC_003934
Upin_00005583	XLOC_003707	XLOC_003707
Upin_00005584	XLOC_003708	XLOC_003708
Upin_00005759	XLOC_003935	XLOC_003935
Upin_00005760	XLOC_003936	XLOC_003936
Upin_00005761	XLOC_003937	XLOC_003937
Upin_00006128	XLOC_003937	XLOC_003937
Upin_00005762	XLOC_003938	XLOC_003938
Upin_00005763	XLOC_003939	XLOC_003939
Upin_00006129	XLOC_003940	XLOC_003940
Upin_00006130	XLOC_003941	XLOC_003941
Upin_00005764	XLOC_003942	XLOC_003942
Upin_00005963	XLOC_003710	XLOC_003710
Upin_00006131	XLOC_003943	XLOC_003943
Upin_00005765	XLOC_003943	XLOC_003943
Upin_00006132	XLOC_003943	XLOC_003943
Upin_00006133	XLOC_003943	XLOC_003943
Upin_00005587	XLOC_003712	XLOC_003712
Upin_00005766	XLOC_003944	XLOC_003944
Upin_00005588	XLOC_003713	XLOC_003713
Upin_00005767	XLOC_003945	XLOC_003945
Upin_00005768	XLOC_003946	XLOC_003946
Upin_00005965	XLOC_003714	XLOC_003714
Upin_00005590	XLOC_003715	XLOC_003715
Upin_00005769	XLOC_003947	XLOC_003947
Upin_00005770	XLOC_003948	XLOC_003948
Upin_00005771	XLOC_003949	XLOC_003949
Upin_00006134	XLOC_003949	XLOC_003949
Upin_00005966	XLOC_003716	XLOC_003716
Upin_00005772	XLOC_003950	XLOC_003950
Upin_00005591	XLOC_003717	XLOC_003717
Upin_00005967	XLOC_003718	XLOC_003718
Upin_00005774	XLOC_003951	XLOC_003951
Upin_00005592	XLOC_003719	XLOC_003719
Upin_00005969	XLOC_003720	XLOC_003720
Upin_00005593	XLOC_003720	XLOC_003720
Upin_00005594	XLOC_003721	XLOC_003721
Upin_00005775	XLOC_003953	XLOC_003953
Upin_00005776	XLOC_003954	XLOC_003954
Upin_00006139	XLOC_003954	XLOC_003954
Upin_00005595	XLOC_003722	XLOC_003722
Upin_00005777	XLOC_003955	XLOC_003955
Upin_00006140	XLOC_003955	XLOC_003955
Upin_00005972	XLOC_003723	XLOC_003723
Upin_00005596	XLOC_003723	XLOC_003723
Upin_00005778	XLOC_003956	XLOC_003956
Upin_00005597	XLOC_003725	XLOC_003725
Upin_00005975	XLOC_003726	XLOC_003726
Upin_00005598	XLOC_003727	XLOC_003727
Upin_00005599	XLOC_003728	XLOC_003728
Upin_00005780	XLOC_003957	XLOC_003957
Upin_00005976	XLOC_003729	XLOC_003729
Upin_00005601	XLOC_003730	XLOC_003730
Upin_00005781	XLOC_003958	XLOC_003958
Upin_00005602	XLOC_003731	XLOC_003731
Upin_00005603	XLOC_003732	XLOC_003732
Upin_00006144	XLOC_003959	XLOC_003959
Upin_00005782	XLOC_003959	XLOC_003959
Upin_00005979	XLOC_003733	XLOC_003733
Upin_00005605	XLOC_003734	XLOC_003734
Upin_00005980	XLOC_003735	XLOC_003735
Upin_00005783	XLOC_003960	XLOC_003960
Upin_00005606	XLOC_003738	XLOC_003738
Upin_00005784	XLOC_003962	XLOC_003962
Upin_00006147	XLOC_003963	XLOC_003963
Upin_00005607	XLOC_003739	XLOC_003739
Upin_00005785	XLOC_003964	XLOC_003964
Upin_00005608	XLOC_003740	XLOC_003740
Upin_00005984	XLOC_003740	XLOC_003740
Upin_00005786	XLOC_003965	XLOC_003965
Upin_00005610	XLOC_003741	XLOC_003741
Upin_00005787	XLOC_003966	XLOC_003966
Upin_00006151	XLOC_003966	XLOC_003966
Upin_00005788	XLOC_003967	XLOC_003967
Upin_00005611	XLOC_003743	XLOC_003743
Upin_00005789	XLOC_003969	XLOC_003969
Upin_00006154	XLOC_003970	XLOC_003970
Upin_00006724	XLOC_004222	XLOC_004222
Upin_00006155	XLOC_003971	XLOC_003971
Upin_00006156	XLOC_003972	XLOC_003972
Upin_00006157	XLOC_003973	XLOC_003973
Upin_00006158	XLOC_003974	XLOC_003974
Upin_00006159	XLOC_003975	XLOC_003975
Upin_00006527	XLOC_003976	XLOC_003976
Upin_00006340	XLOC_004224	XLOC_004224
Upin_00006726	XLOC_004224	XLOC_004224
Upin_00006528	XLOC_003977	XLOC_003977
Upin_00006341	XLOC_004225	XLOC_004225
Upin_00006160	XLOC_003979	XLOC_003979
Upin_00006531	XLOC_003980	XLOC_003980
Upin_00006342	XLOC_004226	XLOC_004226
Upin_00006162	XLOC_003981	XLOC_003981
Upin_00006727	XLOC_004227	XLOC_004227
Upin_00006343	XLOC_004228	XLOC_004228
Upin_00006163	XLOC_003982	XLOC_003982
Upin_00006728	XLOC_004229	XLOC_004229
Upin_00006345	XLOC_004230	XLOC_004230
Upin_00006730	XLOC_004230	XLOC_004230
Upin_00006347	XLOC_004231	XLOC_004231
Upin_00006348	XLOC_004232	XLOC_004232
Upin_00006349	XLOC_004233	XLOC_004233
Upin_00006164	XLOC_003983	XLOC_003983
Upin_00006350	XLOC_004234	XLOC_004234
Upin_00006738	XLOC_004236	XLOC_004236
Upin_00006353	XLOC_004237	XLOC_004237
Upin_00006165	XLOC_003984	XLOC_003984
Upin_00006354	XLOC_004238	XLOC_004238
Upin_00006166	XLOC_003986	XLOC_003986
Upin_00006355	XLOC_004239	XLOC_004239
Upin_00006356	XLOC_004240	XLOC_004240
Upin_00006357	XLOC_004241	XLOC_004241
Upin_00006167	XLOC_003987	XLOC_003987
Upin_00006358	XLOC_004242	XLOC_004242
Upin_00006740	XLOC_004242	XLOC_004242
Upin_00006168	XLOC_003988	XLOC_003988
Upin_00006741	XLOC_004243	XLOC_004243
Upin_00006170	XLOC_003989	XLOC_003989
Upin_00006360	XLOC_004244	XLOC_004244
Upin_00006537	XLOC_003990	XLOC_003990
Upin_00006538	XLOC_003991	XLOC_003991
Upin_00006361	XLOC_004245	XLOC_004245
Upin_00006172	XLOC_003992	XLOC_003992
Upin_00006362	XLOC_004246	XLOC_004246
Upin_00006743	XLOC_004246	XLOC_004246
Upin_00006364	XLOC_004247	XLOC_004247
Upin_00006744	XLOC_004248	XLOC_004248
Upin_00006540	XLOC_003993	XLOC_003993
Upin_00006173	XLOC_003994	XLOC_003994
Upin_00006541	XLOC_003994	XLOC_003994
Upin_00006365	XLOC_004249	XLOC_004249
Upin_00006543	XLOC_003996	XLOC_003996
Upin_00006174	XLOC_003997	XLOC_003997
Upin_00006366	XLOC_004250	XLOC_004250
Upin_00006367	XLOC_004251	XLOC_004251
Upin_00006368	XLOC_004252	XLOC_004252
Upin_00006746	XLOC_004252	XLOC_004252
Upin_00006175	XLOC_003998	XLOC_003998
Upin_00006369	XLOC_004253	XLOC_004253
Upin_00006370	XLOC_004254	XLOC_004254
Upin_00006546	XLOC_003999	XLOC_003999
Upin_00006747	XLOC_004255	XLOC_004255
Upin_00006371	XLOC_004255	XLOC_004255
Upin_00006372	XLOC_004256	XLOC_004256
Upin_00006749	XLOC_004256	XLOC_004256
Upin_00006547	XLOC_004000	XLOC_004000
Upin_00006373	XLOC_004257	XLOC_004257
Upin_00006375	XLOC_004259	XLOC_004259
Upin_00006750	XLOC_004260	XLOC_004260
Upin_00006376	XLOC_004260	XLOC_004260
Upin_00006178	XLOC_004001	XLOC_004001
Upin_00006548	XLOC_004002	XLOC_004002
Upin_00006179	XLOC_004002	XLOC_004002
Upin_00006377	XLOC_004261	XLOC_004261
Upin_00006180	XLOC_004003	XLOC_004003
Upin_00006181	XLOC_004004	XLOC_004004
Upin_00006550	XLOC_004004	XLOC_004004
Upin_00006182	XLOC_004006	XLOC_004006
Upin_00006752	XLOC_004262	XLOC_004262
Upin_00006183	XLOC_004007	XLOC_004007
Upin_00006753	XLOC_004263	XLOC_004263
Upin_00006379	XLOC_004264	XLOC_004264
Upin_00006754	XLOC_004264	XLOC_004264
Upin_00006755	XLOC_004264	XLOC_004264
Upin_00006184	XLOC_004008	XLOC_004008
Upin_00006185	XLOC_004009	XLOC_004009
Upin_00006186	XLOC_004010	XLOC_004010
Upin_00006557	XLOC_004010	XLOC_004010
Upin_00006187	XLOC_004011	XLOC_004011
Upin_00006380	XLOC_004265	XLOC_004265
Upin_00006756	XLOC_004265	XLOC_004265
Upin_00006757	XLOC_004265	XLOC_004265
Upin_00006758	XLOC_004266	XLOC_004266
Upin_00006559	XLOC_004012	XLOC_004012
Upin_00006188	XLOC_004013	XLOC_004013
Upin_00006381	XLOC_004267	XLOC_004267
Upin_00006189	XLOC_004014	XLOC_004014
Upin_00006190	XLOC_004015	XLOC_004015
Upin_00006382	XLOC_004268	XLOC_004268
Upin_00006383	XLOC_004269	XLOC_004269
Upin_00006384	XLOC_004270	XLOC_004270
Upin_00006762	XLOC_004271	XLOC_004271
Upin_00006191	XLOC_004016	XLOC_004016
Upin_00006562	XLOC_004017	XLOC_004017
Upin_00006763	XLOC_004272	XLOC_004272
Upin_00006385	XLOC_004272	XLOC_004272
Upin_00006192	XLOC_004018	XLOC_004018
Upin_00006193	XLOC_004019	XLOC_004019
Upin_00006563	XLOC_004019	XLOC_004019
Upin_00006764	XLOC_004273	XLOC_004273
Upin_00006194	XLOC_004020	XLOC_004020
Upin_00006386	XLOC_004274	XLOC_004274
Upin_00006387	XLOC_004275	XLOC_004275
Upin_00006765	XLOC_004275	XLOC_004275
Upin_00006195	XLOC_004021	XLOC_004021
Upin_00006564	XLOC_004021	XLOC_004021
Upin_00006565	XLOC_004022	XLOC_004022
Upin_00006196	XLOC_004023	XLOC_004023
Upin_00006766	XLOC_004276	XLOC_004276
Upin_00006767	XLOC_004277	XLOC_004277
Upin_00006197	XLOC_004024	XLOC_004024
Upin_00006388	XLOC_004278	XLOC_004278
Upin_00006389	XLOC_004279	XLOC_004279
Upin_00006768	XLOC_004280	XLOC_004280
Upin_00006390	XLOC_004281	XLOC_004281
Upin_00006769	XLOC_004282	XLOC_004282
Upin_00006198	XLOC_004025	XLOC_004025
Upin_00006199	XLOC_004026	XLOC_004026
Upin_00006567	XLOC_004026	XLOC_004026
Upin_00006200	XLOC_004027	XLOC_004027
Upin_00006201	XLOC_004028	XLOC_004028
Upin_00006568	XLOC_004028	XLOC_004028
Upin_00006569	XLOC_004028	XLOC_004028
Upin_00006202	XLOC_004029	XLOC_004029
Upin_00006391	XLOC_004283	XLOC_004283
Upin_00006203	XLOC_004030	XLOC_004030
Upin_00006570	XLOC_004030	XLOC_004030
Upin_00006392	XLOC_004284	XLOC_004284
Upin_00006204	XLOC_004031	XLOC_004031
Upin_00006770	XLOC_004285	XLOC_004285
Upin_00006393	XLOC_004285	XLOC_004285
Upin_00006771	XLOC_004286	XLOC_004286
Upin_00006394	XLOC_004286	XLOC_004286
Upin_00006395	XLOC_004287	XLOC_004287
Upin_00006396	XLOC_004288	XLOC_004288
Upin_00006772	XLOC_004288	XLOC_004288
Upin_00006574	XLOC_004033	XLOC_004033
Upin_00006397	XLOC_004289	XLOC_004289
Upin_00006398	XLOC_004290	XLOC_004290
Upin_00006205	XLOC_004034	XLOC_004034
Upin_00006399	XLOC_004291	XLOC_004291
Upin_00006775	XLOC_004291	XLOC_004291
Upin_00006206	XLOC_004035	XLOC_004035
Upin_00006400	XLOC_004292	XLOC_004292
Upin_00006776	XLOC_004292	XLOC_004292
Upin_00006777	XLOC_004292	XLOC_004292
Upin_00006778	XLOC_004293	XLOC_004293
Upin_00006576	XLOC_004037	XLOC_004037
Upin_00006207	XLOC_004037	XLOC_004037
Upin_00006779	XLOC_004294	XLOC_004294
Upin_00006208	XLOC_004038	XLOC_004038
Upin_00006401	XLOC_004295	XLOC_004295
Upin_00006780	XLOC_004295	XLOC_004295
Upin_00006402	XLOC_004296	XLOC_004296
Upin_00006781	XLOC_004296	XLOC_004296
Upin_00006578	XLOC_004039	XLOC_004039
Upin_00006209	XLOC_004040	XLOC_004040
Upin_00006579	XLOC_004040	XLOC_004040
Upin_00006580	XLOC_004040	XLOC_004040
Upin_00006403	XLOC_004297	XLOC_004297
Upin_00006581	XLOC_004041	XLOC_004041
Upin_00006404	XLOC_004298	XLOC_004298
Upin_00006782	XLOC_004299	XLOC_004299
Upin_00006405	XLOC_004300	XLOC_004300
Upin_00006783	XLOC_004300	XLOC_004300
Upin_00006210	XLOC_004042	XLOC_004042
Upin_00006406	XLOC_004301	XLOC_004301
Upin_00006582	XLOC_004043	XLOC_004043
Upin_00006784	XLOC_004302	XLOC_004302
Upin_00006407	XLOC_004302	XLOC_004302
Upin_00006408	XLOC_004303	XLOC_004303
Upin_00006785	XLOC_004303	XLOC_004303
Upin_00006583	XLOC_004044	XLOC_004044
Upin_00006787	XLOC_004304	XLOC_004304
Upin_00006211	XLOC_004046	XLOC_004046
Upin_00006213	XLOC_004047	XLOC_004047
Upin_00006788	XLOC_004306	XLOC_004306
Upin_00006214	XLOC_004048	XLOC_004048
Upin_00006587	XLOC_004048	XLOC_004048
Upin_00006789	XLOC_004307	XLOC_004307
Upin_00006790	XLOC_004308	XLOC_004308
Upin_00006410	XLOC_004308	XLOC_004308
Upin_00006215	XLOC_004049	XLOC_004049
Upin_00006216	XLOC_004050	XLOC_004050
Upin_00006411	XLOC_004309	XLOC_004309
Upin_00006412	XLOC_004310	XLOC_004310
Upin_00006589	XLOC_004051	XLOC_004051
Upin_00006791	XLOC_004311	XLOC_004311
Upin_00006413	XLOC_004311	XLOC_004311
Upin_00006792	XLOC_004311	XLOC_004311
Upin_00006793	XLOC_004311	XLOC_004311
Upin_00006218	XLOC_004052	XLOC_004052
Upin_00006590	XLOC_004052	XLOC_004052
Upin_00006795	XLOC_004313	XLOC_004313
Upin_00006219	XLOC_004053	XLOC_004053
Upin_00006591	XLOC_004053	XLOC_004053
Upin_00006414	XLOC_004314	XLOC_004314
Upin_00006796	XLOC_004314	XLOC_004314
Upin_00006592	XLOC_004054	XLOC_004054
Upin_00006415	XLOC_004315	XLOC_004315
Upin_00006594	XLOC_004056	XLOC_004056
Upin_00006595	XLOC_004057	XLOC_004057
Upin_00006416	XLOC_004316	XLOC_004316
Upin_00006596	XLOC_004058	XLOC_004058
Upin_00006597	XLOC_004059	XLOC_004059
Upin_00006417	XLOC_004317	XLOC_004317
Upin_00006797	XLOC_004317	XLOC_004317
Upin_00006220	XLOC_004060	XLOC_004060
Upin_00006599	XLOC_004060	XLOC_004060
Upin_00006798	XLOC_004318	XLOC_004318
Upin_00006799	XLOC_004319	XLOC_004319
Upin_00006418	XLOC_004319	XLOC_004319
Upin_00006800	XLOC_004319	XLOC_004319
Upin_00006801	XLOC_004319	XLOC_004319
Upin_00006221	XLOC_004061	XLOC_004061
Upin_00006602	XLOC_004063	XLOC_004063
Upin_00006802	XLOC_004320	XLOC_004320
Upin_00006419	XLOC_004321	XLOC_004321
Upin_00006803	XLOC_004321	XLOC_004321
Upin_00006804	XLOC_004321	XLOC_004321
Upin_00006222	XLOC_004064	XLOC_004064
Upin_00006604	XLOC_004065	XLOC_004065
Upin_00006805	XLOC_004322	XLOC_004322
Upin_00006420	XLOC_004323	XLOC_004323
Upin_00006223	XLOC_004066	XLOC_004066
Upin_00006806	XLOC_004324	XLOC_004324
Upin_00006421	XLOC_004325	XLOC_004325
Upin_00006807	XLOC_004325	XLOC_004325
Upin_00006422	XLOC_004326	XLOC_004326
Upin_00006224	XLOC_004067	XLOC_004067
Upin_00006606	XLOC_004067	XLOC_004067
Upin_00006225	XLOC_004068	XLOC_004068
Upin_00006607	XLOC_004069	XLOC_004069
Upin_00006808	XLOC_004327	XLOC_004327
Upin_00006226	XLOC_004070	XLOC_004070
Upin_00006809	XLOC_004328	XLOC_004328
Upin_00006608	XLOC_004071	XLOC_004071
Upin_00006227	XLOC_004071	XLOC_004071
Upin_00006424	XLOC_004330	XLOC_004330
Upin_00006228	XLOC_004072	XLOC_004072
Upin_00006811	XLOC_004331	XLOC_004331
Upin_00006425	XLOC_004332	XLOC_004332
Upin_00006812	XLOC_004332	XLOC_004332
Upin_00006426	XLOC_004333	XLOC_004333
Upin_00006813	XLOC_004333	XLOC_004333
Upin_00006229	XLOC_004074	XLOC_004074
Upin_00006814	XLOC_004334	XLOC_004334
Upin_00006427	XLOC_004335	XLOC_004335
Upin_00006815	XLOC_004335	XLOC_004335
Upin_00006816	XLOC_004335	XLOC_004335
Upin_00006230	XLOC_004075	XLOC_004075
Upin_00006428	XLOC_004336	XLOC_004336
Upin_00006610	XLOC_004076	XLOC_004076
Upin_00006231	XLOC_004076	XLOC_004076
Upin_00006429	XLOC_004337	XLOC_004337
Upin_00006232	XLOC_004077	XLOC_004077
Upin_00006430	XLOC_004338	XLOC_004338
Upin_00006233	XLOC_004078	XLOC_004078
Upin_00006234	XLOC_004079	XLOC_004079
Upin_00006431	XLOC_004339	XLOC_004339
Upin_00006818	XLOC_004340	XLOC_004340
Upin_00006433	XLOC_004341	XLOC_004341
Upin_00006819	XLOC_004341	XLOC_004341
Upin_00006235	XLOC_004081	XLOC_004081
Upin_00006820	XLOC_004342	XLOC_004342
Upin_00006434	XLOC_004342	XLOC_004342
Upin_00006435	XLOC_004343	XLOC_004343
Upin_00006821	XLOC_004343	XLOC_004343
Upin_00006236	XLOC_004082	XLOC_004082
Upin_00006237	XLOC_004083	XLOC_004083
Upin_00006613	XLOC_004083	XLOC_004083
Upin_00006436	XLOC_004344	XLOC_004344
Upin_00006822	XLOC_004344	XLOC_004344
Upin_00006614	XLOC_004084	XLOC_004084
Upin_00006238	XLOC_004084	XLOC_004084
Upin_00006823	XLOC_004345	XLOC_004345
Upin_00006826	XLOC_004345	XLOC_004345
Upin_00006827	XLOC_004345	XLOC_004345
Upin_00006438	XLOC_004346	XLOC_004346
Upin_00006439	XLOC_004347	XLOC_004347
Upin_00006616	XLOC_004086	XLOC_004086
Upin_00006440	XLOC_004348	XLOC_004348
Upin_00006829	XLOC_004348	XLOC_004348
Upin_00006617	XLOC_004088	XLOC_004088
Upin_00006241	XLOC_004089	XLOC_004089
Upin_00006830	XLOC_004349	XLOC_004349
Upin_00006242	XLOC_004090	XLOC_004090
Upin_00006441	XLOC_004350	XLOC_004350
Upin_00006442	XLOC_004351	XLOC_004351
Upin_00006443	XLOC_004352	XLOC_004352
Upin_00006243	XLOC_004091	XLOC_004091
Upin_00006831	XLOC_004353	XLOC_004353
Upin_00006444	XLOC_004354	XLOC_004354
Upin_00006244	XLOC_004092	XLOC_004092
Upin_00006445	XLOC_004355	XLOC_004355
Upin_00006832	XLOC_004355	XLOC_004355
Upin_00006446	XLOC_004356	XLOC_004356
Upin_00006619	XLOC_004093	XLOC_004093
Upin_00006245	XLOC_004094	XLOC_004094
Upin_00006447	XLOC_004357	XLOC_004357
Upin_00006620	XLOC_004095	XLOC_004095
Upin_00006448	XLOC_004358	XLOC_004358
Upin_00006621	XLOC_004096	XLOC_004096
Upin_00006449	XLOC_004359	XLOC_004359
Upin_00006833	XLOC_004359	XLOC_004359
Upin_00006834	XLOC_004360	XLOC_004360
Upin_00006450	XLOC_004361	XLOC_004361
Upin_00006835	XLOC_004361	XLOC_004361
Upin_00006246	XLOC_004097	XLOC_004097
Upin_00006836	XLOC_004362	XLOC_004362
Upin_00006451	XLOC_004362	XLOC_004362
Upin_00006837	XLOC_004362	XLOC_004362
Upin_00006247	XLOC_004098	XLOC_004098
Upin_00006623	XLOC_004098	XLOC_004098
Upin_00006248	XLOC_004099	XLOC_004099
Upin_00006452	XLOC_004363	XLOC_004363
Upin_00006249	XLOC_004100	XLOC_004100
Upin_00006628	XLOC_004101	XLOC_004101
Upin_00006629	XLOC_004102	XLOC_004102
Upin_00006250	XLOC_004103	XLOC_004103
Upin_00006251	XLOC_004104	XLOC_004104
Upin_00006252	XLOC_004105	XLOC_004105
Upin_00006254	XLOC_004107	XLOC_004107
Upin_00006838	XLOC_004364	XLOC_004364
Upin_00006255	XLOC_004108	XLOC_004108
Upin_00006257	XLOC_004109	XLOC_004109
Upin_00006454	XLOC_004365	XLOC_004365
Upin_00006632	XLOC_004110	XLOC_004110
Upin_00006455	XLOC_004366	XLOC_004366
Upin_00006258	XLOC_004111	XLOC_004111
Upin_00006839	XLOC_004367	XLOC_004367
Upin_00006633	XLOC_004112	XLOC_004112
Upin_00006634	XLOC_004113	XLOC_004113
Upin_00006840	XLOC_004368	XLOC_004368
Upin_00006456	XLOC_004369	XLOC_004369
Upin_00006457	XLOC_004370	XLOC_004370
Upin_00006841	XLOC_004371	XLOC_004371
Upin_00006458	XLOC_004372	XLOC_004372
Upin_00006842	XLOC_004373	XLOC_004373
Upin_00006260	XLOC_004114	XLOC_004114
Upin_00006635	XLOC_004114	XLOC_004114
Upin_00006459	XLOC_004374	XLOC_004374
Upin_00006843	XLOC_004375	XLOC_004375
Upin_00006844	XLOC_004376	XLOC_004376
Upin_00006846	XLOC_004376	XLOC_004376
Upin_00006847	XLOC_004376	XLOC_004376
Upin_00006261	XLOC_004115	XLOC_004115
Upin_00006636	XLOC_004115	XLOC_004115
Upin_00006848	XLOC_004377	XLOC_004377
Upin_00006262	XLOC_004116	XLOC_004116
Upin_00006637	XLOC_004116	XLOC_004116
Upin_00006463	XLOC_004378	XLOC_004378
Upin_00006849	XLOC_004378	XLOC_004378
Upin_00006263	XLOC_004117	XLOC_004117
Upin_00006850	XLOC_004379	XLOC_004379
Upin_00006638	XLOC_004118	XLOC_004118
Upin_00006465	XLOC_004380	XLOC_004380
Upin_00006265	XLOC_004120	XLOC_004120
Upin_00006466	XLOC_004381	XLOC_004381
Upin_00006467	XLOC_004382	XLOC_004382
Upin_00006851	XLOC_004382	XLOC_004382
Upin_00006266	XLOC_004121	XLOC_004121
Upin_00006852	XLOC_004383	XLOC_004383
Upin_00006268	XLOC_004122	XLOC_004122
Upin_00006269	XLOC_004123	XLOC_004123
Upin_00006853	XLOC_004384	XLOC_004384
Upin_00006468	XLOC_004384	XLOC_004384
Upin_00006854	XLOC_004384	XLOC_004384
Upin_00006270	XLOC_004124	XLOC_004124
Upin_00006855	XLOC_004385	XLOC_004385
Upin_00006469	XLOC_004385	XLOC_004385
Upin_00006856	XLOC_004386	XLOC_004386
Upin_00006645	XLOC_004126	XLOC_004126
Upin_00006470	XLOC_004387	XLOC_004387
Upin_00006857	XLOC_004387	XLOC_004387
Upin_00006858	XLOC_004388	XLOC_004388
Upin_00006271	XLOC_004127	XLOC_004127
Upin_00006647	XLOC_004128	XLOC_004128
Upin_00006273	XLOC_004129	XLOC_004129
Upin_00006648	XLOC_004129	XLOC_004129
Upin_00006859	XLOC_004389	XLOC_004389
Upin_00006274	XLOC_004130	XLOC_004130
Upin_00006860	XLOC_004390	XLOC_004390
Upin_00006472	XLOC_004391	XLOC_004391
Upin_00006275	XLOC_004132	XLOC_004132
Upin_00006861	XLOC_004392	XLOC_004392
Upin_00006862	XLOC_004393	XLOC_004393
Upin_00006276	XLOC_004133	XLOC_004133
Upin_00006473	XLOC_004394	XLOC_004394
Upin_00006653	XLOC_004135	XLOC_004135
Upin_00006655	XLOC_004137	XLOC_004137
Upin_00006474	XLOC_004395	XLOC_004395
Upin_00006656	XLOC_004138	XLOC_004138
Upin_00006657	XLOC_004139	XLOC_004139
Upin_00006278	XLOC_004140	XLOC_004140
Upin_00006863	XLOC_004396	XLOC_004396
Upin_00006279	XLOC_004141	XLOC_004141
Upin_00006476	XLOC_004397	XLOC_004397
Upin_00006864	XLOC_004397	XLOC_004397
Upin_00006865	XLOC_004398	XLOC_004398
Upin_00006477	XLOC_004398	XLOC_004398
Upin_00006659	XLOC_004143	XLOC_004143
Upin_00006478	XLOC_004399	XLOC_004399
Upin_00006866	XLOC_004399	XLOC_004399
Upin_00006867	XLOC_004400	XLOC_004400
Upin_00006479	XLOC_004400	XLOC_004400
Upin_00006280	XLOC_004144	XLOC_004144
Upin_00006868	XLOC_004401	XLOC_004401
Upin_00006869	XLOC_004402	XLOC_004402
Upin_00006870	XLOC_004403	XLOC_004403
Upin_00006480	XLOC_004403	XLOC_004403
Upin_00006871	XLOC_004404	XLOC_004404
Upin_00006481	XLOC_004404	XLOC_004404
Upin_00006872	XLOC_004405	XLOC_004405
Upin_00006482	XLOC_004405	XLOC_004405
Upin_00006483	XLOC_004406	XLOC_004406
Upin_00006281	XLOC_004145	XLOC_004145
Upin_00006873	XLOC_004407	XLOC_004407
Upin_00006484	XLOC_004407	XLOC_004407
Upin_00006874	XLOC_004407	XLOC_004407
Upin_00006282	XLOC_004146	XLOC_004146
Upin_00006283	XLOC_004147	XLOC_004147
Upin_00006485	XLOC_004408	XLOC_004408
Upin_00006875	XLOC_004409	XLOC_004409
Upin_00006284	XLOC_004148	XLOC_004148
Upin_00006664	XLOC_004149	XLOC_004149
Upin_00006285	XLOC_004150	XLOC_004150
Upin_00006487	XLOC_004411	XLOC_004411
Upin_00006489	XLOC_004412	XLOC_004412
Upin_00006876	XLOC_004412	XLOC_004412
Upin_00006877	XLOC_004413	XLOC_004413
Upin_00006286	XLOC_004151	XLOC_004151
Upin_00006490	XLOC_004414	XLOC_004414
Upin_00006878	XLOC_004415	XLOC_004415
Upin_00006491	XLOC_004415	XLOC_004415
Upin_00006288	XLOC_004153	XLOC_004153
Upin_00006492	XLOC_004416	XLOC_004416
Upin_00006879	XLOC_004416	XLOC_004416
Upin_00006880	XLOC_004416	XLOC_004416
Upin_00006881	XLOC_004416	XLOC_004416
Upin_00006290	XLOC_004154	XLOC_004154
Upin_00006882	XLOC_004417	XLOC_004417
Upin_00006291	XLOC_004155	XLOC_004155
Upin_00006671	XLOC_004156	XLOC_004156
Upin_00006883	XLOC_004418	XLOC_004418
Upin_00006493	XLOC_004418	XLOC_004418
Upin_00006884	XLOC_004419	XLOC_004419
Upin_00006292	XLOC_004157	XLOC_004157
Upin_00006673	XLOC_004157	XLOC_004157
Upin_00006885	XLOC_004420	XLOC_004420
Upin_00006494	XLOC_004420	XLOC_004420
Upin_00006293	XLOC_004158	XLOC_004158
Upin_00006674	XLOC_004158	XLOC_004158
Upin_00006294	XLOC_004159	XLOC_004159
Upin_00006887	XLOC_004422	XLOC_004422
Upin_00006676	XLOC_004160	XLOC_004160
Upin_00006495	XLOC_004423	XLOC_004423
Upin_00006888	XLOC_004424	XLOC_004424
Upin_00006296	XLOC_004162	XLOC_004162
Upin_00006678	XLOC_004163	XLOC_004163
Upin_00006679	XLOC_004164	XLOC_004164
Upin_00006497	XLOC_004425	XLOC_004425
Upin_00006297	XLOC_004165	XLOC_004165
Upin_00006298	XLOC_004166	XLOC_004166
Upin_00006680	XLOC_004166	XLOC_004166
Upin_00006681	XLOC_004166	XLOC_004166
Upin_00006498	XLOC_004426	XLOC_004426
Upin_00006682	XLOC_004168	XLOC_004168
Upin_00006683	XLOC_004169	XLOC_004169
Upin_00006499	XLOC_004427	XLOC_004427
Upin_00006684	XLOC_004170	XLOC_004170
Upin_00006889	XLOC_004428	XLOC_004428
Upin_00006300	XLOC_004171	XLOC_004171
Upin_00006890	XLOC_004429	XLOC_004429
Upin_00006301	XLOC_004172	XLOC_004172
Upin_00006891	XLOC_004430	XLOC_004430
Upin_00006500	XLOC_004430	XLOC_004430
Upin_00006892	XLOC_004430	XLOC_004430
Upin_00006302	XLOC_004173	XLOC_004173
Upin_00006501	XLOC_004431	XLOC_004431
Upin_00006303	XLOC_004174	XLOC_004174
Upin_00006502	XLOC_004432	XLOC_004432
Upin_00006893	XLOC_004432	XLOC_004432
Upin_00006685	XLOC_004175	XLOC_004175
Upin_00006304	XLOC_004176	XLOC_004176
Upin_00006503	XLOC_004433	XLOC_004433
Upin_00006686	XLOC_004177	XLOC_004177
Upin_00006504	XLOC_004434	XLOC_004434
Upin_00006505	XLOC_004435	XLOC_004435
Upin_00006688	XLOC_004179	XLOC_004179
Upin_00006689	XLOC_004180	XLOC_004180
Upin_00006305	XLOC_004181	XLOC_004181
Upin_00006894	XLOC_004436	XLOC_004436
Upin_00006306	XLOC_004182	XLOC_004182
Upin_00006506	XLOC_004437	XLOC_004437
Upin_00006307	XLOC_004183	XLOC_004183
Upin_00006308	XLOC_004184	XLOC_004184
Upin_00006507	XLOC_004438	XLOC_004438
Upin_00006896	XLOC_004438	XLOC_004438
Upin_00006309	XLOC_004185	XLOC_004185
Upin_00006508	XLOC_004439	XLOC_004439
Upin_00006897	XLOC_004440	XLOC_004440
Upin_00006310	XLOC_004186	XLOC_004186
Upin_00006691	XLOC_004187	XLOC_004187
Upin_00006312	XLOC_004188	XLOC_004188
Upin_00006313	XLOC_004189	XLOC_004189
Upin_00006510	XLOC_004442	XLOC_004442
Upin_00006899	XLOC_004442	XLOC_004442
Upin_00006900	XLOC_004442	XLOC_004442
Upin_00006901	XLOC_004442	XLOC_004442
Upin_00006902	XLOC_004443	XLOC_004443
Upin_00006511	XLOC_004444	XLOC_004444
Upin_00006903	XLOC_004444	XLOC_004444
Upin_00006314	XLOC_004190	XLOC_004190
Upin_00006693	XLOC_004190	XLOC_004190
Upin_00006694	XLOC_004190	XLOC_004190
Upin_00006904	XLOC_004445	XLOC_004445
Upin_00006905	XLOC_004446	XLOC_004446
Upin_00006906	XLOC_004447	XLOC_004447
Upin_00006513	XLOC_004448	XLOC_004448
Upin_00006315	XLOC_004191	XLOC_004191
Upin_00006514	XLOC_004449	XLOC_004449
Upin_00006316	XLOC_004192	XLOC_004192
Upin_00006695	XLOC_004192	XLOC_004192
Upin_00006696	XLOC_004192	XLOC_004192
Upin_00006907	XLOC_004450	XLOC_004450
Upin_00006515	XLOC_004450	XLOC_004450
Upin_00006698	XLOC_004193	XLOC_004193
Upin_00006699	XLOC_004194	XLOC_004194
Upin_00006317	XLOC_004194	XLOC_004194
Upin_00006516	XLOC_004451	XLOC_004451
Upin_00006318	XLOC_004196	XLOC_004196
Upin_00006319	XLOC_004197	XLOC_004197
Upin_00006320	XLOC_004198	XLOC_004198
Upin_00006703	XLOC_004198	XLOC_004198
Upin_00006321	XLOC_004199	XLOC_004199
Upin_00006706	XLOC_004199	XLOC_004199
Upin_00006707	XLOC_004199	XLOC_004199
Upin_00006322	XLOC_004200	XLOC_004200
Upin_00006517	XLOC_004452	XLOC_004452
Upin_00006909	XLOC_004452	XLOC_004452
Upin_00006323	XLOC_004201	XLOC_004201
Upin_00006713	XLOC_004201	XLOC_004201
Upin_00006324	XLOC_004202	XLOC_004202
Upin_00006714	XLOC_004202	XLOC_004202
Upin_00006910	XLOC_004453	XLOC_004453
Upin_00006911	XLOC_004454	XLOC_004454
Upin_00006518	XLOC_004454	XLOC_004454
Upin_00006912	XLOC_004454	XLOC_004454
Upin_00006519	XLOC_004455	XLOC_004455
Upin_00006325	XLOC_004203	XLOC_004203
Upin_00006716	XLOC_004203	XLOC_004203
Upin_00006913	XLOC_004456	XLOC_004456
Upin_00006326	XLOC_004204	XLOC_004204
Upin_00006327	XLOC_004205	XLOC_004205
Upin_00006521	XLOC_004457	XLOC_004457
Upin_00006914	XLOC_004457	XLOC_004457
Upin_00006915	XLOC_004457	XLOC_004457
Upin_00006916	XLOC_004457	XLOC_004457
Upin_00006522	XLOC_004458	XLOC_004458
Upin_00006917	XLOC_004458	XLOC_004458
Upin_00006328	XLOC_004207	XLOC_004207
Upin_00006718	XLOC_004207	XLOC_004207
Upin_00006329	XLOC_004208	XLOC_004208
Upin_00006331	XLOC_004210	XLOC_004210
Upin_00006332	XLOC_004211	XLOC_004211
Upin_00006333	XLOC_004212	XLOC_004212
Upin_00006334	XLOC_004213	XLOC_004213
Upin_00006335	XLOC_004214	XLOC_004214
Upin_00006918	XLOC_004459	XLOC_004459
Upin_00006523	XLOC_004459	XLOC_004459
Upin_00006919	XLOC_004459	XLOC_004459
Upin_00006524	XLOC_004460	XLOC_004460
Upin_00006336	XLOC_004215	XLOC_004215
Upin_00006719	XLOC_004215	XLOC_004215
Upin_00006920	XLOC_004461	XLOC_004461
Upin_00006525	XLOC_004461	XLOC_004461
Upin_00006921	XLOC_004461	XLOC_004461
Upin_00006922	XLOC_004461	XLOC_004461
Upin_00006923	XLOC_004461	XLOC_004461
Upin_00006721	XLOC_004216	XLOC_004216
Upin_00006337	XLOC_004217	XLOC_004217
Upin_00006338	XLOC_004218	XLOC_004218
Upin_00006339	XLOC_004219	XLOC_004219
Upin_00006722	XLOC_004220	XLOC_004220
Upin_00006723	XLOC_004221	XLOC_004221
Upin_00007335	XLOC_005006	XLOC_005006
Upin_00007776	XLOC_004463	XLOC_004463
Upin_00006924	XLOC_004463	XLOC_004463
Upin_00007336	XLOC_005007	XLOC_005007
Upin_00006925	XLOC_004464	XLOC_004464
Upin_00008214	XLOC_005008	XLOC_005008
Upin_00007337	XLOC_005008	XLOC_005008
Upin_00008216	XLOC_005008	XLOC_005008
Upin_00007778	XLOC_004465	XLOC_004465
Upin_00006926	XLOC_004466	XLOC_004466
Upin_00007780	XLOC_004466	XLOC_004466
Upin_00007781	XLOC_004466	XLOC_004466
Upin_00007779	XLOC_004467	XLOC_004467
Upin_00008218	XLOC_005009	XLOC_005009
Upin_00008219	XLOC_005010	XLOC_005010
Upin_00007782	XLOC_004468	XLOC_004468
Upin_00006927	XLOC_004468	XLOC_004468
Upin_00007784	XLOC_004468	XLOC_004468
Upin_00007783	XLOC_004469	XLOC_004469
Upin_00007338	XLOC_005012	XLOC_005012
Upin_00006928	XLOC_004470	XLOC_004470
Upin_00007785	XLOC_004470	XLOC_004470
Upin_00007786	XLOC_004470	XLOC_004470
Upin_00007787	XLOC_004470	XLOC_004470
Upin_00007788	XLOC_004471	XLOC_004471
Upin_00007339	XLOC_005013	XLOC_005013
Upin_00007789	XLOC_004472	XLOC_004472
Upin_00007340	XLOC_005016	XLOC_005016
Upin_00007341	XLOC_005017	XLOC_005017
Upin_00007342	XLOC_005018	XLOC_005018
Upin_00007343	XLOC_005019	XLOC_005019
Upin_00007790	XLOC_004473	XLOC_004473
Upin_00008225	XLOC_005020	XLOC_005020
Upin_00006929	XLOC_004474	XLOC_004474
Upin_00007344	XLOC_005021	XLOC_005021
Upin_00007791	XLOC_004475	XLOC_004475
Upin_00006930	XLOC_004475	XLOC_004475
Upin_00007792	XLOC_004475	XLOC_004475
Upin_00008228	XLOC_005022	XLOC_005022
Upin_00006931	XLOC_004476	XLOC_004476
Upin_00007345	XLOC_005023	XLOC_005023
Upin_00007346	XLOC_005024	XLOC_005024
Upin_00008229	XLOC_005025	XLOC_005025
Upin_00006932	XLOC_004477	XLOC_004477
Upin_00007793	XLOC_004477	XLOC_004477
Upin_00008230	XLOC_005026	XLOC_005026
Upin_00006933	XLOC_004478	XLOC_004478
Upin_00007794	XLOC_004478	XLOC_004478
Upin_00006934	XLOC_004479	XLOC_004479
Upin_00007348	XLOC_005027	XLOC_005027
Upin_00006935	XLOC_004480	XLOC_004480
Upin_00006936	XLOC_004481	XLOC_004481
Upin_00007795	XLOC_004481	XLOC_004481
Upin_00006938	XLOC_004482	XLOC_004482
Upin_00007796	XLOC_004482	XLOC_004482
Upin_00007349	XLOC_005028	XLOC_005028
Upin_00008232	XLOC_005028	XLOC_005028
Upin_00006940	XLOC_004484	XLOC_004484
Upin_00007797	XLOC_004484	XLOC_004484
Upin_00007350	XLOC_005029	XLOC_005029
Upin_00006941	XLOC_004485	XLOC_004485
Upin_00007798	XLOC_004485	XLOC_004485
Upin_00007351	XLOC_005030	XLOC_005030
Upin_00008236	XLOC_005031	XLOC_005031
Upin_00007352	XLOC_005031	XLOC_005031
Upin_00006942	XLOC_004486	XLOC_004486
Upin_00007799	XLOC_004486	XLOC_004486
Upin_00007353	XLOC_005032	XLOC_005032
Upin_00007354	XLOC_005033	XLOC_005033
Upin_00007355	XLOC_005034	XLOC_005034
Upin_00007356	XLOC_005036	XLOC_005036
Upin_00008239	XLOC_005037	XLOC_005037
Upin_00008240	XLOC_005038	XLOC_005038
Upin_00008241	XLOC_005039	XLOC_005039
Upin_00007357	XLOC_005039	XLOC_005039
Upin_00008242	XLOC_005040	XLOC_005040
Upin_00007800	XLOC_004487	XLOC_004487
Upin_00006943	XLOC_004487	XLOC_004487
Upin_00007358	XLOC_005041	XLOC_005041
Upin_00008244	XLOC_005042	XLOC_005042
Upin_00007359	XLOC_005043	XLOC_005043
Upin_00006944	XLOC_004489	XLOC_004489
Upin_00006945	XLOC_004490	XLOC_004490
Upin_00007803	XLOC_004490	XLOC_004490
Upin_00007360	XLOC_005044	XLOC_005044
Upin_00007361	XLOC_005045	XLOC_005045
Upin_00006946	XLOC_004491	XLOC_004491
Upin_00007804	XLOC_004492	XLOC_004492
Upin_00008245	XLOC_005046	XLOC_005046
Upin_00007805	XLOC_004493	XLOC_004493
Upin_00006947	XLOC_004494	XLOC_004494
Upin_00007363	XLOC_005047	XLOC_005047
Upin_00007806	XLOC_004495	XLOC_004495
Upin_00006948	XLOC_004495	XLOC_004495
Upin_00007364	XLOC_005048	XLOC_005048
Upin_00006949	XLOC_004496	XLOC_004496
Upin_00007807	XLOC_004496	XLOC_004496
Upin_00007808	XLOC_004497	XLOC_004497
Upin_00006950	XLOC_004497	XLOC_004497
Upin_00007365	XLOC_005049	XLOC_005049
Upin_00007809	XLOC_004498	XLOC_004498
Upin_00006951	XLOC_004498	XLOC_004498
Upin_00008247	XLOC_005050	XLOC_005050
Upin_00006952	XLOC_004499	XLOC_004499
Upin_00007367	XLOC_005051	XLOC_005051
Upin_00006953	XLOC_004500	XLOC_004500
Upin_00007368	XLOC_005052	XLOC_005052
Upin_00007369	XLOC_005054	XLOC_005054
Upin_00006954	XLOC_004501	XLOC_004501
Upin_00008250	XLOC_005055	XLOC_005055
Upin_00007370	XLOC_005055	XLOC_005055
Upin_00008251	XLOC_005055	XLOC_005055
Upin_00006955	XLOC_004502	XLOC_004502
Upin_00007371	XLOC_005056	XLOC_005056
Upin_00007810	XLOC_004503	XLOC_004503
Upin_00007372	XLOC_005057	XLOC_005057
Upin_00007373	XLOC_005058	XLOC_005058
Upin_00007374	XLOC_005059	XLOC_005059
Upin_00008254	XLOC_005059	XLOC_005059
Upin_00006956	XLOC_004504	XLOC_004504
Upin_00007811	XLOC_004504	XLOC_004504
Upin_00007812	XLOC_004505	XLOC_004505
Upin_00006957	XLOC_004507	XLOC_004507
Upin_00006958	XLOC_004508	XLOC_004508
Upin_00007375	XLOC_005060	XLOC_005060
Upin_00007816	XLOC_004509	XLOC_004509
Upin_00006959	XLOC_004509	XLOC_004509
Upin_00007817	XLOC_004509	XLOC_004509
Upin_00006960	XLOC_004510	XLOC_004510
Upin_00007818	XLOC_004510	XLOC_004510
Upin_00006961	XLOC_004511	XLOC_004511
Upin_00008256	XLOC_005061	XLOC_005061
Upin_00007819	XLOC_004512	XLOC_004512
Upin_00006962	XLOC_004513	XLOC_004513
Upin_00007820	XLOC_004513	XLOC_004513
Upin_00007821	XLOC_004513	XLOC_004513
Upin_00008257	XLOC_005062	XLOC_005062
Upin_00007822	XLOC_004515	XLOC_004515
Upin_00007377	XLOC_005063	XLOC_005063
Upin_00006964	XLOC_004516	XLOC_004516
Upin_00006965	XLOC_004517	XLOC_004517
Upin_00007823	XLOC_004517	XLOC_004517
Upin_00007824	XLOC_004518	XLOC_004518
Upin_00006966	XLOC_004518	XLOC_004518
Upin_00008260	XLOC_005064	XLOC_005064
Upin_00007379	XLOC_005065	XLOC_005065
Upin_00006967	XLOC_004519	XLOC_004519
Upin_00007380	XLOC_005066	XLOC_005066
Upin_00006968	XLOC_004520	XLOC_004520
Upin_00007826	XLOC_004521	XLOC_004521
Upin_00007381	XLOC_005068	XLOC_005068
Upin_00007827	XLOC_004522	XLOC_004522
Upin_00007382	XLOC_005069	XLOC_005069
Upin_00008265	XLOC_005070	XLOC_005070
Upin_00007383	XLOC_005070	XLOC_005070
Upin_00008267	XLOC_005072	XLOC_005072
Upin_00008268	XLOC_005073	XLOC_005073
Upin_00006969	XLOC_004523	XLOC_004523
Upin_00007828	XLOC_004523	XLOC_004523
Upin_00007829	XLOC_004524	XLOC_004524
Upin_00006970	XLOC_004525	XLOC_004525
Upin_00006971	XLOC_004526	XLOC_004526
Upin_00008269	XLOC_005074	XLOC_005074
Upin_00007384	XLOC_005074	XLOC_005074
Upin_00006972	XLOC_004527	XLOC_004527
Upin_00008270	XLOC_005075	XLOC_005075
Upin_00006973	XLOC_004528	XLOC_004528
Upin_00007830	XLOC_004528	XLOC_004528
Upin_00007831	XLOC_004528	XLOC_004528
Upin_00007832	XLOC_004528	XLOC_004528
Upin_00007386	XLOC_005076	XLOC_005076
Upin_00008272	XLOC_005076	XLOC_005076
Upin_00008273	XLOC_005076	XLOC_005076
Upin_00008275	XLOC_005076	XLOC_005076
Upin_00007833	XLOC_004529	XLOC_004529
Upin_00007834	XLOC_004530	XLOC_004530
Upin_00006975	XLOC_004530	XLOC_004530
Upin_00006976	XLOC_004531	XLOC_004531
Upin_00007835	XLOC_004531	XLOC_004531
Upin_00007836	XLOC_004531	XLOC_004531
Upin_00006977	XLOC_004532	XLOC_004532
Upin_00007387	XLOC_005077	XLOC_005077
Upin_00007837	XLOC_004533	XLOC_004533
Upin_00007388	XLOC_005079	XLOC_005079
Upin_00007838	XLOC_004534	XLOC_004534
Upin_00006979	XLOC_004535	XLOC_004535
Upin_00007839	XLOC_004535	XLOC_004535
Upin_00007840	XLOC_004535	XLOC_004535
Upin_00007841	XLOC_004535	XLOC_004535
Upin_00007842	XLOC_004536	XLOC_004536
Upin_00008279	XLOC_005080	XLOC_005080
Upin_00006980	XLOC_004537	XLOC_004537
Upin_00007843	XLOC_004537	XLOC_004537
Upin_00007844	XLOC_004537	XLOC_004537
Upin_00007845	XLOC_004537	XLOC_004537
Upin_00007846	XLOC_004537	XLOC_004537
Upin_00008280	XLOC_005081	XLOC_005081
Upin_00007847	XLOC_004538	XLOC_004538
Upin_00006981	XLOC_004538	XLOC_004538
Upin_00007848	XLOC_004538	XLOC_004538
Upin_00007849	XLOC_004538	XLOC_004538
Upin_00007850	XLOC_004538	XLOC_004538
Upin_00007851	XLOC_004538	XLOC_004538
Upin_00007391	XLOC_005082	XLOC_005082
Upin_00006982	XLOC_004539	XLOC_004539
Upin_00006983	XLOC_004540	XLOC_004540
Upin_00007852	XLOC_004541	XLOC_004541
Upin_00007853	XLOC_004542	XLOC_004542
Upin_00007854	XLOC_004543	XLOC_004543
Upin_00006984	XLOC_004543	XLOC_004543
Upin_00007855	XLOC_004543	XLOC_004543
Upin_00007392	XLOC_005083	XLOC_005083
Upin_00006985	XLOC_004544	XLOC_004544
Upin_00007856	XLOC_004545	XLOC_004545
Upin_00007393	XLOC_005084	XLOC_005084
Upin_00007394	XLOC_005085	XLOC_005085
Upin_00008285	XLOC_005086	XLOC_005086
Upin_00006986	XLOC_004546	XLOC_004546
Upin_00007857	XLOC_004546	XLOC_004546
Upin_00007396	XLOC_005087	XLOC_005087
Upin_00007858	XLOC_004547	XLOC_004547
Upin_00007397	XLOC_005088	XLOC_005088
Upin_00006987	XLOC_004548	XLOC_004548
Upin_00006988	XLOC_004549	XLOC_004549
Upin_00007859	XLOC_004549	XLOC_004549
Upin_00008287	XLOC_005089	XLOC_005089
Upin_00007398	XLOC_005089	XLOC_005089
Upin_00006989	XLOC_004551	XLOC_004551
Upin_00006990	XLOC_004552	XLOC_004552
Upin_00007861	XLOC_004552	XLOC_004552
Upin_00007399	XLOC_005090	XLOC_005090
Upin_00006991	XLOC_004553	XLOC_004553
Upin_00008289	XLOC_005091	XLOC_005091
Upin_00007400	XLOC_005092	XLOC_005092
Upin_00008292	XLOC_005092	XLOC_005092
Upin_00006992	XLOC_004554	XLOC_004554
Upin_00006993	XLOC_004555	XLOC_004555
Upin_00007862	XLOC_004555	XLOC_004555
Upin_00007863	XLOC_004556	XLOC_004556
Upin_00006994	XLOC_004557	XLOC_004557
Upin_00008294	XLOC_005093	XLOC_005093
Upin_00008295	XLOC_005094	XLOC_005094
Upin_00006995	XLOC_004558	XLOC_004558
Upin_00006996	XLOC_004559	XLOC_004559
Upin_00008297	XLOC_005096	XLOC_005096
Upin_00007864	XLOC_004560	XLOC_004560
Upin_00007402	XLOC_005097	XLOC_005097
Upin_00006997	XLOC_004561	XLOC_004561
Upin_00007865	XLOC_004561	XLOC_004561
Upin_00007866	XLOC_004561	XLOC_004561
Upin_00007867	XLOC_004561	XLOC_004561
Upin_00006998	XLOC_004562	XLOC_004562
Upin_00007868	XLOC_004562	XLOC_004562
Upin_00006999	XLOC_004563	XLOC_004563
Upin_00007869	XLOC_004563	XLOC_004563
Upin_00007403	XLOC_005098	XLOC_005098
Upin_00008298	XLOC_005098	XLOC_005098
Upin_00007000	XLOC_004564	XLOC_004564
Upin_00008300	XLOC_005100	XLOC_005100
Upin_00008301	XLOC_005100	XLOC_005100
Upin_00007870	XLOC_004565	XLOC_004565
Upin_00007001	XLOC_004565	XLOC_004565
Upin_00007405	XLOC_005102	XLOC_005102
Upin_00007002	XLOC_004566	XLOC_004566
Upin_00007406	XLOC_005103	XLOC_005103
Upin_00007407	XLOC_005104	XLOC_005104
Upin_00008305	XLOC_005104	XLOC_005104
Upin_00007408	XLOC_005105	XLOC_005105
Upin_00007871	XLOC_004567	XLOC_004567
Upin_00007409	XLOC_005106	XLOC_005106
Upin_00008307	XLOC_005108	XLOC_005108
Upin_00007004	XLOC_004568	XLOC_004568
Upin_00008308	XLOC_005109	XLOC_005109
Upin_00008309	XLOC_005110	XLOC_005110
Upin_00007872	XLOC_004569	XLOC_004569
Upin_00007412	XLOC_005111	XLOC_005111
Upin_00007413	XLOC_005112	XLOC_005112
Upin_00008310	XLOC_005112	XLOC_005112
Upin_00007873	XLOC_004570	XLOC_004570
Upin_00007006	XLOC_004570	XLOC_004570
Upin_00007414	XLOC_005113	XLOC_005113
Upin_00008311	XLOC_005114	XLOC_005114
Upin_00007874	XLOC_004571	XLOC_004571
Upin_00007415	XLOC_005115	XLOC_005115
Upin_00008313	XLOC_005116	XLOC_005116
Upin_00007875	XLOC_004572	XLOC_004572
Upin_00007416	XLOC_005117	XLOC_005117
Upin_00007008	XLOC_004573	XLOC_004573
Upin_00008315	XLOC_005118	XLOC_005118
Upin_00007417	XLOC_005118	XLOC_005118
Upin_00007876	XLOC_004574	XLOC_004574
Upin_00007009	XLOC_004574	XLOC_004574
Upin_00007010	XLOC_004575	XLOC_004575
Upin_00007877	XLOC_004575	XLOC_004575
Upin_00007879	XLOC_004575	XLOC_004575
Upin_00007880	XLOC_004575	XLOC_004575
Upin_00008317	XLOC_005119	XLOC_005119
Upin_00007418	XLOC_005119	XLOC_005119
Upin_00007419	XLOC_005120	XLOC_005120
Upin_00007881	XLOC_004576	XLOC_004576
Upin_00007420	XLOC_005121	XLOC_005121
Upin_00007011	XLOC_004577	XLOC_004577
Upin_00007012	XLOC_004578	XLOC_004578
Upin_00007882	XLOC_004578	XLOC_004578
Upin_00007421	XLOC_005122	XLOC_005122
Upin_00008318	XLOC_005122	XLOC_005122
Upin_00007422	XLOC_005123	XLOC_005123
Upin_00008319	XLOC_005124	XLOC_005124
Upin_00007883	XLOC_004579	XLOC_004579
Upin_00007013	XLOC_004580	XLOC_004580
Upin_00007884	XLOC_004580	XLOC_004580
Upin_00007423	XLOC_005125	XLOC_005125
Upin_00007885	XLOC_004581	XLOC_004581
Upin_00007014	XLOC_004581	XLOC_004581
Upin_00007886	XLOC_004581	XLOC_004581
Upin_00008321	XLOC_005126	XLOC_005126
Upin_00007424	XLOC_005126	XLOC_005126
Upin_00007887	XLOC_004582	XLOC_004582
Upin_00007888	XLOC_004583	XLOC_004583
Upin_00007425	XLOC_005127	XLOC_005127
Upin_00008322	XLOC_005127	XLOC_005127
Upin_00007889	XLOC_004584	XLOC_004584
Upin_00007016	XLOC_004585	XLOC_004585
Upin_00007017	XLOC_004586	XLOC_004586
Upin_00007018	XLOC_004587	XLOC_004587
Upin_00007891	XLOC_004588	XLOC_004588
Upin_00007426	XLOC_005128	XLOC_005128
Upin_00008325	XLOC_005128	XLOC_005128
Upin_00007019	XLOC_004589	XLOC_004589
Upin_00007892	XLOC_004589	XLOC_004589
Upin_00008326	XLOC_005129	XLOC_005129
Upin_00007427	XLOC_005129	XLOC_005129
Upin_00007428	XLOC_005130	XLOC_005130
Upin_00008327	XLOC_005130	XLOC_005130
Upin_00007021	XLOC_004590	XLOC_004590
Upin_00008328	XLOC_005131	XLOC_005131
Upin_00007022	XLOC_004591	XLOC_004591
Upin_00007023	XLOC_004592	XLOC_004592
Upin_00007893	XLOC_004593	XLOC_004593
Upin_00007024	XLOC_004593	XLOC_004593
Upin_00007894	XLOC_004593	XLOC_004593
Upin_00007025	XLOC_004594	XLOC_004594
Upin_00007026	XLOC_004595	XLOC_004595
Upin_00007895	XLOC_004595	XLOC_004595
Upin_00007896	XLOC_004596	XLOC_004596
Upin_00008330	XLOC_005133	XLOC_005133
Upin_00007027	XLOC_004597	XLOC_004597
Upin_00008331	XLOC_005134	XLOC_005134
Upin_00007429	XLOC_005134	XLOC_005134
Upin_00008332	XLOC_005135	XLOC_005135
Upin_00007430	XLOC_005136	XLOC_005136
Upin_00008333	XLOC_005136	XLOC_005136
Upin_00007897	XLOC_004598	XLOC_004598
Upin_00007431	XLOC_005137	XLOC_005137
Upin_00007432	XLOC_005138	XLOC_005138
Upin_00007029	XLOC_004599	XLOC_004599
Upin_00007898	XLOC_004599	XLOC_004599
Upin_00007899	XLOC_004600	XLOC_004600
Upin_00007030	XLOC_004601	XLOC_004601
Upin_00007900	XLOC_004602	XLOC_004602
Upin_00007434	XLOC_005139	XLOC_005139
Upin_00007031	XLOC_004603	XLOC_004603
Upin_00007435	XLOC_005140	XLOC_005140
Upin_00008338	XLOC_005140	XLOC_005140
Upin_00007032	XLOC_004604	XLOC_004604
Upin_00007033	XLOC_004605	XLOC_004605
Upin_00007034	XLOC_004606	XLOC_004606
Upin_00007902	XLOC_004607	XLOC_004607
Upin_00008340	XLOC_005142	XLOC_005142
Upin_00007436	XLOC_005143	XLOC_005143
Upin_00007903	XLOC_004608	XLOC_004608
Upin_00007437	XLOC_005144	XLOC_005144
Upin_00007438	XLOC_005145	XLOC_005145
Upin_00007904	XLOC_004609	XLOC_004609
Upin_00007905	XLOC_004610	XLOC_004610
Upin_00007439	XLOC_005146	XLOC_005146
Upin_00007440	XLOC_005147	XLOC_005147
Upin_00007036	XLOC_004611	XLOC_004611
Upin_00007906	XLOC_004611	XLOC_004611
Upin_00008341	XLOC_005148	XLOC_005148
Upin_00007037	XLOC_004612	XLOC_004612
Upin_00007441	XLOC_005149	XLOC_005149
Upin_00007907	XLOC_004613	XLOC_004613
Upin_00007038	XLOC_004613	XLOC_004613
Upin_00008342	XLOC_005150	XLOC_005150
Upin_00007039	XLOC_004614	XLOC_004614
Upin_00007443	XLOC_005151	XLOC_005151
Upin_00007908	XLOC_004615	XLOC_004615
Upin_00007040	XLOC_004615	XLOC_004615
Upin_00007909	XLOC_004615	XLOC_004615
Upin_00007444	XLOC_005152	XLOC_005152
Upin_00007041	XLOC_004616	XLOC_004616
Upin_00007910	XLOC_004616	XLOC_004616
Upin_00007042	XLOC_004617	XLOC_004617
Upin_00007911	XLOC_004617	XLOC_004617
Upin_00007445	XLOC_005153	XLOC_005153
Upin_00007446	XLOC_005154	XLOC_005154
Upin_00007912	XLOC_004618	XLOC_004618
Upin_00008346	XLOC_005155	XLOC_005155
Upin_00007044	XLOC_004619	XLOC_004619
Upin_00008347	XLOC_005156	XLOC_005156
Upin_00007045	XLOC_004620	XLOC_004620
Upin_00007913	XLOC_004620	XLOC_004620
Upin_00007046	XLOC_004621	XLOC_004621
Upin_00007914	XLOC_004621	XLOC_004621
Upin_00007915	XLOC_004621	XLOC_004621
Upin_00008348	XLOC_005157	XLOC_005157
Upin_00007047	XLOC_004622	XLOC_004622
Upin_00007449	XLOC_005158	XLOC_005158
Upin_00007048	XLOC_004623	XLOC_004623
Upin_00007916	XLOC_004623	XLOC_004623
Upin_00007451	XLOC_005159	XLOC_005159
Upin_00007049	XLOC_004624	XLOC_004624
Upin_00007917	XLOC_004624	XLOC_004624
Upin_00007918	XLOC_004624	XLOC_004624
Upin_00007452	XLOC_005160	XLOC_005160
Upin_00007453	XLOC_005161	XLOC_005161
Upin_00007919	XLOC_004625	XLOC_004625
Upin_00007050	XLOC_004625	XLOC_004625
Upin_00008354	XLOC_005162	XLOC_005162
Upin_00007920	XLOC_004626	XLOC_004626
Upin_00007051	XLOC_004627	XLOC_004627
Upin_00007921	XLOC_004627	XLOC_004627
Upin_00007454	XLOC_005163	XLOC_005163
Upin_00007455	XLOC_005164	XLOC_005164
Upin_00007456	XLOC_005165	XLOC_005165
Upin_00007053	XLOC_004628	XLOC_004628
Upin_00007457	XLOC_005166	XLOC_005166
Upin_00007458	XLOC_005167	XLOC_005167
Upin_00007054	XLOC_004629	XLOC_004629
Upin_00007924	XLOC_004629	XLOC_004629
Upin_00007459	XLOC_005168	XLOC_005168
Upin_00007055	XLOC_004630	XLOC_004630
Upin_00007925	XLOC_004630	XLOC_004630
Upin_00007056	XLOC_004631	XLOC_004631
Upin_00007926	XLOC_004631	XLOC_004631
Upin_00007460	XLOC_005169	XLOC_005169
Upin_00007058	XLOC_004632	XLOC_004632
Upin_00008358	XLOC_005170	XLOC_005170
Upin_00007927	XLOC_004633	XLOC_004633
Upin_00007928	XLOC_004634	XLOC_004634
Upin_00007461	XLOC_005171	XLOC_005171
Upin_00008360	XLOC_005172	XLOC_005172
Upin_00007059	XLOC_004635	XLOC_004635
Upin_00008361	XLOC_005173	XLOC_005173
Upin_00007060	XLOC_004636	XLOC_004636
Upin_00007929	XLOC_004636	XLOC_004636
Upin_00008362	XLOC_005174	XLOC_005174
Upin_00008364	XLOC_005176	XLOC_005176
Upin_00007061	XLOC_004637	XLOC_004637
Upin_00007464	XLOC_005177	XLOC_005177
Upin_00007930	XLOC_004638	XLOC_004638
Upin_00007465	XLOC_005178	XLOC_005178
Upin_00007062	XLOC_004639	XLOC_004639
Upin_00007931	XLOC_004640	XLOC_004640
Upin_00007063	XLOC_004640	XLOC_004640
Upin_00007467	XLOC_005179	XLOC_005179
Upin_00007932	XLOC_004641	XLOC_004641
Upin_00007064	XLOC_004642	XLOC_004642
Upin_00007934	XLOC_004642	XLOC_004642
Upin_00007468	XLOC_005180	XLOC_005180
Upin_00007065	XLOC_004643	XLOC_004643
Upin_00007937	XLOC_004643	XLOC_004643
Upin_00007469	XLOC_005181	XLOC_005181
Upin_00007066	XLOC_004644	XLOC_004644
Upin_00007470	XLOC_005182	XLOC_005182
Upin_00007471	XLOC_005183	XLOC_005183
Upin_00008373	XLOC_005183	XLOC_005183
Upin_00007067	XLOC_004645	XLOC_004645
Upin_00007939	XLOC_004645	XLOC_004645
Upin_00007068	XLOC_004646	XLOC_004646
Upin_00007069	XLOC_004647	XLOC_004647
Upin_00007940	XLOC_004647	XLOC_004647
Upin_00007070	XLOC_004648	XLOC_004648
Upin_00007472	XLOC_005185	XLOC_005185
Upin_00007473	XLOC_005186	XLOC_005186
Upin_00008375	XLOC_005186	XLOC_005186
Upin_00008377	XLOC_005188	XLOC_005188
Upin_00007474	XLOC_005189	XLOC_005189
Upin_00007071	XLOC_004649	XLOC_004649
Upin_00007942	XLOC_004649	XLOC_004649
Upin_00007943	XLOC_004650	XLOC_004650
Upin_00007944	XLOC_004651	XLOC_004651
Upin_00007945	XLOC_004652	XLOC_004652
Upin_00007072	XLOC_004653	XLOC_004653
Upin_00007946	XLOC_004653	XLOC_004653
Upin_00007475	XLOC_005190	XLOC_005190
Upin_00007073	XLOC_004654	XLOC_004654
Upin_00008379	XLOC_005191	XLOC_005191
Upin_00008380	XLOC_005192	XLOC_005192
Upin_00008382	XLOC_005194	XLOC_005194
Upin_00007476	XLOC_005195	XLOC_005195
Upin_00007477	XLOC_005196	XLOC_005196
Upin_00007074	XLOC_004655	XLOC_004655
Upin_00008384	XLOC_005197	XLOC_005197
Upin_00007478	XLOC_005198	XLOC_005198
Upin_00007075	XLOC_004656	XLOC_004656
Upin_00008385	XLOC_005199	XLOC_005199
Upin_00007947	XLOC_004657	XLOC_004657
Upin_00007480	XLOC_005200	XLOC_005200
Upin_00007077	XLOC_004659	XLOC_004659
Upin_00008387	XLOC_005201	XLOC_005201
Upin_00007481	XLOC_005201	XLOC_005201
Upin_00008390	XLOC_005202	XLOC_005202
Upin_00007949	XLOC_004660	XLOC_004660
Upin_00007482	XLOC_005203	XLOC_005203
Upin_00008391	XLOC_005203	XLOC_005203
Upin_00008392	XLOC_005204	XLOC_005204
Upin_00008393	XLOC_005204	XLOC_005204
Upin_00007078	XLOC_004661	XLOC_004661
Upin_00007484	XLOC_005205	XLOC_005205
Upin_00007079	XLOC_004662	XLOC_004662
Upin_00007485	XLOC_005206	XLOC_005206
Upin_00008394	XLOC_005207	XLOC_005207
Upin_00007486	XLOC_005207	XLOC_005207
Upin_00008396	XLOC_005207	XLOC_005207
Upin_00007080	XLOC_004663	XLOC_004663
Upin_00008397	XLOC_005208	XLOC_005208
Upin_00008398	XLOC_005209	XLOC_005209
Upin_00007488	XLOC_005209	XLOC_005209
Upin_00007489	XLOC_005210	XLOC_005210
Upin_00008399	XLOC_005210	XLOC_005210
Upin_00008400	XLOC_005210	XLOC_005210
Upin_00007081	XLOC_004664	XLOC_004664
Upin_00007950	XLOC_004664	XLOC_004664
Upin_00007490	XLOC_005211	XLOC_005211
Upin_00007082	XLOC_004665	XLOC_004665
Upin_00007952	XLOC_004665	XLOC_004665
Upin_00007491	XLOC_005212	XLOC_005212
Upin_00007083	XLOC_004666	XLOC_004666
Upin_00007953	XLOC_004666	XLOC_004666
Upin_00007954	XLOC_004666	XLOC_004666
Upin_00007955	XLOC_004666	XLOC_004666
Upin_00007956	XLOC_004667	XLOC_004667
Upin_00007085	XLOC_004667	XLOC_004667
Upin_00007957	XLOC_004667	XLOC_004667
Upin_00007960	XLOC_004667	XLOC_004667
Upin_00007959	XLOC_004668	XLOC_004668
Upin_00007961	XLOC_004669	XLOC_004669
Upin_00007086	XLOC_004670	XLOC_004670
Upin_00007962	XLOC_004670	XLOC_004670
Upin_00007087	XLOC_004671	XLOC_004671
Upin_00007963	XLOC_004671	XLOC_004671
Upin_00008402	XLOC_005214	XLOC_005214
Upin_00007493	XLOC_005214	XLOC_005214
Upin_00007088	XLOC_004672	XLOC_004672
Upin_00007964	XLOC_004673	XLOC_004673
Upin_00007494	XLOC_005216	XLOC_005216
Upin_00007089	XLOC_004674	XLOC_004674
Upin_00007090	XLOC_004675	XLOC_004675
Upin_00007965	XLOC_004675	XLOC_004675
Upin_00007495	XLOC_005217	XLOC_005217
Upin_00007496	XLOC_005218	XLOC_005218
Upin_00007966	XLOC_004676	XLOC_004676
Upin_00007497	XLOC_005219	XLOC_005219
Upin_00007091	XLOC_004677	XLOC_004677
Upin_00007498	XLOC_005220	XLOC_005220
Upin_00008404	XLOC_005221	XLOC_005221
Upin_00007092	XLOC_004678	XLOC_004678
Upin_00007967	XLOC_004678	XLOC_004678
Upin_00007968	XLOC_004679	XLOC_004679
Upin_00008405	XLOC_005222	XLOC_005222
Upin_00008406	XLOC_005223	XLOC_005223
Upin_00007093	XLOC_004681	XLOC_004681
Upin_00008407	XLOC_005224	XLOC_005224
Upin_00007501	XLOC_005224	XLOC_005224
Upin_00008408	XLOC_005224	XLOC_005224
Upin_00007094	XLOC_004682	XLOC_004682
Upin_00007095	XLOC_004683	XLOC_004683
Upin_00007096	XLOC_004684	XLOC_004684
Upin_00007971	XLOC_004684	XLOC_004684
Upin_00008410	XLOC_005226	XLOC_005226
Upin_00007097	XLOC_004685	XLOC_004685
Upin_00007503	XLOC_005227	XLOC_005227
Upin_00007098	XLOC_004686	XLOC_004686
Upin_00007973	XLOC_004687	XLOC_004687
Upin_00007504	XLOC_005228	XLOC_005228
Upin_00007099	XLOC_004688	XLOC_004688
Upin_00007974	XLOC_004688	XLOC_004688
Upin_00007100	XLOC_004689	XLOC_004689
Upin_00007975	XLOC_004689	XLOC_004689
Upin_00007505	XLOC_005229	XLOC_005229
Upin_00007101	XLOC_004690	XLOC_004690
Upin_00007506	XLOC_005230	XLOC_005230
Upin_00007976	XLOC_004691	XLOC_004691
Upin_00007507	XLOC_005231	XLOC_005231
Upin_00007977	XLOC_004692	XLOC_004692
Upin_00008414	XLOC_005232	XLOC_005232
Upin_00007104	XLOC_004693	XLOC_004693
Upin_00007978	XLOC_004694	XLOC_004694
Upin_00007508	XLOC_005233	XLOC_005233
Upin_00008415	XLOC_005233	XLOC_005233
Upin_00007105	XLOC_004695	XLOC_004695
Upin_00007979	XLOC_004695	XLOC_004695
Upin_00007980	XLOC_004696	XLOC_004696
Upin_00007509	XLOC_005234	XLOC_005234
Upin_00007107	XLOC_004698	XLOC_004698
Upin_00007510	XLOC_005235	XLOC_005235
Upin_00007511	XLOC_005236	XLOC_005236
Upin_00007108	XLOC_004699	XLOC_004699
Upin_00007109	XLOC_004700	XLOC_004700
Upin_00007982	XLOC_004701	XLOC_004701
Upin_00007512	XLOC_005238	XLOC_005238
Upin_00007513	XLOC_005239	XLOC_005239
Upin_00007514	XLOC_005240	XLOC_005240
Upin_00007110	XLOC_004702	XLOC_004702
Upin_00007983	XLOC_004702	XLOC_004702
Upin_00007111	XLOC_004703	XLOC_004703
Upin_00007515	XLOC_005241	XLOC_005241
Upin_00007516	XLOC_005242	XLOC_005242
Upin_00007112	XLOC_004704	XLOC_004704
Upin_00007517	XLOC_005243	XLOC_005243
Upin_00007113	XLOC_004705	XLOC_004705
Upin_00008424	XLOC_005244	XLOC_005244
Upin_00007518	XLOC_005244	XLOC_005244
Upin_00007114	XLOC_004706	XLOC_004706
Upin_00007984	XLOC_004706	XLOC_004706
Upin_00007985	XLOC_004706	XLOC_004706
Upin_00007986	XLOC_004706	XLOC_004706
Upin_00007519	XLOC_005245	XLOC_005245
Upin_00007987	XLOC_004707	XLOC_004707
Upin_00007115	XLOC_004708	XLOC_004708
Upin_00007520	XLOC_005246	XLOC_005246
Upin_00008425	XLOC_005246	XLOC_005246
Upin_00007116	XLOC_004709	XLOC_004709
Upin_00007988	XLOC_004709	XLOC_004709
Upin_00007989	XLOC_004710	XLOC_004710
Upin_00007521	XLOC_005247	XLOC_005247
Upin_00007522	XLOC_005248	XLOC_005248
Upin_00008426	XLOC_005248	XLOC_005248
Upin_00007990	XLOC_004711	XLOC_004711
Upin_00007523	XLOC_005249	XLOC_005249
Upin_00007991	XLOC_004712	XLOC_004712
Upin_00007992	XLOC_004712	XLOC_004712
Upin_00008427	XLOC_005250	XLOC_005250
Upin_00007524	XLOC_005251	XLOC_005251
Upin_00007117	XLOC_004713	XLOC_004713
Upin_00007993	XLOC_004714	XLOC_004714
Upin_00007525	XLOC_005252	XLOC_005252
Upin_00008428	XLOC_005252	XLOC_005252
Upin_00007119	XLOC_004715	XLOC_004715
Upin_00008429	XLOC_005253	XLOC_005253
Upin_00007994	XLOC_004716	XLOC_004716
Upin_00008431	XLOC_005254	XLOC_005254
Upin_00007527	XLOC_005255	XLOC_005255
Upin_00007528	XLOC_005256	XLOC_005256
Upin_00007529	XLOC_005257	XLOC_005257
Upin_00007120	XLOC_004717	XLOC_004717
Upin_00007530	XLOC_005258	XLOC_005258
Upin_00008432	XLOC_005259	XLOC_005259
Upin_00007531	XLOC_005260	XLOC_005260
Upin_00008433	XLOC_005261	XLOC_005261
Upin_00008434	XLOC_005261	XLOC_005261
Upin_00007995	XLOC_004718	XLOC_004718
Upin_00007121	XLOC_004719	XLOC_004719
Upin_00007533	XLOC_005262	XLOC_005262
Upin_00008435	XLOC_005262	XLOC_005262
Upin_00007122	XLOC_004720	XLOC_004720
Upin_00007997	XLOC_004720	XLOC_004720
Upin_00007998	XLOC_004720	XLOC_004720
Upin_00008436	XLOC_005263	XLOC_005263
Upin_00007534	XLOC_005264	XLOC_005264
Upin_00007123	XLOC_004721	XLOC_004721
Upin_00008437	XLOC_005265	XLOC_005265
Upin_00007999	XLOC_004722	XLOC_004722
Upin_00008000	XLOC_004723	XLOC_004723
Upin_00007535	XLOC_005266	XLOC_005266
Upin_00007124	XLOC_004724	XLOC_004724
Upin_00007536	XLOC_005267	XLOC_005267
Upin_00008438	XLOC_005267	XLOC_005267
Upin_00008439	XLOC_005267	XLOC_005267
Upin_00007125	XLOC_004726	XLOC_004726
Upin_00008002	XLOC_004726	XLOC_004726
Upin_00008440	XLOC_005268	XLOC_005268
Upin_00008441	XLOC_005269	XLOC_005269
Upin_00008442	XLOC_005270	XLOC_005270
Upin_00007537	XLOC_005271	XLOC_005271
Upin_00007126	XLOC_004727	XLOC_004727
Upin_00007538	XLOC_005272	XLOC_005272
Upin_00008444	XLOC_005272	XLOC_005272
Upin_00007539	XLOC_005273	XLOC_005273
Upin_00008445	XLOC_005274	XLOC_005274
Upin_00007540	XLOC_005275	XLOC_005275
Upin_00008446	XLOC_005276	XLOC_005276
Upin_00007541	XLOC_005277	XLOC_005277
Upin_00007127	XLOC_004729	XLOC_004729
Upin_00007128	XLOC_004730	XLOC_004730
Upin_00007542	XLOC_005278	XLOC_005278
Upin_00007129	XLOC_004731	XLOC_004731
Upin_00008005	XLOC_004731	XLOC_004731
Upin_00007543	XLOC_005279	XLOC_005279
Upin_00008450	XLOC_005279	XLOC_005279
Upin_00008006	XLOC_004732	XLOC_004732
Upin_00008451	XLOC_005280	XLOC_005280
Upin_00007130	XLOC_004733	XLOC_004733
Upin_00008007	XLOC_004733	XLOC_004733
Upin_00007131	XLOC_004734	XLOC_004734
Upin_00008008	XLOC_004734	XLOC_004734
Upin_00007132	XLOC_004735	XLOC_004735
Upin_00008009	XLOC_004735	XLOC_004735
Upin_00007544	XLOC_005281	XLOC_005281
Upin_00007546	XLOC_005282	XLOC_005282
Upin_00007547	XLOC_005283	XLOC_005283
Upin_00007133	XLOC_004736	XLOC_004736
Upin_00007548	XLOC_005284	XLOC_005284
Upin_00007549	XLOC_005285	XLOC_005285
Upin_00008010	XLOC_004737	XLOC_004737
Upin_00007550	XLOC_005286	XLOC_005286
Upin_00007134	XLOC_004738	XLOC_004738
Upin_00008011	XLOC_004738	XLOC_004738
Upin_00008453	XLOC_005287	XLOC_005287
Upin_00007551	XLOC_005288	XLOC_005288
Upin_00007135	XLOC_004739	XLOC_004739
Upin_00008454	XLOC_005289	XLOC_005289
Upin_00007136	XLOC_004740	XLOC_004740
Upin_00008012	XLOC_004740	XLOC_004740
Upin_00007552	XLOC_005290	XLOC_005290
Upin_00007137	XLOC_004741	XLOC_004741
Upin_00007553	XLOC_005291	XLOC_005291
Upin_00007554	XLOC_005292	XLOC_005292
Upin_00008013	XLOC_004742	XLOC_004742
Upin_00007138	XLOC_004742	XLOC_004742
Upin_00008457	XLOC_005293	XLOC_005293
Upin_00007555	XLOC_005293	XLOC_005293
Upin_00008014	XLOC_004743	XLOC_004743
Upin_00007556	XLOC_005294	XLOC_005294
Upin_00008015	XLOC_004744	XLOC_004744
Upin_00007139	XLOC_004744	XLOC_004744
Upin_00008016	XLOC_004744	XLOC_004744
Upin_00007140	XLOC_004745	XLOC_004745
Upin_00008017	XLOC_004746	XLOC_004746
Upin_00007141	XLOC_004746	XLOC_004746
Upin_00007557	XLOC_005295	XLOC_005295
Upin_00007142	XLOC_004747	XLOC_004747
Upin_00007558	XLOC_005296	XLOC_005296
Upin_00008458	XLOC_005296	XLOC_005296
Upin_00008018	XLOC_004748	XLOC_004748
Upin_00008019	XLOC_004749	XLOC_004749
Upin_00007559	XLOC_005297	XLOC_005297
Upin_00008020	XLOC_004750	XLOC_004750
Upin_00007560	XLOC_005298	XLOC_005298
Upin_00008021	XLOC_004751	XLOC_004751
Upin_00007562	XLOC_005299	XLOC_005299
Upin_00007145	XLOC_004752	XLOC_004752
Upin_00008022	XLOC_004753	XLOC_004753
Upin_00007563	XLOC_005300	XLOC_005300
Upin_00007146	XLOC_004754	XLOC_004754
Upin_00008023	XLOC_004755	XLOC_004755
Upin_00007147	XLOC_004755	XLOC_004755
Upin_00007564	XLOC_005301	XLOC_005301
Upin_00007148	XLOC_004756	XLOC_004756
Upin_00008024	XLOC_004757	XLOC_004757
Upin_00008025	XLOC_004758	XLOC_004758
Upin_00007149	XLOC_004758	XLOC_004758
Upin_00007565	XLOC_005302	XLOC_005302
Upin_00007566	XLOC_005303	XLOC_005303
Upin_00007150	XLOC_004760	XLOC_004760
Upin_00008027	XLOC_004760	XLOC_004760
Upin_00007567	XLOC_005304	XLOC_005304
Upin_00007151	XLOC_004761	XLOC_004761
Upin_00007568	XLOC_005305	XLOC_005305
Upin_00007152	XLOC_004762	XLOC_004762
Upin_00008028	XLOC_004762	XLOC_004762
Upin_00007569	XLOC_005306	XLOC_005306
Upin_00008029	XLOC_004763	XLOC_004763
Upin_00007570	XLOC_005307	XLOC_005307
Upin_00007153	XLOC_004765	XLOC_004765
Upin_00008031	XLOC_004765	XLOC_004765
Upin_00008033	XLOC_004765	XLOC_004765
Upin_00008464	XLOC_005308	XLOC_005308
Upin_00008032	XLOC_004766	XLOC_004766
Upin_00008465	XLOC_005309	XLOC_005309
Upin_00007572	XLOC_005310	XLOC_005310
Upin_00008034	XLOC_004767	XLOC_004767
Upin_00008035	XLOC_004768	XLOC_004768
Upin_00007573	XLOC_005311	XLOC_005311
Upin_00007574	XLOC_005312	XLOC_005312
Upin_00008466	XLOC_005313	XLOC_005313
Upin_00008036	XLOC_004769	XLOC_004769
Upin_00007154	XLOC_004769	XLOC_004769
Upin_00007575	XLOC_005314	XLOC_005314
Upin_00008467	XLOC_005314	XLOC_005314
Upin_00007155	XLOC_004770	XLOC_004770
Upin_00008468	XLOC_005315	XLOC_005315
Upin_00007576	XLOC_005316	XLOC_005316
Upin_00007156	XLOC_004771	XLOC_004771
Upin_00008037	XLOC_004771	XLOC_004771
Upin_00008038	XLOC_004771	XLOC_004771
Upin_00007157	XLOC_004772	XLOC_004772
Upin_00008039	XLOC_004772	XLOC_004772
Upin_00007577	XLOC_005317	XLOC_005317
Upin_00007158	XLOC_004773	XLOC_004773
Upin_00008040	XLOC_004773	XLOC_004773
Upin_00007578	XLOC_005318	XLOC_005318
Upin_00008469	XLOC_005318	XLOC_005318
Upin_00008470	XLOC_005318	XLOC_005318
Upin_00007159	XLOC_004774	XLOC_004774
Upin_00007579	XLOC_005319	XLOC_005319
Upin_00008041	XLOC_004775	XLOC_004775
Upin_00008042	XLOC_004776	XLOC_004776
Upin_00007580	XLOC_005320	XLOC_005320
Upin_00007160	XLOC_004777	XLOC_004777
Upin_00008474	XLOC_005321	XLOC_005321
Upin_00008475	XLOC_005322	XLOC_005322
Upin_00008476	XLOC_005323	XLOC_005323
Upin_00007581	XLOC_005323	XLOC_005323
Upin_00008043	XLOC_004778	XLOC_004778
Upin_00008044	XLOC_004778	XLOC_004778
Upin_00007161	XLOC_004779	XLOC_004779
Upin_00008045	XLOC_004779	XLOC_004779
Upin_00007162	XLOC_004780	XLOC_004780
Upin_00008046	XLOC_004780	XLOC_004780
Upin_00008479	XLOC_005325	XLOC_005325
Upin_00007582	XLOC_005326	XLOC_005326
Upin_00007583	XLOC_005327	XLOC_005327
Upin_00007163	XLOC_004781	XLOC_004781
Upin_00007584	XLOC_005330	XLOC_005330
Upin_00007164	XLOC_004782	XLOC_004782
Upin_00008482	XLOC_005331	XLOC_005331
Upin_00008484	XLOC_005331	XLOC_005331
Upin_00008485	XLOC_005332	XLOC_005332
Upin_00007586	XLOC_005332	XLOC_005332
Upin_00007587	XLOC_005333	XLOC_005333
Upin_00007165	XLOC_004784	XLOC_004784
Upin_00007588	XLOC_005335	XLOC_005335
Upin_00008489	XLOC_005336	XLOC_005336
Upin_00008490	XLOC_005337	XLOC_005337
Upin_00007589	XLOC_005337	XLOC_005337
Upin_00007166	XLOC_004785	XLOC_004785
Upin_00007590	XLOC_005338	XLOC_005338
Upin_00007167	XLOC_004786	XLOC_004786
Upin_00007592	XLOC_005339	XLOC_005339
Upin_00008050	XLOC_004787	XLOC_004787
Upin_00007593	XLOC_005340	XLOC_005340
Upin_00008051	XLOC_004788	XLOC_004788
Upin_00007168	XLOC_004788	XLOC_004788
Upin_00007594	XLOC_005341	XLOC_005341
Upin_00008492	XLOC_005341	XLOC_005341
Upin_00008052	XLOC_004789	XLOC_004789
Upin_00007595	XLOC_005342	XLOC_005342
Upin_00008493	XLOC_005342	XLOC_005342
Upin_00008494	XLOC_005342	XLOC_005342
Upin_00008495	XLOC_005343	XLOC_005343
Upin_00007596	XLOC_005344	XLOC_005344
Upin_00008053	XLOC_004790	XLOC_004790
Upin_00007597	XLOC_005345	XLOC_005345
Upin_00008054	XLOC_004791	XLOC_004791
Upin_00007170	XLOC_004791	XLOC_004791
Upin_00007171	XLOC_004792	XLOC_004792
Upin_00007172	XLOC_004793	XLOC_004793
Upin_00008055	XLOC_004793	XLOC_004793
Upin_00008056	XLOC_004793	XLOC_004793
Upin_00007173	XLOC_004794	XLOC_004794
Upin_00008057	XLOC_004794	XLOC_004794
Upin_00008496	XLOC_005346	XLOC_005346
Upin_00007598	XLOC_005347	XLOC_005347
Upin_00008498	XLOC_005347	XLOC_005347
Upin_00007174	XLOC_004795	XLOC_004795
Upin_00008059	XLOC_004796	XLOC_004796
Upin_00008060	XLOC_004797	XLOC_004797
Upin_00007175	XLOC_004798	XLOC_004798
Upin_00008061	XLOC_004798	XLOC_004798
Upin_00008062	XLOC_004798	XLOC_004798
Upin_00007599	XLOC_005348	XLOC_005348
Upin_00007176	XLOC_004799	XLOC_004799
Upin_00008063	XLOC_004799	XLOC_004799
Upin_00007177	XLOC_004800	XLOC_004800
Upin_00007600	XLOC_005349	XLOC_005349
Upin_00008500	XLOC_005349	XLOC_005349
Upin_00008501	XLOC_005350	XLOC_005350
Upin_00008064	XLOC_004801	XLOC_004801
Upin_00008065	XLOC_004802	XLOC_004802
Upin_00008502	XLOC_005351	XLOC_005351
Upin_00007604	XLOC_005352	XLOC_005352
Upin_00007178	XLOC_004803	XLOC_004803
Upin_00008066	XLOC_004803	XLOC_004803
Upin_00008067	XLOC_004803	XLOC_004803
Upin_00007605	XLOC_005353	XLOC_005353
Upin_00007179	XLOC_004804	XLOC_004804
Upin_00008068	XLOC_004805	XLOC_004805
Upin_00007180	XLOC_004807	XLOC_004807
Upin_00008070	XLOC_004808	XLOC_004808
Upin_00007181	XLOC_004808	XLOC_004808
Upin_00008071	XLOC_004808	XLOC_004808
Upin_00007606	XLOC_005354	XLOC_005354
Upin_00007607	XLOC_005355	XLOC_005355
Upin_00007182	XLOC_004809	XLOC_004809
Upin_00008072	XLOC_004809	XLOC_004809
Upin_00007609	XLOC_005356	XLOC_005356
Upin_00008509	XLOC_005356	XLOC_005356
Upin_00008073	XLOC_004810	XLOC_004810
Upin_00008074	XLOC_004811	XLOC_004811
Upin_00007610	XLOC_005357	XLOC_005357
Upin_00008510	XLOC_005357	XLOC_005357
Upin_00008511	XLOC_005357	XLOC_005357
Upin_00008075	XLOC_004812	XLOC_004812
Upin_00007183	XLOC_004812	XLOC_004812
Upin_00007184	XLOC_004813	XLOC_004813
Upin_00007611	XLOC_005358	XLOC_005358
Upin_00008512	XLOC_005359	XLOC_005359
Upin_00007185	XLOC_004814	XLOC_004814
Upin_00007186	XLOC_004815	XLOC_004815
Upin_00008514	XLOC_005361	XLOC_005361
Upin_00007612	XLOC_005362	XLOC_005362
Upin_00007187	XLOC_004816	XLOC_004816
Upin_00008077	XLOC_004816	XLOC_004816
Upin_00007613	XLOC_005363	XLOC_005363
Upin_00007188	XLOC_004817	XLOC_004817
Upin_00008078	XLOC_004817	XLOC_004817
Upin_00008079	XLOC_004818	XLOC_004818
Upin_00007189	XLOC_004819	XLOC_004819
Upin_00008080	XLOC_004819	XLOC_004819
Upin_00007614	XLOC_005364	XLOC_005364
Upin_00008517	XLOC_005364	XLOC_005364
Upin_00007615	XLOC_005365	XLOC_005365
Upin_00007190	XLOC_004820	XLOC_004820
Upin_00008081	XLOC_004820	XLOC_004820
Upin_00008518	XLOC_005366	XLOC_005366
Upin_00008519	XLOC_005367	XLOC_005367
Upin_00007191	XLOC_004821	XLOC_004821
Upin_00007616	XLOC_005368	XLOC_005368
Upin_00007192	XLOC_004822	XLOC_004822
Upin_00007617	XLOC_005369	XLOC_005369
Upin_00007193	XLOC_004823	XLOC_004823
Upin_00008082	XLOC_004823	XLOC_004823
Upin_00007618	XLOC_005370	XLOC_005370
Upin_00008522	XLOC_005371	XLOC_005371
Upin_00007619	XLOC_005372	XLOC_005372
Upin_00007620	XLOC_005373	XLOC_005373
Upin_00008523	XLOC_005373	XLOC_005373
Upin_00007621	XLOC_005374	XLOC_005374
Upin_00008083	XLOC_004824	XLOC_004824
Upin_00007194	XLOC_004824	XLOC_004824
Upin_00008526	XLOC_005375	XLOC_005375
Upin_00008084	XLOC_004825	XLOC_004825
Upin_00007195	XLOC_004825	XLOC_004825
Upin_00007623	XLOC_005376	XLOC_005376
Upin_00008085	XLOC_004826	XLOC_004826
Upin_00008086	XLOC_004827	XLOC_004827
Upin_00007624	XLOC_005377	XLOC_005377
Upin_00007196	XLOC_004828	XLOC_004828
Upin_00007197	XLOC_004829	XLOC_004829
Upin_00008087	XLOC_004829	XLOC_004829
Upin_00007625	XLOC_005378	XLOC_005378
Upin_00008529	XLOC_005378	XLOC_005378
Upin_00008530	XLOC_005378	XLOC_005378
Upin_00008088	XLOC_004830	XLOC_004830
Upin_00007626	XLOC_005379	XLOC_005379
Upin_00007199	XLOC_004831	XLOC_004831
Upin_00008089	XLOC_004831	XLOC_004831
Upin_00008090	XLOC_004831	XLOC_004831
Upin_00007200	XLOC_004832	XLOC_004832
Upin_00007627	XLOC_005380	XLOC_005380
Upin_00007201	XLOC_004833	XLOC_004833
Upin_00007202	XLOC_004834	XLOC_004834
Upin_00007628	XLOC_005381	XLOC_005381
Upin_00008093	XLOC_004835	XLOC_004835
Upin_00008094	XLOC_004836	XLOC_004836
Upin_00007629	XLOC_005382	XLOC_005382
Upin_00008532	XLOC_005382	XLOC_005382
Upin_00008095	XLOC_004837	XLOC_004837
Upin_00007204	XLOC_004839	XLOC_004839
Upin_00007205	XLOC_004840	XLOC_004840
Upin_00007206	XLOC_004841	XLOC_004841
Upin_00008533	XLOC_005383	XLOC_005383
Upin_00007207	XLOC_004842	XLOC_004842
Upin_00007630	XLOC_005384	XLOC_005384
Upin_00008535	XLOC_005386	XLOC_005386
Upin_00008536	XLOC_005387	XLOC_005387
Upin_00007631	XLOC_005388	XLOC_005388
Upin_00008537	XLOC_005389	XLOC_005389
Upin_00008099	XLOC_004843	XLOC_004843
Upin_00007634	XLOC_005390	XLOC_005390
Upin_00008100	XLOC_004844	XLOC_004844
Upin_00007635	XLOC_005391	XLOC_005391
Upin_00007210	XLOC_004845	XLOC_004845
Upin_00007211	XLOC_004846	XLOC_004846
Upin_00007637	XLOC_005392	XLOC_005392
Upin_00008540	XLOC_005393	XLOC_005393
Upin_00007638	XLOC_005394	XLOC_005394
Upin_00007639	XLOC_005395	XLOC_005395
Upin_00007212	XLOC_004847	XLOC_004847
Upin_00007640	XLOC_005396	XLOC_005396
Upin_00007213	XLOC_004848	XLOC_004848
Upin_00007214	XLOC_004849	XLOC_004849
Upin_00007215	XLOC_004850	XLOC_004850
Upin_00007216	XLOC_004851	XLOC_004851
Upin_00008105	XLOC_004851	XLOC_004851
Upin_00008106	XLOC_004852	XLOC_004852
Upin_00008107	XLOC_004853	XLOC_004853
Upin_00007641	XLOC_005397	XLOC_005397
Upin_00007642	XLOC_005398	XLOC_005398
Upin_00008108	XLOC_004854	XLOC_004854
Upin_00007643	XLOC_005399	XLOC_005399
Upin_00008543	XLOC_005399	XLOC_005399
Upin_00008109	XLOC_004855	XLOC_004855
Upin_00007219	XLOC_004856	XLOC_004856
Upin_00007644	XLOC_005400	XLOC_005400
Upin_00008110	XLOC_004857	XLOC_004857
Upin_00008111	XLOC_004857	XLOC_004857
Upin_00007220	XLOC_004857	XLOC_004857
Upin_00008112	XLOC_004858	XLOC_004858
Upin_00007222	XLOC_004859	XLOC_004859
Upin_00007645	XLOC_005401	XLOC_005401
Upin_00007646	XLOC_005402	XLOC_005402
Upin_00007647	XLOC_005403	XLOC_005403
Upin_00007223	XLOC_004860	XLOC_004860
Upin_00008113	XLOC_004860	XLOC_004860
Upin_00007648	XLOC_005404	XLOC_005404
Upin_00008114	XLOC_004861	XLOC_004861
Upin_00007225	XLOC_004862	XLOC_004862
Upin_00008115	XLOC_004862	XLOC_004862
Upin_00008116	XLOC_004863	XLOC_004863
Upin_00007226	XLOC_004864	XLOC_004864
Upin_00007649	XLOC_005405	XLOC_005405
Upin_00007227	XLOC_004865	XLOC_004865
Upin_00007650	XLOC_005406	XLOC_005406
Upin_00007228	XLOC_004866	XLOC_004866
Upin_00008117	XLOC_004867	XLOC_004867
Upin_00008547	XLOC_005407	XLOC_005407
Upin_00007651	XLOC_005408	XLOC_005408
Upin_00007652	XLOC_005409	XLOC_005409
Upin_00008118	XLOC_004868	XLOC_004868
Upin_00008119	XLOC_004869	XLOC_004869
Upin_00007229	XLOC_004870	XLOC_004870
Upin_00007653	XLOC_005410	XLOC_005410
Upin_00007654	XLOC_005411	XLOC_005411
Upin_00007230	XLOC_004871	XLOC_004871
Upin_00007655	XLOC_005412	XLOC_005412
Upin_00007231	XLOC_004872	XLOC_004872
Upin_00007656	XLOC_005413	XLOC_005413
Upin_00008551	XLOC_005413	XLOC_005413
Upin_00007657	XLOC_005414	XLOC_005414
Upin_00007232	XLOC_004873	XLOC_004873
Upin_00008552	XLOC_005415	XLOC_005415
Upin_00008553	XLOC_005415	XLOC_005415
Upin_00008122	XLOC_004874	XLOC_004874
Upin_00007233	XLOC_004874	XLOC_004874
Upin_00007659	XLOC_005417	XLOC_005417
Upin_00008123	XLOC_004875	XLOC_004875
Upin_00007660	XLOC_005418	XLOC_005418
Upin_00007235	XLOC_004876	XLOC_004876
Upin_00008124	XLOC_004876	XLOC_004876
Upin_00007661	XLOC_005419	XLOC_005419
Upin_00007236	XLOC_004877	XLOC_004877
Upin_00008126	XLOC_004877	XLOC_004877
Upin_00008127	XLOC_004878	XLOC_004878
Upin_00007662	XLOC_005420	XLOC_005420
Upin_00008128	XLOC_004879	XLOC_004879
Upin_00007663	XLOC_005421	XLOC_005421
Upin_00007238	XLOC_004880	XLOC_004880
Upin_00007664	XLOC_005422	XLOC_005422
Upin_00008129	XLOC_004881	XLOC_004881
Upin_00007239	XLOC_004882	XLOC_004882
Upin_00007240	XLOC_004883	XLOC_004883
Upin_00008131	XLOC_004883	XLOC_004883
Upin_00007241	XLOC_004884	XLOC_004884
Upin_00008132	XLOC_004884	XLOC_004884
Upin_00008133	XLOC_004884	XLOC_004884
Upin_00007665	XLOC_005424	XLOC_005424
Upin_00008134	XLOC_004885	XLOC_004885
Upin_00007242	XLOC_004886	XLOC_004886
Upin_00008561	XLOC_005426	XLOC_005426
Upin_00007666	XLOC_005426	XLOC_005426
Upin_00008135	XLOC_004887	XLOC_004887
Upin_00007244	XLOC_004888	XLOC_004888
Upin_00007245	XLOC_004889	XLOC_004889
Upin_00007246	XLOC_004890	XLOC_004890
Upin_00008136	XLOC_004890	XLOC_004890
Upin_00007247	XLOC_004892	XLOC_004892
Upin_00007669	XLOC_005428	XLOC_005428
Upin_00007248	XLOC_004893	XLOC_004893
Upin_00008140	XLOC_004894	XLOC_004894
Upin_00008563	XLOC_005430	XLOC_005430
Upin_00007670	XLOC_005431	XLOC_005431
Upin_00008565	XLOC_005431	XLOC_005431
Upin_00007249	XLOC_004895	XLOC_004895
Upin_00007250	XLOC_004896	XLOC_004896
Upin_00008567	XLOC_005433	XLOC_005433
Upin_00007672	XLOC_005434	XLOC_005434
Upin_00008568	XLOC_005434	XLOC_005434
Upin_00008142	XLOC_004897	XLOC_004897
Upin_00008570	XLOC_005435	XLOC_005435
Upin_00007673	XLOC_005436	XLOC_005436
Upin_00007251	XLOC_004898	XLOC_004898
Upin_00008143	XLOC_004898	XLOC_004898
Upin_00008571	XLOC_005437	XLOC_005437
Upin_00007674	XLOC_005437	XLOC_005437
Upin_00008144	XLOC_004899	XLOC_004899
Upin_00007675	XLOC_005438	XLOC_005438
Upin_00007252	XLOC_004900	XLOC_004900
Upin_00007253	XLOC_004901	XLOC_004901
Upin_00007676	XLOC_005439	XLOC_005439
Upin_00007677	XLOC_005440	XLOC_005440
Upin_00007254	XLOC_004902	XLOC_004902
Upin_00008148	XLOC_004902	XLOC_004902
Upin_00008149	XLOC_004902	XLOC_004902
Upin_00007255	XLOC_004903	XLOC_004903
Upin_00007256	XLOC_004904	XLOC_004904
Upin_00008574	XLOC_005441	XLOC_005441
Upin_00008151	XLOC_004905	XLOC_004905
Upin_00007678	XLOC_005443	XLOC_005443
Upin_00007679	XLOC_005444	XLOC_005444
Upin_00008577	XLOC_005444	XLOC_005444
Upin_00008579	XLOC_005444	XLOC_005444
Upin_00007257	XLOC_004906	XLOC_004906
Upin_00007680	XLOC_005445	XLOC_005445
Upin_00007681	XLOC_005446	XLOC_005446
Upin_00007258	XLOC_004907	XLOC_004907
Upin_00008154	XLOC_004908	XLOC_004908
Upin_00008582	XLOC_005447	XLOC_005447
Upin_00007260	XLOC_004909	XLOC_004909
Upin_00007261	XLOC_004910	XLOC_004910
Upin_00007683	XLOC_005448	XLOC_005448
Upin_00007262	XLOC_004911	XLOC_004911
Upin_00008155	XLOC_004911	XLOC_004911
Upin_00008156	XLOC_004911	XLOC_004911
Upin_00008157	XLOC_004911	XLOC_004911
Upin_00008583	XLOC_005449	XLOC_005449
Upin_00008584	XLOC_005450	XLOC_005450
Upin_00007684	XLOC_005451	XLOC_005451
Upin_00007685	XLOC_005452	XLOC_005452
Upin_00007686	XLOC_005453	XLOC_005453
Upin_00007687	XLOC_005454	XLOC_005454
Upin_00007688	XLOC_005455	XLOC_005455
Upin_00007689	XLOC_005456	XLOC_005456
Upin_00007690	XLOC_005457	XLOC_005457
Upin_00007691	XLOC_005458	XLOC_005458
Upin_00007692	XLOC_005459	XLOC_005459
Upin_00007693	XLOC_005460	XLOC_005460
Upin_00007694	XLOC_005461	XLOC_005461
Upin_00007695	XLOC_005462	XLOC_005462
Upin_00007696	XLOC_005463	XLOC_005463
Upin_00007263	XLOC_004912	XLOC_004912
Upin_00007264	XLOC_004913	XLOC_004913
Upin_00007265	XLOC_004914	XLOC_004914
Upin_00007266	XLOC_004915	XLOC_004915
Upin_00007267	XLOC_004916	XLOC_004916
Upin_00007268	XLOC_004917	XLOC_004917
Upin_00007269	XLOC_004918	XLOC_004918
Upin_00007270	XLOC_004919	XLOC_004919
Upin_00008161	XLOC_004920	XLOC_004920
Upin_00007271	XLOC_004921	XLOC_004921
Upin_00007697	XLOC_005464	XLOC_005464
Upin_00008162	XLOC_004922	XLOC_004922
Upin_00007272	XLOC_004923	XLOC_004923
Upin_00007273	XLOC_004924	XLOC_004924
Upin_00007274	XLOC_004925	XLOC_004925
Upin_00007698	XLOC_005465	XLOC_005465
Upin_00007275	XLOC_004926	XLOC_004926
Upin_00008164	XLOC_004926	XLOC_004926
Upin_00007699	XLOC_005467	XLOC_005467
Upin_00007700	XLOC_005468	XLOC_005468
Upin_00007701	XLOC_005469	XLOC_005469
Upin_00007702	XLOC_005470	XLOC_005470
Upin_00008589	XLOC_005470	XLOC_005470
Upin_00008591	XLOC_005470	XLOC_005470
Upin_00008592	XLOC_005470	XLOC_005470
Upin_00008166	XLOC_004928	XLOC_004928
Upin_00007276	XLOC_004929	XLOC_004929
Upin_00007703	XLOC_005471	XLOC_005471
Upin_00007704	XLOC_005472	XLOC_005472
Upin_00007277	XLOC_004930	XLOC_004930
Upin_00007278	XLOC_004931	XLOC_004931
Upin_00007705	XLOC_005473	XLOC_005473
Upin_00008167	XLOC_004932	XLOC_004932
Upin_00007706	XLOC_005474	XLOC_005474
Upin_00008168	XLOC_004933	XLOC_004933
Upin_00007279	XLOC_004934	XLOC_004934
Upin_00007707	XLOC_005475	XLOC_005475
Upin_00007708	XLOC_005476	XLOC_005476
Upin_00007709	XLOC_005477	XLOC_005477
Upin_00008169	XLOC_004935	XLOC_004935
Upin_00007280	XLOC_004936	XLOC_004936
Upin_00007710	XLOC_005478	XLOC_005478
Upin_00007711	XLOC_005479	XLOC_005479
Upin_00008593	XLOC_005479	XLOC_005479
Upin_00007712	XLOC_005480	XLOC_005480
Upin_00007713	XLOC_005481	XLOC_005481
Upin_00007714	XLOC_005482	XLOC_005482
Upin_00007715	XLOC_005483	XLOC_005483
Upin_00007281	XLOC_004937	XLOC_004937
Upin_00008594	XLOC_005484	XLOC_005484
Upin_00007282	XLOC_004938	XLOC_004938
Upin_00007716	XLOC_005485	XLOC_005485
Upin_00007283	XLOC_004939	XLOC_004939
Upin_00008170	XLOC_004939	XLOC_004939
Upin_00007284	XLOC_004940	XLOC_004940
Upin_00008595	XLOC_005486	XLOC_005486
Upin_00008596	XLOC_005487	XLOC_005487
Upin_00008597	XLOC_005488	XLOC_005488
Upin_00008171	XLOC_004941	XLOC_004941
Upin_00007285	XLOC_004942	XLOC_004942
Upin_00008598	XLOC_005489	XLOC_005489
Upin_00007717	XLOC_005490	XLOC_005490
Upin_00008172	XLOC_004943	XLOC_004943
Upin_00007718	XLOC_005491	XLOC_005491
Upin_00007286	XLOC_004944	XLOC_004944
Upin_00007719	XLOC_005492	XLOC_005492
Upin_00007720	XLOC_005493	XLOC_005493
Upin_00007721	XLOC_005494	XLOC_005494
Upin_00007722	XLOC_005495	XLOC_005495
Upin_00007723	XLOC_005496	XLOC_005496
Upin_00008173	XLOC_004945	XLOC_004945
Upin_00007287	XLOC_004946	XLOC_004946
Upin_00007288	XLOC_004947	XLOC_004947
Upin_00007289	XLOC_004948	XLOC_004948
Upin_00007290	XLOC_004949	XLOC_004949
Upin_00007291	XLOC_004950	XLOC_004950
Upin_00007292	XLOC_004951	XLOC_004951
Upin_00008175	XLOC_004951	XLOC_004951
Upin_00007724	XLOC_005497	XLOC_005497
Upin_00008600	XLOC_005497	XLOC_005497
Upin_00008176	XLOC_004952	XLOC_004952
Upin_00008602	XLOC_005498	XLOC_005498
Upin_00008603	XLOC_005498	XLOC_005498
Upin_00007725	XLOC_005498	XLOC_005498
Upin_00007726	XLOC_005499	XLOC_005499
Upin_00007727	XLOC_005500	XLOC_005500
Upin_00007728	XLOC_005501	XLOC_005501
Upin_00007293	XLOC_004954	XLOC_004954
Upin_00008178	XLOC_004955	XLOC_004955
Upin_00007294	XLOC_004955	XLOC_004955
Upin_00008179	XLOC_004956	XLOC_004956
Upin_00007729	XLOC_005502	XLOC_005502
Upin_00008605	XLOC_005502	XLOC_005502
Upin_00007730	XLOC_005503	XLOC_005503
Upin_00007295	XLOC_004957	XLOC_004957
Upin_00007296	XLOC_004958	XLOC_004958
Upin_00008182	XLOC_004959	XLOC_004959
Upin_00008183	XLOC_004960	XLOC_004960
Upin_00007731	XLOC_005504	XLOC_005504
Upin_00007297	XLOC_004961	XLOC_004961
Upin_00007732	XLOC_005505	XLOC_005505
Upin_00007733	XLOC_005506	XLOC_005506
Upin_00008606	XLOC_005506	XLOC_005506
Upin_00008607	XLOC_005506	XLOC_005506
Upin_00007298	XLOC_004962	XLOC_004962
Upin_00007299	XLOC_004963	XLOC_004963
Upin_00007300	XLOC_004964	XLOC_004964
Upin_00008608	XLOC_005507	XLOC_005507
Upin_00007734	XLOC_005508	XLOC_005508
Upin_00007301	XLOC_004965	XLOC_004965
Upin_00008609	XLOC_005509	XLOC_005509
Upin_00007735	XLOC_005510	XLOC_005510
Upin_00007302	XLOC_004966	XLOC_004966
Upin_00007303	XLOC_004967	XLOC_004967
Upin_00007736	XLOC_005511	XLOC_005511
Upin_00008187	XLOC_004968	XLOC_004968
Upin_00008610	XLOC_005512	XLOC_005512
Upin_00007305	XLOC_004969	XLOC_004969
Upin_00007738	XLOC_005513	XLOC_005513
Upin_00008611	XLOC_005513	XLOC_005513
Upin_00007306	XLOC_004970	XLOC_004970
Upin_00008189	XLOC_004970	XLOC_004970
Upin_00007739	XLOC_005514	XLOC_005514
Upin_00008613	XLOC_005514	XLOC_005514
Upin_00007740	XLOC_005515	XLOC_005515
Upin_00007307	XLOC_004971	XLOC_004971
Upin_00008190	XLOC_004971	XLOC_004971
Upin_00008191	XLOC_004972	XLOC_004972
Upin_00008614	XLOC_005516	XLOC_005516
Upin_00008615	XLOC_005517	XLOC_005517
Upin_00008616	XLOC_005518	XLOC_005518
Upin_00007743	XLOC_005519	XLOC_005519
Upin_00008618	XLOC_005519	XLOC_005519
Upin_00007744	XLOC_005520	XLOC_005520
Upin_00007745	XLOC_005521	XLOC_005521
Upin_00007308	XLOC_004973	XLOC_004973
Upin_00008620	XLOC_005522	XLOC_005522
Upin_00007746	XLOC_005522	XLOC_005522
Upin_00007310	XLOC_004974	XLOC_004974
Upin_00007747	XLOC_005523	XLOC_005523
Upin_00007311	XLOC_004975	XLOC_004975
Upin_00007748	XLOC_005524	XLOC_005524
Upin_00008622	XLOC_005524	XLOC_005524
Upin_00008623	XLOC_005524	XLOC_005524
Upin_00008624	XLOC_005524	XLOC_005524
Upin_00008625	XLOC_005524	XLOC_005524
Upin_00008626	XLOC_005524	XLOC_005524
Upin_00007312	XLOC_004976	XLOC_004976
Upin_00008627	XLOC_005525	XLOC_005525
Upin_00007749	XLOC_005525	XLOC_005525
Upin_00008628	XLOC_005525	XLOC_005525
Upin_00007750	XLOC_005526	XLOC_005526
Upin_00008629	XLOC_005526	XLOC_005526
Upin_00007313	XLOC_004977	XLOC_004977
Upin_00008630	XLOC_005527	XLOC_005527
Upin_00007751	XLOC_005527	XLOC_005527
Upin_00007315	XLOC_004978	XLOC_004978
Upin_00008631	XLOC_005528	XLOC_005528
Upin_00007316	XLOC_004979	XLOC_004979
Upin_00008632	XLOC_005529	XLOC_005529
Upin_00007753	XLOC_005529	XLOC_005529
Upin_00007317	XLOC_004980	XLOC_004980
Upin_00007318	XLOC_004981	XLOC_004981
Upin_00007319	XLOC_004982	XLOC_004982
Upin_00007754	XLOC_005530	XLOC_005530
Upin_00007755	XLOC_005531	XLOC_005531
Upin_00007756	XLOC_005532	XLOC_005532
Upin_00007757	XLOC_005533	XLOC_005533
Upin_00008197	XLOC_004983	XLOC_004983
Upin_00007758	XLOC_005534	XLOC_005534
Upin_00008198	XLOC_004984	XLOC_004984
Upin_00007320	XLOC_004984	XLOC_004984
Upin_00007759	XLOC_005535	XLOC_005535
Upin_00008633	XLOC_005536	XLOC_005536
Upin_00007760	XLOC_005536	XLOC_005536
Upin_00007321	XLOC_004986	XLOC_004986
Upin_00008634	XLOC_005537	XLOC_005537
Upin_00008201	XLOC_004987	XLOC_004987
Upin_00007761	XLOC_005538	XLOC_005538
Upin_00007322	XLOC_004988	XLOC_004988
Upin_00008635	XLOC_005539	XLOC_005539
Upin_00007762	XLOC_005539	XLOC_005539
Upin_00008636	XLOC_005540	XLOC_005540
Upin_00008637	XLOC_005540	XLOC_005540
Upin_00008638	XLOC_005540	XLOC_005540
Upin_00007764	XLOC_005541	XLOC_005541
Upin_00007323	XLOC_004989	XLOC_004989
Upin_00007765	XLOC_005542	XLOC_005542
Upin_00008639	XLOC_005543	XLOC_005543
Upin_00007766	XLOC_005543	XLOC_005543
Upin_00007767	XLOC_005544	XLOC_005544
Upin_00007324	XLOC_004990	XLOC_004990
Upin_00007768	XLOC_005545	XLOC_005545
Upin_00008640	XLOC_005545	XLOC_005545
Upin_00007325	XLOC_004992	XLOC_004992
Upin_00008641	XLOC_005546	XLOC_005546
Upin_00008203	XLOC_004993	XLOC_004993
Upin_00008642	XLOC_005547	XLOC_005547
Upin_00008643	XLOC_005548	XLOC_005548
Upin_00008644	XLOC_005548	XLOC_005548
Upin_00007769	XLOC_005548	XLOC_005548
Upin_00008204	XLOC_004994	XLOC_004994
Upin_00008206	XLOC_004996	XLOC_004996
Upin_00008645	XLOC_005549	XLOC_005549
Upin_00008646	XLOC_005550	XLOC_005550
Upin_00007327	XLOC_004997	XLOC_004997
Upin_00007328	XLOC_004998	XLOC_004998
Upin_00007329	XLOC_004999	XLOC_004999
Upin_00008208	XLOC_004999	XLOC_004999
Upin_00007330	XLOC_005000	XLOC_005000
Upin_00007770	XLOC_005551	XLOC_005551
Upin_00007771	XLOC_005552	XLOC_005552
Upin_00007772	XLOC_005553	XLOC_005553
Upin_00007773	XLOC_005554	XLOC_005554
Upin_00007331	XLOC_005002	XLOC_005002
Upin_00008647	XLOC_005555	XLOC_005555
Upin_00007774	XLOC_005556	XLOC_005556
Upin_00008648	XLOC_005557	XLOC_005557
Upin_00007332	XLOC_005003	XLOC_005003
Upin_00008211	XLOC_005003	XLOC_005003
Upin_00007333	XLOC_005004	XLOC_005004
Upin_00008212	XLOC_005004	XLOC_005004
Upin_00007775	XLOC_005558	XLOC_005558
Upin_00007334	XLOC_005005	XLOC_005005
Upin_00008213	XLOC_005005	XLOC_005005
Upin_00008649	XLOC_005559	XLOC_005559
Upin_00008757	XLOC_005704	XLOC_005704
Upin_00008758	XLOC_005705	XLOC_005705
Upin_00008759	XLOC_005706	XLOC_005706
Upin_00009019	XLOC_005706	XLOC_005706
Upin_00008760	XLOC_005707	XLOC_005707
Upin_00009020	XLOC_005708	XLOC_005708
Upin_00008761	XLOC_005708	XLOC_005708
Upin_00008890	XLOC_005560	XLOC_005560
Upin_00008762	XLOC_005709	XLOC_005709
Upin_00008650	XLOC_005561	XLOC_005561
Upin_00008891	XLOC_005561	XLOC_005561
Upin_00008892	XLOC_005562	XLOC_005562
Upin_00008652	XLOC_005563	XLOC_005563
Upin_00009021	XLOC_005710	XLOC_005710
Upin_00009022	XLOC_005711	XLOC_005711
Upin_00008763	XLOC_005711	XLOC_005711
Upin_00008893	XLOC_005564	XLOC_005564
Upin_00008895	XLOC_005566	XLOC_005566
Upin_00008764	XLOC_005713	XLOC_005713
Upin_00008765	XLOC_005714	XLOC_005714
Upin_00008766	XLOC_005715	XLOC_005715
Upin_00008897	XLOC_005568	XLOC_005568
Upin_00008898	XLOC_005568	XLOC_005568
Upin_00009024	XLOC_005716	XLOC_005716
Upin_00008767	XLOC_005716	XLOC_005716
Upin_00009025	XLOC_005717	XLOC_005717
Upin_00008899	XLOC_005569	XLOC_005569
Upin_00009027	XLOC_005719	XLOC_005719
Upin_00008900	XLOC_005570	XLOC_005570
Upin_00009028	XLOC_005720	XLOC_005720
Upin_00008901	XLOC_005571	XLOC_005571
Upin_00008902	XLOC_005572	XLOC_005572
Upin_00008768	XLOC_005721	XLOC_005721
Upin_00009029	XLOC_005721	XLOC_005721
Upin_00008903	XLOC_005573	XLOC_005573
Upin_00008904	XLOC_005574	XLOC_005574
Upin_00008770	XLOC_005722	XLOC_005722
Upin_00009030	XLOC_005722	XLOC_005722
Upin_00009031	XLOC_005723	XLOC_005723
Upin_00009032	XLOC_005723	XLOC_005723
Upin_00008772	XLOC_005723	XLOC_005723
Upin_00009033	XLOC_005723	XLOC_005723
Upin_00009034	XLOC_005723	XLOC_005723
Upin_00009035	XLOC_005723	XLOC_005723
Upin_00009036	XLOC_005724	XLOC_005724
Upin_00009037	XLOC_005724	XLOC_005724
Upin_00008905	XLOC_005575	XLOC_005575
Upin_00009038	XLOC_005725	XLOC_005725
Upin_00008654	XLOC_005576	XLOC_005576
Upin_00008906	XLOC_005577	XLOC_005577
Upin_00009039	XLOC_005726	XLOC_005726
Upin_00008907	XLOC_005578	XLOC_005578
Upin_00008777	XLOC_005727	XLOC_005727
Upin_00008778	XLOC_005728	XLOC_005728
Upin_00008779	XLOC_005729	XLOC_005729
Upin_00009043	XLOC_005729	XLOC_005729
Upin_00009044	XLOC_005730	XLOC_005730
Upin_00008780	XLOC_005731	XLOC_005731
Upin_00008781	XLOC_005732	XLOC_005732
Upin_00008782	XLOC_005733	XLOC_005733
Upin_00008783	XLOC_005734	XLOC_005734
Upin_00009045	XLOC_005734	XLOC_005734
Upin_00008908	XLOC_005579	XLOC_005579
Upin_00008656	XLOC_005580	XLOC_005580
Upin_00008909	XLOC_005580	XLOC_005580
Upin_00008910	XLOC_005580	XLOC_005580
Upin_00008911	XLOC_005580	XLOC_005580
Upin_00008912	XLOC_005581	XLOC_005581
Upin_00008657	XLOC_005582	XLOC_005582
Upin_00008658	XLOC_005583	XLOC_005583
Upin_00008913	XLOC_005584	XLOC_005584
Upin_00008914	XLOC_005585	XLOC_005585
Upin_00008659	XLOC_005585	XLOC_005585
Upin_00008915	XLOC_005586	XLOC_005586
Upin_00009046	XLOC_005735	XLOC_005735
Upin_00008916	XLOC_005587	XLOC_005587
Upin_00008784	XLOC_005736	XLOC_005736
Upin_00008785	XLOC_005737	XLOC_005737
Upin_00008660	XLOC_005588	XLOC_005588
Upin_00008917	XLOC_005589	XLOC_005589
Upin_00009048	XLOC_005739	XLOC_005739
Upin_00009049	XLOC_005740	XLOC_005740
Upin_00008786	XLOC_005740	XLOC_005740
Upin_00009050	XLOC_005740	XLOC_005740
Upin_00009051	XLOC_005741	XLOC_005741
Upin_00008787	XLOC_005741	XLOC_005741
Upin_00009052	XLOC_005741	XLOC_005741
Upin_00009053	XLOC_005741	XLOC_005741
Upin_00008918	XLOC_005590	XLOC_005590
Upin_00008661	XLOC_005590	XLOC_005590
Upin_00008662	XLOC_005591	XLOC_005591
Upin_00008919	XLOC_005591	XLOC_005591
Upin_00008663	XLOC_005592	XLOC_005592
Upin_00008788	XLOC_005742	XLOC_005742
Upin_00009054	XLOC_005742	XLOC_005742
Upin_00008789	XLOC_005743	XLOC_005743
Upin_00009055	XLOC_005743	XLOC_005743
Upin_00008664	XLOC_005593	XLOC_005593
Upin_00008920	XLOC_005593	XLOC_005593
Upin_00008921	XLOC_005593	XLOC_005593
Upin_00008922	XLOC_005593	XLOC_005593
Upin_00008923	XLOC_005593	XLOC_005593
Upin_00008924	XLOC_005593	XLOC_005593
Upin_00008925	XLOC_005593	XLOC_005593
Upin_00009056	XLOC_005744	XLOC_005744
Upin_00008790	XLOC_005744	XLOC_005744
Upin_00009057	XLOC_005745	XLOC_005745
Upin_00008926	XLOC_005594	XLOC_005594
Upin_00008791	XLOC_005746	XLOC_005746
Upin_00008666	XLOC_005595	XLOC_005595
Upin_00008927	XLOC_005595	XLOC_005595
Upin_00008667	XLOC_005596	XLOC_005596
Upin_00008668	XLOC_005597	XLOC_005597
Upin_00008928	XLOC_005597	XLOC_005597
Upin_00008669	XLOC_005598	XLOC_005598
Upin_00008670	XLOC_005599	XLOC_005599
Upin_00008929	XLOC_005600	XLOC_005600
Upin_00008792	XLOC_005748	XLOC_005748
Upin_00009060	XLOC_005748	XLOC_005748
Upin_00008793	XLOC_005749	XLOC_005749
Upin_00008672	XLOC_005602	XLOC_005602
Upin_00009061	XLOC_005750	XLOC_005750
Upin_00008930	XLOC_005603	XLOC_005603
Upin_00008794	XLOC_005751	XLOC_005751
Upin_00008931	XLOC_005604	XLOC_005604
Upin_00008795	XLOC_005752	XLOC_005752
Upin_00008932	XLOC_005605	XLOC_005605
Upin_00008796	XLOC_005753	XLOC_005753
Upin_00008797	XLOC_005754	XLOC_005754
Upin_00008673	XLOC_005606	XLOC_005606
Upin_00008798	XLOC_005755	XLOC_005755
Upin_00009063	XLOC_005755	XLOC_005755
Upin_00008933	XLOC_005607	XLOC_005607
Upin_00008934	XLOC_005608	XLOC_005608
Upin_00008935	XLOC_005609	XLOC_005609
Upin_00008799	XLOC_005756	XLOC_005756
Upin_00008936	XLOC_005610	XLOC_005610
Upin_00008674	XLOC_005610	XLOC_005610
Upin_00008937	XLOC_005610	XLOC_005610
Upin_00008938	XLOC_005611	XLOC_005611
Upin_00008939	XLOC_005612	XLOC_005612
Upin_00008800	XLOC_005757	XLOC_005757
Upin_00009064	XLOC_005757	XLOC_005757
Upin_00008801	XLOC_005758	XLOC_005758
Upin_00008940	XLOC_005613	XLOC_005613
Upin_00008675	XLOC_005613	XLOC_005613
Upin_00008941	XLOC_005613	XLOC_005613
Upin_00008942	XLOC_005613	XLOC_005613
Upin_00008943	XLOC_005614	XLOC_005614
Upin_00008802	XLOC_005759	XLOC_005759
Upin_00009065	XLOC_005759	XLOC_005759
Upin_00008676	XLOC_005615	XLOC_005615
Upin_00008678	XLOC_005617	XLOC_005617
Upin_00008944	XLOC_005618	XLOC_005618
Upin_00008803	XLOC_005760	XLOC_005760
Upin_00009066	XLOC_005760	XLOC_005760
Upin_00009067	XLOC_005761	XLOC_005761
Upin_00008804	XLOC_005761	XLOC_005761
Upin_00008679	XLOC_005619	XLOC_005619
Upin_00008680	XLOC_005620	XLOC_005620
Upin_00008681	XLOC_005621	XLOC_005621
Upin_00008682	XLOC_005622	XLOC_005622
Upin_00008805	XLOC_005762	XLOC_005762
Upin_00009068	XLOC_005762	XLOC_005762
Upin_00008945	XLOC_005623	XLOC_005623
Upin_00008683	XLOC_005623	XLOC_005623
Upin_00008946	XLOC_005623	XLOC_005623
Upin_00008806	XLOC_005763	XLOC_005763
Upin_00009069	XLOC_005763	XLOC_005763
Upin_00008947	XLOC_005625	XLOC_005625
Upin_00008948	XLOC_005626	XLOC_005626
Upin_00009071	XLOC_005765	XLOC_005765
Upin_00008807	XLOC_005766	XLOC_005766
Upin_00009072	XLOC_005766	XLOC_005766
Upin_00008685	XLOC_005627	XLOC_005627
Upin_00008949	XLOC_005628	XLOC_005628
Upin_00008808	XLOC_005767	XLOC_005767
Upin_00008809	XLOC_005768	XLOC_005768
Upin_00008810	XLOC_005769	XLOC_005769
Upin_00009073	XLOC_005769	XLOC_005769
Upin_00009074	XLOC_005770	XLOC_005770
Upin_00008811	XLOC_005770	XLOC_005770
Upin_00009075	XLOC_005770	XLOC_005770
Upin_00008812	XLOC_005771	XLOC_005771
Upin_00008686	XLOC_005629	XLOC_005629
Upin_00008950	XLOC_005629	XLOC_005629
Upin_00009076	XLOC_005772	XLOC_005772
Upin_00008813	XLOC_005772	XLOC_005772
Upin_00008814	XLOC_005773	XLOC_005773
Upin_00008951	XLOC_005630	XLOC_005630
Upin_00008692	XLOC_005630	XLOC_005630
Upin_00008953	XLOC_005631	XLOC_005631
Upin_00008815	XLOC_005774	XLOC_005774
Upin_00009077	XLOC_005774	XLOC_005774
Upin_00008816	XLOC_005775	XLOC_005775
Upin_00009078	XLOC_005775	XLOC_005775
Upin_00008695	XLOC_005632	XLOC_005632
Upin_00008954	XLOC_005632	XLOC_005632
Upin_00008817	XLOC_005776	XLOC_005776
Upin_00009079	XLOC_005776	XLOC_005776
Upin_00008955	XLOC_005633	XLOC_005633
Upin_00009080	XLOC_005777	XLOC_005777
Upin_00008697	XLOC_005634	XLOC_005634
Upin_00009081	XLOC_005778	XLOC_005778
Upin_00008818	XLOC_005778	XLOC_005778
Upin_00008698	XLOC_005635	XLOC_005635
Upin_00008819	XLOC_005779	XLOC_005779
Upin_00008820	XLOC_005780	XLOC_005780
Upin_00008699	XLOC_005636	XLOC_005636
Upin_00009082	XLOC_005781	XLOC_005781
Upin_00008821	XLOC_005781	XLOC_005781
Upin_00009083	XLOC_005781	XLOC_005781
Upin_00008822	XLOC_005782	XLOC_005782
Upin_00009085	XLOC_005783	XLOC_005783
Upin_00008700	XLOC_005637	XLOC_005637
Upin_00008959	XLOC_005637	XLOC_005637
Upin_00009086	XLOC_005784	XLOC_005784
Upin_00008823	XLOC_005784	XLOC_005784
Upin_00008825	XLOC_005785	XLOC_005785
Upin_00008826	XLOC_005786	XLOC_005786
Upin_00008701	XLOC_005639	XLOC_005639
Upin_00008961	XLOC_005639	XLOC_005639
Upin_00008827	XLOC_005787	XLOC_005787
Upin_00008702	XLOC_005640	XLOC_005640
Upin_00008828	XLOC_005788	XLOC_005788
Upin_00008829	XLOC_005789	XLOC_005789
Upin_00008962	XLOC_005641	XLOC_005641
Upin_00008830	XLOC_005790	XLOC_005790
Upin_00008831	XLOC_005791	XLOC_005791
Upin_00008833	XLOC_005792	XLOC_005792
Upin_00009088	XLOC_005792	XLOC_005792
Upin_00008703	XLOC_005642	XLOC_005642
Upin_00008834	XLOC_005793	XLOC_005793
Upin_00009089	XLOC_005793	XLOC_005793
Upin_00009091	XLOC_005793	XLOC_005793
Upin_00008835	XLOC_005794	XLOC_005794
Upin_00009092	XLOC_005794	XLOC_005794
Upin_00009093	XLOC_005794	XLOC_005794
Upin_00008704	XLOC_005643	XLOC_005643
Upin_00008964	XLOC_005643	XLOC_005643
Upin_00009094	XLOC_005795	XLOC_005795
Upin_00008836	XLOC_005796	XLOC_005796
Upin_00008705	XLOC_005644	XLOC_005644
Upin_00008966	XLOC_005644	XLOC_005644
Upin_00008706	XLOC_005645	XLOC_005645
Upin_00008970	XLOC_005645	XLOC_005645
Upin_00008708	XLOC_005646	XLOC_005646
Upin_00008972	XLOC_005647	XLOC_005647
Upin_00008973	XLOC_005648	XLOC_005648
Upin_00008709	XLOC_005649	XLOC_005649
Upin_00008837	XLOC_005797	XLOC_005797
Upin_00009095	XLOC_005797	XLOC_005797
Upin_00009096	XLOC_005798	XLOC_005798
Upin_00008711	XLOC_005650	XLOC_005650
Upin_00008975	XLOC_005650	XLOC_005650
Upin_00009097	XLOC_005799	XLOC_005799
Upin_00008712	XLOC_005651	XLOC_005651
Upin_00008838	XLOC_005800	XLOC_005800
Upin_00009098	XLOC_005801	XLOC_005801
Upin_00008713	XLOC_005652	XLOC_005652
Upin_00008976	XLOC_005653	XLOC_005653
Upin_00009099	XLOC_005802	XLOC_005802
Upin_00008841	XLOC_005803	XLOC_005803
Upin_00009100	XLOC_005803	XLOC_005803
Upin_00008714	XLOC_005654	XLOC_005654
Upin_00008842	XLOC_005804	XLOC_005804
Upin_00009101	XLOC_005805	XLOC_005805
Upin_00008843	XLOC_005806	XLOC_005806
Upin_00008977	XLOC_005655	XLOC_005655
Upin_00009102	XLOC_005807	XLOC_005807
Upin_00008844	XLOC_005808	XLOC_005808
Upin_00008715	XLOC_005656	XLOC_005656
Upin_00008978	XLOC_005656	XLOC_005656
Upin_00008845	XLOC_005809	XLOC_005809
Upin_00009103	XLOC_005809	XLOC_005809
Upin_00009104	XLOC_005809	XLOC_005809
Upin_00008979	XLOC_005657	XLOC_005657
Upin_00008846	XLOC_005810	XLOC_005810
Upin_00008847	XLOC_005811	XLOC_005811
Upin_00008980	XLOC_005658	XLOC_005658
Upin_00008981	XLOC_005658	XLOC_005658
Upin_00009106	XLOC_005812	XLOC_005812
Upin_00008848	XLOC_005812	XLOC_005812
Upin_00008849	XLOC_005813	XLOC_005813
Upin_00008717	XLOC_005659	XLOC_005659
Upin_00008982	XLOC_005659	XLOC_005659
Upin_00008850	XLOC_005814	XLOC_005814
Upin_00009107	XLOC_005814	XLOC_005814
Upin_00009108	XLOC_005814	XLOC_005814
Upin_00008719	XLOC_005660	XLOC_005660
Upin_00008983	XLOC_005660	XLOC_005660
Upin_00008852	XLOC_005816	XLOC_005816
Upin_00008853	XLOC_005817	XLOC_005817
Upin_00008854	XLOC_005818	XLOC_005818
Upin_00008720	XLOC_005661	XLOC_005661
Upin_00008984	XLOC_005661	XLOC_005661
Upin_00008855	XLOC_005819	XLOC_005819
Upin_00009109	XLOC_005819	XLOC_005819
Upin_00009110	XLOC_005819	XLOC_005819
Upin_00009111	XLOC_005819	XLOC_005819
Upin_00008856	XLOC_005820	XLOC_005820
Upin_00009114	XLOC_005820	XLOC_005820
Upin_00008721	XLOC_005662	XLOC_005662
Upin_00008985	XLOC_005662	XLOC_005662
Upin_00008857	XLOC_005821	XLOC_005821
Upin_00009115	XLOC_005821	XLOC_005821
Upin_00008858	XLOC_005822	XLOC_005822
Upin_00008986	XLOC_005663	XLOC_005663
Upin_00008859	XLOC_005823	XLOC_005823
Upin_00008723	XLOC_005665	XLOC_005665
Upin_00008987	XLOC_005665	XLOC_005665
Upin_00008724	XLOC_005666	XLOC_005666
Upin_00009116	XLOC_005824	XLOC_005824
Upin_00008860	XLOC_005824	XLOC_005824
Upin_00009117	XLOC_005824	XLOC_005824
Upin_00009118	XLOC_005824	XLOC_005824
Upin_00009119	XLOC_005824	XLOC_005824
Upin_00009120	XLOC_005824	XLOC_005824
Upin_00009121	XLOC_005824	XLOC_005824
Upin_00009122	XLOC_005824	XLOC_005824
Upin_00008861	XLOC_005825	XLOC_005825
Upin_00009123	XLOC_005825	XLOC_005825
Upin_00009125	XLOC_005826	XLOC_005826
Upin_00008863	XLOC_005826	XLOC_005826
Upin_00009126	XLOC_005826	XLOC_005826
Upin_00009127	XLOC_005826	XLOC_005826
Upin_00009128	XLOC_005827	XLOC_005827
Upin_00008864	XLOC_005827	XLOC_005827
Upin_00008865	XLOC_005828	XLOC_005828
Upin_00008989	XLOC_005667	XLOC_005667
Upin_00008725	XLOC_005668	XLOC_005668
Upin_00008991	XLOC_005668	XLOC_005668
Upin_00009129	XLOC_005829	XLOC_005829
Upin_00008866	XLOC_005829	XLOC_005829
Upin_00008867	XLOC_005830	XLOC_005830
Upin_00009130	XLOC_005831	XLOC_005831
Upin_00008868	XLOC_005831	XLOC_005831
Upin_00009131	XLOC_005832	XLOC_005832
Upin_00009132	XLOC_005833	XLOC_005833
Upin_00009133	XLOC_005834	XLOC_005834
Upin_00008869	XLOC_005835	XLOC_005835
Upin_00009134	XLOC_005836	XLOC_005836
Upin_00009135	XLOC_005837	XLOC_005837
Upin_00009136	XLOC_005838	XLOC_005838
Upin_00009137	XLOC_005839	XLOC_005839
Upin_00009138	XLOC_005840	XLOC_005840
Upin_00008870	XLOC_005841	XLOC_005841
Upin_00009139	XLOC_005841	XLOC_005841
Upin_00009140	XLOC_005841	XLOC_005841
Upin_00008992	XLOC_005669	XLOC_005669
Upin_00009142	XLOC_005842	XLOC_005842
Upin_00008871	XLOC_005843	XLOC_005843
Upin_00009143	XLOC_005844	XLOC_005844
Upin_00008726	XLOC_005671	XLOC_005671
Upin_00008727	XLOC_005672	XLOC_005672
Upin_00008872	XLOC_005845	XLOC_005845
Upin_00009144	XLOC_005845	XLOC_005845
Upin_00009145	XLOC_005846	XLOC_005846
Upin_00008873	XLOC_005846	XLOC_005846
Upin_00009146	XLOC_005846	XLOC_005846
Upin_00008728	XLOC_005673	XLOC_005673
Upin_00008996	XLOC_005673	XLOC_005673
Upin_00008874	XLOC_005847	XLOC_005847
Upin_00009149	XLOC_005847	XLOC_005847
Upin_00008875	XLOC_005849	XLOC_005849
Upin_00008729	XLOC_005674	XLOC_005674
Upin_00008997	XLOC_005674	XLOC_005674
Upin_00008876	XLOC_005850	XLOC_005850
Upin_00008730	XLOC_005675	XLOC_005675
Upin_00008731	XLOC_005677	XLOC_005677
Upin_00009150	XLOC_005851	XLOC_005851
Upin_00008732	XLOC_005678	XLOC_005678
Upin_00008999	XLOC_005678	XLOC_005678
Upin_00008877	XLOC_005852	XLOC_005852
Upin_00008733	XLOC_005679	XLOC_005679
Upin_00008734	XLOC_005680	XLOC_005680
Upin_00009000	XLOC_005680	XLOC_005680
Upin_00008735	XLOC_005681	XLOC_005681
Upin_00008737	XLOC_005682	XLOC_005682
Upin_00009002	XLOC_005683	XLOC_005683
Upin_00008738	XLOC_005683	XLOC_005683
Upin_00009003	XLOC_005683	XLOC_005683
Upin_00009004	XLOC_005683	XLOC_005683
Upin_00008878	XLOC_005853	XLOC_005853
Upin_00008739	XLOC_005684	XLOC_005684
Upin_00008879	XLOC_005854	XLOC_005854
Upin_00008880	XLOC_005856	XLOC_005856
Upin_00008740	XLOC_005685	XLOC_005685
Upin_00008881	XLOC_005857	XLOC_005857
Upin_00009152	XLOC_005857	XLOC_005857
Upin_00008741	XLOC_005686	XLOC_005686
Upin_00009007	XLOC_005686	XLOC_005686
Upin_00009153	XLOC_005858	XLOC_005858
Upin_00008742	XLOC_005687	XLOC_005687
Upin_00009008	XLOC_005687	XLOC_005687
Upin_00008882	XLOC_005859	XLOC_005859
Upin_00009156	XLOC_005859	XLOC_005859
Upin_00009158	XLOC_005859	XLOC_005859
Upin_00009157	XLOC_005860	XLOC_005860
Upin_00009009	XLOC_005688	XLOC_005688
Upin_00008743	XLOC_005688	XLOC_005688
Upin_00008744	XLOC_005689	XLOC_005689
Upin_00008745	XLOC_005690	XLOC_005690
Upin_00009010	XLOC_005690	XLOC_005690
Upin_00008883	XLOC_005861	XLOC_005861
Upin_00009160	XLOC_005861	XLOC_005861
Upin_00009161	XLOC_005861	XLOC_005861
Upin_00008884	XLOC_005862	XLOC_005862
Upin_00009163	XLOC_005863	XLOC_005863
Upin_00008885	XLOC_005864	XLOC_005864
Upin_00009164	XLOC_005864	XLOC_005864
Upin_00008746	XLOC_005691	XLOC_005691
Upin_00009011	XLOC_005692	XLOC_005692
Upin_00008747	XLOC_005692	XLOC_005692
Upin_00009012	XLOC_005693	XLOC_005693
Upin_00008886	XLOC_005865	XLOC_005865
Upin_00008748	XLOC_005694	XLOC_005694
Upin_00009013	XLOC_005694	XLOC_005694
Upin_00008749	XLOC_005695	XLOC_005695
Upin_00009014	XLOC_005696	XLOC_005696
Upin_00009015	XLOC_005698	XLOC_005698
Upin_00008751	XLOC_005698	XLOC_005698
Upin_00009016	XLOC_005699	XLOC_005699
Upin_00008754	XLOC_005700	XLOC_005700
Upin_00009165	XLOC_005867	XLOC_005867
Upin_00008888	XLOC_005867	XLOC_005867
Upin_00008755	XLOC_005702	XLOC_005702
Upin_00008889	XLOC_005868	XLOC_005868
Upin_00008756	XLOC_005703	XLOC_005703
Upin_00009018	XLOC_005703	XLOC_005703
Upin_00009166	XLOC_005869	XLOC_005869
Upin_00009167	XLOC_005869	XLOC_005869
Upin_00009295	XLOC_006032	XLOC_006032
Upin_00009554	XLOC_006032	XLOC_006032
Upin_00009555	XLOC_006033	XLOC_006033
Upin_00009296	XLOC_006034	XLOC_006034
Upin_00009297	XLOC_006035	XLOC_006035
Upin_00009299	XLOC_006037	XLOC_006037
Upin_00009168	XLOC_005870	XLOC_005870
Upin_00009169	XLOC_005871	XLOC_005871
Upin_00009442	XLOC_005871	XLOC_005871
Upin_00009443	XLOC_005871	XLOC_005871
Upin_00009170	XLOC_005872	XLOC_005872
Upin_00009171	XLOC_005873	XLOC_005873
Upin_00009444	XLOC_005873	XLOC_005873
Upin_00009300	XLOC_006038	XLOC_006038
Upin_00009172	XLOC_005874	XLOC_005874
Upin_00009173	XLOC_005875	XLOC_005875
Upin_00009301	XLOC_006039	XLOC_006039
Upin_00009302	XLOC_006040	XLOC_006040
Upin_00009303	XLOC_006041	XLOC_006041
Upin_00009174	XLOC_005876	XLOC_005876
Upin_00009175	XLOC_005877	XLOC_005877
Upin_00009176	XLOC_005878	XLOC_005878
Upin_00009304	XLOC_006042	XLOC_006042
Upin_00009305	XLOC_006043	XLOC_006043
Upin_00009306	XLOC_006044	XLOC_006044
Upin_00009307	XLOC_006045	XLOC_006045
Upin_00009308	XLOC_006046	XLOC_006046
Upin_00009177	XLOC_005880	XLOC_005880
Upin_00009309	XLOC_006047	XLOC_006047
Upin_00009178	XLOC_005881	XLOC_005881
Upin_00009179	XLOC_005882	XLOC_005882
Upin_00009180	XLOC_005883	XLOC_005883
Upin_00009560	XLOC_006050	XLOC_006050
Upin_00009310	XLOC_006051	XLOC_006051
Upin_00009181	XLOC_005884	XLOC_005884
Upin_00009447	XLOC_005884	XLOC_005884
Upin_00009561	XLOC_006052	XLOC_006052
Upin_00009311	XLOC_006053	XLOC_006053
Upin_00009182	XLOC_005885	XLOC_005885
Upin_00009312	XLOC_006055	XLOC_006055
Upin_00009313	XLOC_006056	XLOC_006056
Upin_00009314	XLOC_006057	XLOC_006057
Upin_00009183	XLOC_005886	XLOC_005886
Upin_00009184	XLOC_005887	XLOC_005887
Upin_00009448	XLOC_005887	XLOC_005887
Upin_00009315	XLOC_006058	XLOC_006058
Upin_00009563	XLOC_006059	XLOC_006059
Upin_00009564	XLOC_006060	XLOC_006060
Upin_00009450	XLOC_005889	XLOC_005889
Upin_00009316	XLOC_006061	XLOC_006061
Upin_00009318	XLOC_006063	XLOC_006063
Upin_00009185	XLOC_005890	XLOC_005890
Upin_00009451	XLOC_005890	XLOC_005890
Upin_00009319	XLOC_006065	XLOC_006065
Upin_00009186	XLOC_005892	XLOC_005892
Upin_00009320	XLOC_006066	XLOC_006066
Upin_00009321	XLOC_006067	XLOC_006067
Upin_00009567	XLOC_006067	XLOC_006067
Upin_00009187	XLOC_005893	XLOC_005893
Upin_00009322	XLOC_006068	XLOC_006068
Upin_00009323	XLOC_006069	XLOC_006069
Upin_00009324	XLOC_006070	XLOC_006070
Upin_00009325	XLOC_006071	XLOC_006071
Upin_00009326	XLOC_006072	XLOC_006072
Upin_00009327	XLOC_006073	XLOC_006073
Upin_00009328	XLOC_006074	XLOC_006074
Upin_00009188	XLOC_005894	XLOC_005894
Upin_00009329	XLOC_006075	XLOC_006075
Upin_00009568	XLOC_006075	XLOC_006075
Upin_00009331	XLOC_006076	XLOC_006076
Upin_00009332	XLOC_006077	XLOC_006077
Upin_00009333	XLOC_006078	XLOC_006078
Upin_00009570	XLOC_006079	XLOC_006079
Upin_00009571	XLOC_006079	XLOC_006079
Upin_00009189	XLOC_005896	XLOC_005896
Upin_00009572	XLOC_006080	XLOC_006080
Upin_00009190	XLOC_005897	XLOC_005897
Upin_00009573	XLOC_006081	XLOC_006081
Upin_00009335	XLOC_006081	XLOC_006081
Upin_00009455	XLOC_005898	XLOC_005898
Upin_00009456	XLOC_005899	XLOC_005899
Upin_00009336	XLOC_006082	XLOC_006082
Upin_00009576	XLOC_006082	XLOC_006082
Upin_00009191	XLOC_005900	XLOC_005900
Upin_00009192	XLOC_005901	XLOC_005901
Upin_00009337	XLOC_006083	XLOC_006083
Upin_00009577	XLOC_006083	XLOC_006083
Upin_00009193	XLOC_005903	XLOC_005903
Upin_00009578	XLOC_006084	XLOC_006084
Upin_00009579	XLOC_006085	XLOC_006085
Upin_00009338	XLOC_006085	XLOC_006085
Upin_00009194	XLOC_005905	XLOC_005905
Upin_00009339	XLOC_006087	XLOC_006087
Upin_00009340	XLOC_006088	XLOC_006088
Upin_00009460	XLOC_005906	XLOC_005906
Upin_00009195	XLOC_005906	XLOC_005906
Upin_00009462	XLOC_005906	XLOC_005906
Upin_00009196	XLOC_005907	XLOC_005907
Upin_00009341	XLOC_006089	XLOC_006089
Upin_00009583	XLOC_006089	XLOC_006089
Upin_00009197	XLOC_005908	XLOC_005908
Upin_00009585	XLOC_006090	XLOC_006090
Upin_00009342	XLOC_006091	XLOC_006091
Upin_00009343	XLOC_006092	XLOC_006092
Upin_00009586	XLOC_006093	XLOC_006093
Upin_00009198	XLOC_005909	XLOC_005909
Upin_00009587	XLOC_006094	XLOC_006094
Upin_00009344	XLOC_006095	XLOC_006095
Upin_00009199	XLOC_005910	XLOC_005910
Upin_00009345	XLOC_006097	XLOC_006097
Upin_00009200	XLOC_005911	XLOC_005911
Upin_00009201	XLOC_005912	XLOC_005912
Upin_00009202	XLOC_005913	XLOC_005913
Upin_00009203	XLOC_005914	XLOC_005914
Upin_00009346	XLOC_006099	XLOC_006099
Upin_00009347	XLOC_006100	XLOC_006100
Upin_00009348	XLOC_006101	XLOC_006101
Upin_00009349	XLOC_006102	XLOC_006102
Upin_00009591	XLOC_006102	XLOC_006102
Upin_00009204	XLOC_005915	XLOC_005915
Upin_00009350	XLOC_006103	XLOC_006103
Upin_00009351	XLOC_006104	XLOC_006104
Upin_00009352	XLOC_006105	XLOC_006105
Upin_00009463	XLOC_005916	XLOC_005916
Upin_00009353	XLOC_006108	XLOC_006108
Upin_00009207	XLOC_005917	XLOC_005917
Upin_00009465	XLOC_005917	XLOC_005917
Upin_00009595	XLOC_006109	XLOC_006109
Upin_00009355	XLOC_006110	XLOC_006110
Upin_00009208	XLOC_005918	XLOC_005918
Upin_00009209	XLOC_005919	XLOC_005919
Upin_00009210	XLOC_005920	XLOC_005920
Upin_00009356	XLOC_006112	XLOC_006112
Upin_00009211	XLOC_005921	XLOC_005921
Upin_00009212	XLOC_005922	XLOC_005922
Upin_00009213	XLOC_005923	XLOC_005923
Upin_00009469	XLOC_005923	XLOC_005923
Upin_00009357	XLOC_006113	XLOC_006113
Upin_00009358	XLOC_006114	XLOC_006114
Upin_00009359	XLOC_006115	XLOC_006115
Upin_00009360	XLOC_006116	XLOC_006116
Upin_00009361	XLOC_006119	XLOC_006119
Upin_00009362	XLOC_006120	XLOC_006120
Upin_00009363	XLOC_006121	XLOC_006121
Upin_00009473	XLOC_005926	XLOC_005926
Upin_00009214	XLOC_005926	XLOC_005926
Upin_00009474	XLOC_005926	XLOC_005926
Upin_00009215	XLOC_005927	XLOC_005927
Upin_00009364	XLOC_006122	XLOC_006122
Upin_00009216	XLOC_005928	XLOC_005928
Upin_00009365	XLOC_006124	XLOC_006124
Upin_00009366	XLOC_006125	XLOC_006125
Upin_00009476	XLOC_005929	XLOC_005929
Upin_00009606	XLOC_006126	XLOC_006126
Upin_00009367	XLOC_006126	XLOC_006126
Upin_00009217	XLOC_005931	XLOC_005931
Upin_00009368	XLOC_006127	XLOC_006127
Upin_00009608	XLOC_006127	XLOC_006127
Upin_00009609	XLOC_006127	XLOC_006127
Upin_00009369	XLOC_006128	XLOC_006128
Upin_00009370	XLOC_006129	XLOC_006129
Upin_00009371	XLOC_006130	XLOC_006130
Upin_00009612	XLOC_006130	XLOC_006130
Upin_00009613	XLOC_006131	XLOC_006131
Upin_00009218	XLOC_005936	XLOC_005936
Upin_00009483	XLOC_005936	XLOC_005936
Upin_00009372	XLOC_006132	XLOC_006132
Upin_00009373	XLOC_006133	XLOC_006133
Upin_00009615	XLOC_006133	XLOC_006133
Upin_00009374	XLOC_006134	XLOC_006134
Upin_00009616	XLOC_006134	XLOC_006134
Upin_00009617	XLOC_006134	XLOC_006134
Upin_00009219	XLOC_005937	XLOC_005937
Upin_00009485	XLOC_005937	XLOC_005937
Upin_00009618	XLOC_006135	XLOC_006135
Upin_00009619	XLOC_006136	XLOC_006136
Upin_00009376	XLOC_006137	XLOC_006137
Upin_00009377	XLOC_006138	XLOC_006138
Upin_00009378	XLOC_006139	XLOC_006139
Upin_00009379	XLOC_006140	XLOC_006140
Upin_00009620	XLOC_006141	XLOC_006141
Upin_00009380	XLOC_006141	XLOC_006141
Upin_00009220	XLOC_005938	XLOC_005938
Upin_00009221	XLOC_005939	XLOC_005939
Upin_00009222	XLOC_005940	XLOC_005940
Upin_00009381	XLOC_006142	XLOC_006142
Upin_00009621	XLOC_006143	XLOC_006143
Upin_00009488	XLOC_005941	XLOC_005941
Upin_00009382	XLOC_006144	XLOC_006144
Upin_00009223	XLOC_005942	XLOC_005942
Upin_00009383	XLOC_006145	XLOC_006145
Upin_00009384	XLOC_006146	XLOC_006146
Upin_00009224	XLOC_005943	XLOC_005943
Upin_00009225	XLOC_005944	XLOC_005944
Upin_00009623	XLOC_006147	XLOC_006147
Upin_00009385	XLOC_006148	XLOC_006148
Upin_00009386	XLOC_006149	XLOC_006149
Upin_00009387	XLOC_006150	XLOC_006150
Upin_00009226	XLOC_005945	XLOC_005945
Upin_00009388	XLOC_006151	XLOC_006151
Upin_00009228	XLOC_005946	XLOC_005946
Upin_00009626	XLOC_006152	XLOC_006152
Upin_00009389	XLOC_006153	XLOC_006153
Upin_00009390	XLOC_006154	XLOC_006154
Upin_00009229	XLOC_005947	XLOC_005947
Upin_00009230	XLOC_005948	XLOC_005948
Upin_00009231	XLOC_005949	XLOC_005949
Upin_00009493	XLOC_005950	XLOC_005950
Upin_00009391	XLOC_006155	XLOC_006155
Upin_00009392	XLOC_006156	XLOC_006156
Upin_00009393	XLOC_006157	XLOC_006157
Upin_00009394	XLOC_006158	XLOC_006158
Upin_00009628	XLOC_006159	XLOC_006159
Upin_00009395	XLOC_006160	XLOC_006160
Upin_00009629	XLOC_006160	XLOC_006160
Upin_00009396	XLOC_006161	XLOC_006161
Upin_00009494	XLOC_005951	XLOC_005951
Upin_00009631	XLOC_006162	XLOC_006162
Upin_00009232	XLOC_005952	XLOC_005952
Upin_00009233	XLOC_005954	XLOC_005954
Upin_00009496	XLOC_005954	XLOC_005954
Upin_00009234	XLOC_005955	XLOC_005955
Upin_00009235	XLOC_005956	XLOC_005956
Upin_00009236	XLOC_005957	XLOC_005957
Upin_00009633	XLOC_006164	XLOC_006164
Upin_00009397	XLOC_006165	XLOC_006165
Upin_00009635	XLOC_006166	XLOC_006166
Upin_00009398	XLOC_006167	XLOC_006167
Upin_00009399	XLOC_006168	XLOC_006168
Upin_00009637	XLOC_006169	XLOC_006169
Upin_00009400	XLOC_006170	XLOC_006170
Upin_00009237	XLOC_005959	XLOC_005959
Upin_00009401	XLOC_006171	XLOC_006171
Upin_00009238	XLOC_005960	XLOC_005960
Upin_00009402	XLOC_006172	XLOC_006172
Upin_00009640	XLOC_006172	XLOC_006172
Upin_00009403	XLOC_006173	XLOC_006173
Upin_00009644	XLOC_006174	XLOC_006174
Upin_00009240	XLOC_005962	XLOC_005962
Upin_00009404	XLOC_006175	XLOC_006175
Upin_00009501	XLOC_005963	XLOC_005963
Upin_00009405	XLOC_006176	XLOC_006176
Upin_00009406	XLOC_006177	XLOC_006177
Upin_00009407	XLOC_006178	XLOC_006178
Upin_00009243	XLOC_005965	XLOC_005965
Upin_00009503	XLOC_005965	XLOC_005965
Upin_00009505	XLOC_005967	XLOC_005967
Upin_00009244	XLOC_005968	XLOC_005968
Upin_00009507	XLOC_005968	XLOC_005968
Upin_00009408	XLOC_006179	XLOC_006179
Upin_00009509	XLOC_005970	XLOC_005970
Upin_00009409	XLOC_006180	XLOC_006180
Upin_00009646	XLOC_006181	XLOC_006181
Upin_00009245	XLOC_005971	XLOC_005971
Upin_00009647	XLOC_006182	XLOC_006182
Upin_00009410	XLOC_006183	XLOC_006183
Upin_00009246	XLOC_005972	XLOC_005972
Upin_00009650	XLOC_006185	XLOC_006185
Upin_00009411	XLOC_006186	XLOC_006186
Upin_00009247	XLOC_005973	XLOC_005973
Upin_00009652	XLOC_006187	XLOC_006187
Upin_00009248	XLOC_005974	XLOC_005974
Upin_00009249	XLOC_005975	XLOC_005975
Upin_00009250	XLOC_005976	XLOC_005976
Upin_00009251	XLOC_005977	XLOC_005977
Upin_00009252	XLOC_005978	XLOC_005978
Upin_00009253	XLOC_005979	XLOC_005979
Upin_00009515	XLOC_005979	XLOC_005979
Upin_00009254	XLOC_005980	XLOC_005980
Upin_00009517	XLOC_005980	XLOC_005980
Upin_00009255	XLOC_005982	XLOC_005982
Upin_00009413	XLOC_006188	XLOC_006188
Upin_00009256	XLOC_005983	XLOC_005983
Upin_00009257	XLOC_005984	XLOC_005984
Upin_00009414	XLOC_006190	XLOC_006190
Upin_00009258	XLOC_005985	XLOC_005985
Upin_00009522	XLOC_005985	XLOC_005985
Upin_00009655	XLOC_006191	XLOC_006191
Upin_00009259	XLOC_005986	XLOC_005986
Upin_00009416	XLOC_006193	XLOC_006193
Upin_00009657	XLOC_006194	XLOC_006194
Upin_00009658	XLOC_006195	XLOC_006195
Upin_00009659	XLOC_006196	XLOC_006196
Upin_00009660	XLOC_006197	XLOC_006197
Upin_00009417	XLOC_006198	XLOC_006198
Upin_00009523	XLOC_005987	XLOC_005987
Upin_00009418	XLOC_006199	XLOC_006199
Upin_00009524	XLOC_005988	XLOC_005988
Upin_00009419	XLOC_006200	XLOC_006200
Upin_00009664	XLOC_006200	XLOC_006200
Upin_00009420	XLOC_006201	XLOC_006201
Upin_00009525	XLOC_005989	XLOC_005989
Upin_00009261	XLOC_005990	XLOC_005990
Upin_00009527	XLOC_005990	XLOC_005990
Upin_00009262	XLOC_005991	XLOC_005991
Upin_00009421	XLOC_006202	XLOC_006202
Upin_00009422	XLOC_006203	XLOC_006203
Upin_00009423	XLOC_006204	XLOC_006204
Upin_00009263	XLOC_005992	XLOC_005992
Upin_00009529	XLOC_005994	XLOC_005994
Upin_00009424	XLOC_006206	XLOC_006206
Upin_00009425	XLOC_006207	XLOC_006207
Upin_00009426	XLOC_006208	XLOC_006208
Upin_00009530	XLOC_005995	XLOC_005995
Upin_00009531	XLOC_005996	XLOC_005996
Upin_00009427	XLOC_006209	XLOC_006209
Upin_00009667	XLOC_006210	XLOC_006210
Upin_00009428	XLOC_006211	XLOC_006211
Upin_00009429	XLOC_006213	XLOC_006213
Upin_00009265	XLOC_006000	XLOC_006000
Upin_00009266	XLOC_006001	XLOC_006001
Upin_00009536	XLOC_006001	XLOC_006001
Upin_00009670	XLOC_006214	XLOC_006214
Upin_00009268	XLOC_006002	XLOC_006002
Upin_00009269	XLOC_006003	XLOC_006003
Upin_00009270	XLOC_006004	XLOC_006004
Upin_00009272	XLOC_006006	XLOC_006006
Upin_00009273	XLOC_006007	XLOC_006007
Upin_00009274	XLOC_006008	XLOC_006008
Upin_00009275	XLOC_006009	XLOC_006009
Upin_00009672	XLOC_006216	XLOC_006216
Upin_00009276	XLOC_006010	XLOC_006010
Upin_00009277	XLOC_006011	XLOC_006011
Upin_00009278	XLOC_006012	XLOC_006012
Upin_00009279	XLOC_006013	XLOC_006013
Upin_00009280	XLOC_006014	XLOC_006014
Upin_00009281	XLOC_006015	XLOC_006015
Upin_00009430	XLOC_006219	XLOC_006219
Upin_00009539	XLOC_006016	XLOC_006016
Upin_00009431	XLOC_006220	XLOC_006220
Upin_00009283	XLOC_006017	XLOC_006017
Upin_00009677	XLOC_006221	XLOC_006221
Upin_00009432	XLOC_006221	XLOC_006221
Upin_00009284	XLOC_006018	XLOC_006018
Upin_00009542	XLOC_006018	XLOC_006018
Upin_00009543	XLOC_006018	XLOC_006018
Upin_00009544	XLOC_006018	XLOC_006018
Upin_00009678	XLOC_006222	XLOC_006222
Upin_00009433	XLOC_006223	XLOC_006223
Upin_00009679	XLOC_006223	XLOC_006223
Upin_00009434	XLOC_006224	XLOC_006224
Upin_00009285	XLOC_006019	XLOC_006019
Upin_00009547	XLOC_006019	XLOC_006019
Upin_00009286	XLOC_006020	XLOC_006020
Upin_00009287	XLOC_006021	XLOC_006021
Upin_00009435	XLOC_006225	XLOC_006225
Upin_00009288	XLOC_006022	XLOC_006022
Upin_00009289	XLOC_006023	XLOC_006023
Upin_00009548	XLOC_006023	XLOC_006023
Upin_00009549	XLOC_006024	XLOC_006024
Upin_00009550	XLOC_006025	XLOC_006025
Upin_00009551	XLOC_006026	XLOC_006026
Upin_00009290	XLOC_006027	XLOC_006027
Upin_00009291	XLOC_006028	XLOC_006028
Upin_00009436	XLOC_006226	XLOC_006226
Upin_00009683	XLOC_006226	XLOC_006226
Upin_00009292	XLOC_006029	XLOC_006029
Upin_00009293	XLOC_006030	XLOC_006030
Upin_00009437	XLOC_006227	XLOC_006227
Upin_00009438	XLOC_006228	XLOC_006228
Upin_00009294	XLOC_006031	XLOC_006031
Upin_00009439	XLOC_006229	XLOC_006229
Upin_00009440	XLOC_006230	XLOC_006230
Upin_00009872	XLOC_006503	XLOC_006503
Upin_00009687	XLOC_006231	XLOC_006231
Upin_00010310	XLOC_006504	XLOC_006504
Upin_00010311	XLOC_006505	XLOC_006505
Upin_00009873	XLOC_006505	XLOC_006505
Upin_00009688	XLOC_006232	XLOC_006232
Upin_00010312	XLOC_006506	XLOC_006506
Upin_00009689	XLOC_006233	XLOC_006233
Upin_00010313	XLOC_006507	XLOC_006507
Upin_00009874	XLOC_006507	XLOC_006507
Upin_00010314	XLOC_006507	XLOC_006507
Upin_00010098	XLOC_006234	XLOC_006234
Upin_00009875	XLOC_006508	XLOC_006508
Upin_00010315	XLOC_006508	XLOC_006508
Upin_00010316	XLOC_006508	XLOC_006508
Upin_00010317	XLOC_006509	XLOC_006509
Upin_00009876	XLOC_006509	XLOC_006509
Upin_00009690	XLOC_006235	XLOC_006235
Upin_00009691	XLOC_006236	XLOC_006236
Upin_00010100	XLOC_006236	XLOC_006236
Upin_00009877	XLOC_006510	XLOC_006510
Upin_00010318	XLOC_006511	XLOC_006511
Upin_00010101	XLOC_006237	XLOC_006237
Upin_00009878	XLOC_006513	XLOC_006513
Upin_00009879	XLOC_006514	XLOC_006514
Upin_00010320	XLOC_006514	XLOC_006514
Upin_00009694	XLOC_006238	XLOC_006238
Upin_00009880	XLOC_006515	XLOC_006515
Upin_00010321	XLOC_006515	XLOC_006515
Upin_00010104	XLOC_006239	XLOC_006239
Upin_00010322	XLOC_006516	XLOC_006516
Upin_00010323	XLOC_006517	XLOC_006517
Upin_00009696	XLOC_006240	XLOC_006240
Upin_00009697	XLOC_006241	XLOC_006241
Upin_00009698	XLOC_006243	XLOC_006243
Upin_00009882	XLOC_006518	XLOC_006518
Upin_00010324	XLOC_006518	XLOC_006518
Upin_00010107	XLOC_006244	XLOC_006244
Upin_00009699	XLOC_006245	XLOC_006245
Upin_00009701	XLOC_006248	XLOC_006248
Upin_00010325	XLOC_006519	XLOC_006519
Upin_00009702	XLOC_006249	XLOC_006249
Upin_00010111	XLOC_006249	XLOC_006249
Upin_00010112	XLOC_006249	XLOC_006249
Upin_00009883	XLOC_006520	XLOC_006520
Upin_00009884	XLOC_006521	XLOC_006521
Upin_00009703	XLOC_006250	XLOC_006250
Upin_00009885	XLOC_006522	XLOC_006522
Upin_00010326	XLOC_006522	XLOC_006522
Upin_00010327	XLOC_006522	XLOC_006522
Upin_00009704	XLOC_006251	XLOC_006251
Upin_00009705	XLOC_006252	XLOC_006252
Upin_00009886	XLOC_006523	XLOC_006523
Upin_00010328	XLOC_006524	XLOC_006524
Upin_00010114	XLOC_006253	XLOC_006253
Upin_00009706	XLOC_006254	XLOC_006254
Upin_00010329	XLOC_006525	XLOC_006525
Upin_00009887	XLOC_006525	XLOC_006525
Upin_00010331	XLOC_006525	XLOC_006525
Upin_00010330	XLOC_006526	XLOC_006526
Upin_00009707	XLOC_006255	XLOC_006255
Upin_00010116	XLOC_006255	XLOC_006255
Upin_00009708	XLOC_006256	XLOC_006256
Upin_00010332	XLOC_006527	XLOC_006527
Upin_00009889	XLOC_006528	XLOC_006528
Upin_00009890	XLOC_006529	XLOC_006529
Upin_00009709	XLOC_006257	XLOC_006257
Upin_00010333	XLOC_006530	XLOC_006530
Upin_00009891	XLOC_006531	XLOC_006531
Upin_00009892	XLOC_006532	XLOC_006532
Upin_00010334	XLOC_006532	XLOC_006532
Upin_00010335	XLOC_006532	XLOC_006532
Upin_00010336	XLOC_006533	XLOC_006533
Upin_00009710	XLOC_006260	XLOC_006260
Upin_00009711	XLOC_006261	XLOC_006261
Upin_00010121	XLOC_006262	XLOC_006262
Upin_00010337	XLOC_006534	XLOC_006534
Upin_00009893	XLOC_006534	XLOC_006534
Upin_00010338	XLOC_006534	XLOC_006534
Upin_00009712	XLOC_006263	XLOC_006263
Upin_00009894	XLOC_006535	XLOC_006535
Upin_00009713	XLOC_006264	XLOC_006264
Upin_00010339	XLOC_006536	XLOC_006536
Upin_00009895	XLOC_006537	XLOC_006537
Upin_00009714	XLOC_006265	XLOC_006265
Upin_00010123	XLOC_006266	XLOC_006266
Upin_00009896	XLOC_006539	XLOC_006539
Upin_00009715	XLOC_006267	XLOC_006267
Upin_00009897	XLOC_006540	XLOC_006540
Upin_00010341	XLOC_006540	XLOC_006540
Upin_00010124	XLOC_006268	XLOC_006268
Upin_00009898	XLOC_006541	XLOC_006541
Upin_00010342	XLOC_006541	XLOC_006541
Upin_00010343	XLOC_006541	XLOC_006541
Upin_00009716	XLOC_006269	XLOC_006269
Upin_00009717	XLOC_006270	XLOC_006270
Upin_00010126	XLOC_006271	XLOC_006271
Upin_00009899	XLOC_006543	XLOC_006543
Upin_00010345	XLOC_006543	XLOC_006543
Upin_00009900	XLOC_006544	XLOC_006544
Upin_00010346	XLOC_006544	XLOC_006544
Upin_00010127	XLOC_006272	XLOC_006272
Upin_00009718	XLOC_006273	XLOC_006273
Upin_00009901	XLOC_006545	XLOC_006545
Upin_00009902	XLOC_006546	XLOC_006546
Upin_00010128	XLOC_006274	XLOC_006274
Upin_00010129	XLOC_006274	XLOC_006274
Upin_00010130	XLOC_006274	XLOC_006274
Upin_00009903	XLOC_006547	XLOC_006547
Upin_00010347	XLOC_006548	XLOC_006548
Upin_00009719	XLOC_006275	XLOC_006275
Upin_00010131	XLOC_006276	XLOC_006276
Upin_00009905	XLOC_006549	XLOC_006549
Upin_00010349	XLOC_006550	XLOC_006550
Upin_00009720	XLOC_006277	XLOC_006277
Upin_00009906	XLOC_006551	XLOC_006551
Upin_00010350	XLOC_006552	XLOC_006552
Upin_00009907	XLOC_006552	XLOC_006552
Upin_00009721	XLOC_006278	XLOC_006278
Upin_00010133	XLOC_006279	XLOC_006279
Upin_00010351	XLOC_006553	XLOC_006553
Upin_00009908	XLOC_006553	XLOC_006553
Upin_00010352	XLOC_006553	XLOC_006553
Upin_00010353	XLOC_006553	XLOC_006553
Upin_00010354	XLOC_006554	XLOC_006554
Upin_00009909	XLOC_006554	XLOC_006554
Upin_00009722	XLOC_006280	XLOC_006280
Upin_00010135	XLOC_006281	XLOC_006281
Upin_00010355	XLOC_006555	XLOC_006555
Upin_00009910	XLOC_006556	XLOC_006556
Upin_00010136	XLOC_006282	XLOC_006282
Upin_00009723	XLOC_006283	XLOC_006283
Upin_00009911	XLOC_006557	XLOC_006557
Upin_00010356	XLOC_006557	XLOC_006557
Upin_00010138	XLOC_006284	XLOC_006284
Upin_00009724	XLOC_006285	XLOC_006285
Upin_00009912	XLOC_006558	XLOC_006558
Upin_00009725	XLOC_006286	XLOC_006286
Upin_00010140	XLOC_006287	XLOC_006287
Upin_00010357	XLOC_006559	XLOC_006559
Upin_00009726	XLOC_006288	XLOC_006288
Upin_00010358	XLOC_006560	XLOC_006560
Upin_00009914	XLOC_006560	XLOC_006560
Upin_00010141	XLOC_006289	XLOC_006289
Upin_00009727	XLOC_006289	XLOC_006289
Upin_00010142	XLOC_006289	XLOC_006289
Upin_00009728	XLOC_006290	XLOC_006290
Upin_00010359	XLOC_006561	XLOC_006561
Upin_00010360	XLOC_006562	XLOC_006562
Upin_00010144	XLOC_006292	XLOC_006292
Upin_00010145	XLOC_006293	XLOC_006293
Upin_00009729	XLOC_006294	XLOC_006294
Upin_00010146	XLOC_006294	XLOC_006294
Upin_00010147	XLOC_006294	XLOC_006294
Upin_00010149	XLOC_006296	XLOC_006296
Upin_00009730	XLOC_006297	XLOC_006297
Upin_00009915	XLOC_006563	XLOC_006563
Upin_00010361	XLOC_006563	XLOC_006563
Upin_00009731	XLOC_006298	XLOC_006298
Upin_00010362	XLOC_006564	XLOC_006564
Upin_00009916	XLOC_006564	XLOC_006564
Upin_00010363	XLOC_006564	XLOC_006564
Upin_00010364	XLOC_006564	XLOC_006564
Upin_00010365	XLOC_006565	XLOC_006565
Upin_00010152	XLOC_006299	XLOC_006299
Upin_00010366	XLOC_006566	XLOC_006566
Upin_00009732	XLOC_006300	XLOC_006300
Upin_00010156	XLOC_006301	XLOC_006301
Upin_00010157	XLOC_006302	XLOC_006302
Upin_00010158	XLOC_006303	XLOC_006303
Upin_00009917	XLOC_006567	XLOC_006567
Upin_00010367	XLOC_006567	XLOC_006567
Upin_00009733	XLOC_006304	XLOC_006304
Upin_00009919	XLOC_006568	XLOC_006568
Upin_00010368	XLOC_006568	XLOC_006568
Upin_00010160	XLOC_006305	XLOC_006305
Upin_00009734	XLOC_006305	XLOC_006305
Upin_00010161	XLOC_006305	XLOC_006305
Upin_00010369	XLOC_006569	XLOC_006569
Upin_00010370	XLOC_006570	XLOC_006570
Upin_00010162	XLOC_006306	XLOC_006306
Upin_00009920	XLOC_006571	XLOC_006571
Upin_00010371	XLOC_006571	XLOC_006571
Upin_00009736	XLOC_006307	XLOC_006307
Upin_00010372	XLOC_006572	XLOC_006572
Upin_00009921	XLOC_006573	XLOC_006573
Upin_00010373	XLOC_006573	XLOC_006573
Upin_00009737	XLOC_006308	XLOC_006308
Upin_00009922	XLOC_006574	XLOC_006574
Upin_00010163	XLOC_006309	XLOC_006309
Upin_00009738	XLOC_006310	XLOC_006310
Upin_00009924	XLOC_006575	XLOC_006575
Upin_00009739	XLOC_006311	XLOC_006311
Upin_00009925	XLOC_006576	XLOC_006576
Upin_00010164	XLOC_006312	XLOC_006312
Upin_00010166	XLOC_006313	XLOC_006313
Upin_00010374	XLOC_006577	XLOC_006577
Upin_00010375	XLOC_006578	XLOC_006578
Upin_00010376	XLOC_006579	XLOC_006579
Upin_00010377	XLOC_006580	XLOC_006580
Upin_00010167	XLOC_006314	XLOC_006314
Upin_00009740	XLOC_006315	XLOC_006315
Upin_00009741	XLOC_006316	XLOC_006316
Upin_00009926	XLOC_006581	XLOC_006581
Upin_00010378	XLOC_006582	XLOC_006582
Upin_00009743	XLOC_006317	XLOC_006317
Upin_00009927	XLOC_006583	XLOC_006583
Upin_00010379	XLOC_006583	XLOC_006583
Upin_00010380	XLOC_006584	XLOC_006584
Upin_00010381	XLOC_006585	XLOC_006585
Upin_00009744	XLOC_006318	XLOC_006318
Upin_00010169	XLOC_006318	XLOC_006318
Upin_00009745	XLOC_006319	XLOC_006319
Upin_00009746	XLOC_006320	XLOC_006320
Upin_00009747	XLOC_006321	XLOC_006321
Upin_00009928	XLOC_006586	XLOC_006586
Upin_00010382	XLOC_006588	XLOC_006588
Upin_00009930	XLOC_006589	XLOC_006589
Upin_00009931	XLOC_006590	XLOC_006590
Upin_00009932	XLOC_006591	XLOC_006591
Upin_00010170	XLOC_006322	XLOC_006322
Upin_00009933	XLOC_006592	XLOC_006592
Upin_00009934	XLOC_006593	XLOC_006593
Upin_00009935	XLOC_006594	XLOC_006594
Upin_00010383	XLOC_006594	XLOC_006594
Upin_00009936	XLOC_006595	XLOC_006595
Upin_00009937	XLOC_006596	XLOC_006596
Upin_00010384	XLOC_006597	XLOC_006597
Upin_00009938	XLOC_006598	XLOC_006598
Upin_00010385	XLOC_006598	XLOC_006598
Upin_00010171	XLOC_006324	XLOC_006324
Upin_00010172	XLOC_006325	XLOC_006325
Upin_00009939	XLOC_006599	XLOC_006599
Upin_00010173	XLOC_006326	XLOC_006326
Upin_00010387	XLOC_006601	XLOC_006601
Upin_00009941	XLOC_006601	XLOC_006601
Upin_00010388	XLOC_006602	XLOC_006602
Upin_00010389	XLOC_006603	XLOC_006603
Upin_00010174	XLOC_006327	XLOC_006327
Upin_00010176	XLOC_006329	XLOC_006329
Upin_00009943	XLOC_006605	XLOC_006605
Upin_00010390	XLOC_006605	XLOC_006605
Upin_00009752	XLOC_006330	XLOC_006330
Upin_00010178	XLOC_006331	XLOC_006331
Upin_00009944	XLOC_006606	XLOC_006606
Upin_00009753	XLOC_006332	XLOC_006332
Upin_00009754	XLOC_006333	XLOC_006333
Upin_00009755	XLOC_006334	XLOC_006334
Upin_00010180	XLOC_006334	XLOC_006334
Upin_00009756	XLOC_006335	XLOC_006335
Upin_00010391	XLOC_006607	XLOC_006607
Upin_00009945	XLOC_006607	XLOC_006607
Upin_00010392	XLOC_006607	XLOC_006607
Upin_00010393	XLOC_006607	XLOC_006607
Upin_00009946	XLOC_006608	XLOC_006608
Upin_00010394	XLOC_006608	XLOC_006608
Upin_00009757	XLOC_006336	XLOC_006336
Upin_00010182	XLOC_006336	XLOC_006336
Upin_00010395	XLOC_006609	XLOC_006609
Upin_00009947	XLOC_006610	XLOC_006610
Upin_00010396	XLOC_006610	XLOC_006610
Upin_00009948	XLOC_006611	XLOC_006611
Upin_00010397	XLOC_006611	XLOC_006611
Upin_00010183	XLOC_006337	XLOC_006337
Upin_00010398	XLOC_006612	XLOC_006612
Upin_00009949	XLOC_006612	XLOC_006612
Upin_00010399	XLOC_006612	XLOC_006612
Upin_00010400	XLOC_006612	XLOC_006612
Upin_00009758	XLOC_006338	XLOC_006338
Upin_00010185	XLOC_006339	XLOC_006339
Upin_00009950	XLOC_006613	XLOC_006613
Upin_00009759	XLOC_006340	XLOC_006340
Upin_00010401	XLOC_006614	XLOC_006614
Upin_00010186	XLOC_006341	XLOC_006341
Upin_00010402	XLOC_006615	XLOC_006615
Upin_00009951	XLOC_006615	XLOC_006615
Upin_00010403	XLOC_006615	XLOC_006615
Upin_00010404	XLOC_006615	XLOC_006615
Upin_00010405	XLOC_006615	XLOC_006615
Upin_00009760	XLOC_006342	XLOC_006342
Upin_00010188	XLOC_006342	XLOC_006342
Upin_00010189	XLOC_006343	XLOC_006343
Upin_00010406	XLOC_006617	XLOC_006617
Upin_00010407	XLOC_006618	XLOC_006618
Upin_00010408	XLOC_006619	XLOC_006619
Upin_00010409	XLOC_006620	XLOC_006620
Upin_00010190	XLOC_006344	XLOC_006344
Upin_00009761	XLOC_006344	XLOC_006344
Upin_00010191	XLOC_006344	XLOC_006344
Upin_00010410	XLOC_006621	XLOC_006621
Upin_00009762	XLOC_006345	XLOC_006345
Upin_00010411	XLOC_006622	XLOC_006622
Upin_00009955	XLOC_006622	XLOC_006622
Upin_00010192	XLOC_006346	XLOC_006346
Upin_00009764	XLOC_006347	XLOC_006347
Upin_00009765	XLOC_006348	XLOC_006348
Upin_00010193	XLOC_006349	XLOC_006349
Upin_00009956	XLOC_006623	XLOC_006623
Upin_00009957	XLOC_006624	XLOC_006624
Upin_00010412	XLOC_006624	XLOC_006624
Upin_00010413	XLOC_006625	XLOC_006625
Upin_00009958	XLOC_006626	XLOC_006626
Upin_00009959	XLOC_006627	XLOC_006627
Upin_00010194	XLOC_006350	XLOC_006350
Upin_00009960	XLOC_006628	XLOC_006628
Upin_00010414	XLOC_006628	XLOC_006628
Upin_00010195	XLOC_006351	XLOC_006351
Upin_00009961	XLOC_006629	XLOC_006629
Upin_00010415	XLOC_006629	XLOC_006629
Upin_00010196	XLOC_006352	XLOC_006352
Upin_00009962	XLOC_006630	XLOC_006630
Upin_00009963	XLOC_006631	XLOC_006631
Upin_00009964	XLOC_006632	XLOC_006632
Upin_00010417	XLOC_006633	XLOC_006633
Upin_00009965	XLOC_006633	XLOC_006633
Upin_00009768	XLOC_006354	XLOC_006354
Upin_00009966	XLOC_006634	XLOC_006634
Upin_00009967	XLOC_006635	XLOC_006635
Upin_00010418	XLOC_006635	XLOC_006635
Upin_00009769	XLOC_006355	XLOC_006355
Upin_00009968	XLOC_006636	XLOC_006636
Upin_00010200	XLOC_006357	XLOC_006357
Upin_00009770	XLOC_006357	XLOC_006357
Upin_00010201	XLOC_006357	XLOC_006357
Upin_00010202	XLOC_006357	XLOC_006357
Upin_00009771	XLOC_006358	XLOC_006358
Upin_00009772	XLOC_006359	XLOC_006359
Upin_00009969	XLOC_006637	XLOC_006637
Upin_00010420	XLOC_006637	XLOC_006637
Upin_00010421	XLOC_006637	XLOC_006637
Upin_00010422	XLOC_006637	XLOC_006637
Upin_00009773	XLOC_006360	XLOC_006360
Upin_00009970	XLOC_006638	XLOC_006638
Upin_00010423	XLOC_006638	XLOC_006638
Upin_00010424	XLOC_006638	XLOC_006638
Upin_00010425	XLOC_006638	XLOC_006638
Upin_00010205	XLOC_006361	XLOC_006361
Upin_00009774	XLOC_006362	XLOC_006362
Upin_00010206	XLOC_006362	XLOC_006362
Upin_00009971	XLOC_006639	XLOC_006639
Upin_00009775	XLOC_006363	XLOC_006363
Upin_00010427	XLOC_006640	XLOC_006640
Upin_00009972	XLOC_006640	XLOC_006640
Upin_00009776	XLOC_006364	XLOC_006364
Upin_00010428	XLOC_006641	XLOC_006641
Upin_00009777	XLOC_006365	XLOC_006365
Upin_00009973	XLOC_006642	XLOC_006642
Upin_00009974	XLOC_006643	XLOC_006643
Upin_00009778	XLOC_006366	XLOC_006366
Upin_00009975	XLOC_006644	XLOC_006644
Upin_00010209	XLOC_006367	XLOC_006367
Upin_00009779	XLOC_006368	XLOC_006368
Upin_00010430	XLOC_006645	XLOC_006645
Upin_00010431	XLOC_006645	XLOC_006645
Upin_00009976	XLOC_006645	XLOC_006645
Upin_00009977	XLOC_006646	XLOC_006646
Upin_00009978	XLOC_006647	XLOC_006647
Upin_00010432	XLOC_006647	XLOC_006647
Upin_00010433	XLOC_006648	XLOC_006648
Upin_00010211	XLOC_006369	XLOC_006369
Upin_00009780	XLOC_006369	XLOC_006369
Upin_00009979	XLOC_006649	XLOC_006649
Upin_00009980	XLOC_006650	XLOC_006650
Upin_00009781	XLOC_006370	XLOC_006370
Upin_00009981	XLOC_006651	XLOC_006651
Upin_00009782	XLOC_006371	XLOC_006371
Upin_00010434	XLOC_006652	XLOC_006652
Upin_00009982	XLOC_006653	XLOC_006653
Upin_00009983	XLOC_006654	XLOC_006654
Upin_00009984	XLOC_006655	XLOC_006655
Upin_00010435	XLOC_006655	XLOC_006655
Upin_00009985	XLOC_006656	XLOC_006656
Upin_00009783	XLOC_006372	XLOC_006372
Upin_00010436	XLOC_006657	XLOC_006657
Upin_00009784	XLOC_006373	XLOC_006373
Upin_00010213	XLOC_006373	XLOC_006373
Upin_00010214	XLOC_006373	XLOC_006373
Upin_00009987	XLOC_006658	XLOC_006658
Upin_00009785	XLOC_006374	XLOC_006374
Upin_00009988	XLOC_006659	XLOC_006659
Upin_00010437	XLOC_006659	XLOC_006659
Upin_00010215	XLOC_006375	XLOC_006375
Upin_00009989	XLOC_006660	XLOC_006660
Upin_00010438	XLOC_006661	XLOC_006661
Upin_00009990	XLOC_006662	XLOC_006662
Upin_00009786	XLOC_006376	XLOC_006376
Upin_00009991	XLOC_006663	XLOC_006663
Upin_00009787	XLOC_006377	XLOC_006377
Upin_00010216	XLOC_006377	XLOC_006377
Upin_00009788	XLOC_006378	XLOC_006378
Upin_00010218	XLOC_006378	XLOC_006378
Upin_00009992	XLOC_006664	XLOC_006664
Upin_00010440	XLOC_006664	XLOC_006664
Upin_00010441	XLOC_006664	XLOC_006664
Upin_00009993	XLOC_006665	XLOC_006665
Upin_00010442	XLOC_006665	XLOC_006665
Upin_00010443	XLOC_006666	XLOC_006666
Upin_00010444	XLOC_006667	XLOC_006667
Upin_00010445	XLOC_006668	XLOC_006668
Upin_00009994	XLOC_006669	XLOC_006669
Upin_00009995	XLOC_006670	XLOC_006670
Upin_00009789	XLOC_006379	XLOC_006379
Upin_00010219	XLOC_006379	XLOC_006379
Upin_00009996	XLOC_006671	XLOC_006671
Upin_00009790	XLOC_006381	XLOC_006381
Upin_00010222	XLOC_006381	XLOC_006381
Upin_00009997	XLOC_006672	XLOC_006672
Upin_00010447	XLOC_006672	XLOC_006672
Upin_00009791	XLOC_006382	XLOC_006382
Upin_00010448	XLOC_006673	XLOC_006673
Upin_00010449	XLOC_006674	XLOC_006674
Upin_00009792	XLOC_006383	XLOC_006383
Upin_00010450	XLOC_006675	XLOC_006675
Upin_00010224	XLOC_006384	XLOC_006384
Upin_00009998	XLOC_006676	XLOC_006676
Upin_00009793	XLOC_006385	XLOC_006385
Upin_00009999	XLOC_006677	XLOC_006677
Upin_00010451	XLOC_006677	XLOC_006677
Upin_00010452	XLOC_006677	XLOC_006677
Upin_00010453	XLOC_006677	XLOC_006677
Upin_00010454	XLOC_006677	XLOC_006677
Upin_00010455	XLOC_006677	XLOC_006677
Upin_00010456	XLOC_006677	XLOC_006677
Upin_00010457	XLOC_006677	XLOC_006677
Upin_00010458	XLOC_006677	XLOC_006677
Upin_00010459	XLOC_006677	XLOC_006677
Upin_00009794	XLOC_006386	XLOC_006386
Upin_00010000	XLOC_006678	XLOC_006678
Upin_00009795	XLOC_006387	XLOC_006387
Upin_00010001	XLOC_006679	XLOC_006679
Upin_00009796	XLOC_006388	XLOC_006388
Upin_00010460	XLOC_006680	XLOC_006680
Upin_00009797	XLOC_006389	XLOC_006389
Upin_00010228	XLOC_006389	XLOC_006389
Upin_00010004	XLOC_006681	XLOC_006681
Upin_00010461	XLOC_006681	XLOC_006681
Upin_00010462	XLOC_006682	XLOC_006682
Upin_00009798	XLOC_006390	XLOC_006390
Upin_00010229	XLOC_006390	XLOC_006390
Upin_00009799	XLOC_006391	XLOC_006391
Upin_00010005	XLOC_006683	XLOC_006683
Upin_00010463	XLOC_006683	XLOC_006683
Upin_00009800	XLOC_006392	XLOC_006392
Upin_00010006	XLOC_006684	XLOC_006684
Upin_00010230	XLOC_006393	XLOC_006393
Upin_00010007	XLOC_006685	XLOC_006685
Upin_00009801	XLOC_006394	XLOC_006394
Upin_00010231	XLOC_006394	XLOC_006394
Upin_00009802	XLOC_006395	XLOC_006395
Upin_00010008	XLOC_006686	XLOC_006686
Upin_00010464	XLOC_006687	XLOC_006687
Upin_00010233	XLOC_006398	XLOC_006398
Upin_00010234	XLOC_006399	XLOC_006399
Upin_00010009	XLOC_006688	XLOC_006688
Upin_00010235	XLOC_006400	XLOC_006400
Upin_00010236	XLOC_006400	XLOC_006400
Upin_00010465	XLOC_006689	XLOC_006689
Upin_00010010	XLOC_006690	XLOC_006690
Upin_00010011	XLOC_006691	XLOC_006691
Upin_00010466	XLOC_006691	XLOC_006691
Upin_00010467	XLOC_006692	XLOC_006692
Upin_00010012	XLOC_006693	XLOC_006693
Upin_00010468	XLOC_006693	XLOC_006693
Upin_00010237	XLOC_006401	XLOC_006401
Upin_00009805	XLOC_006402	XLOC_006402
Upin_00010238	XLOC_006402	XLOC_006402
Upin_00010239	XLOC_006403	XLOC_006403
Upin_00009806	XLOC_006404	XLOC_006404
Upin_00010469	XLOC_006694	XLOC_006694
Upin_00009807	XLOC_006405	XLOC_006405
Upin_00010470	XLOC_006695	XLOC_006695
Upin_00010241	XLOC_006406	XLOC_006406
Upin_00010471	XLOC_006696	XLOC_006696
Upin_00010013	XLOC_006697	XLOC_006697
Upin_00010472	XLOC_006697	XLOC_006697
Upin_00010473	XLOC_006697	XLOC_006697
Upin_00010474	XLOC_006697	XLOC_006697
Upin_00009808	XLOC_006407	XLOC_006407
Upin_00010014	XLOC_006698	XLOC_006698
Upin_00009809	XLOC_006408	XLOC_006408
Upin_00010242	XLOC_006409	XLOC_006409
Upin_00009810	XLOC_006410	XLOC_006410
Upin_00010015	XLOC_006699	XLOC_006699
Upin_00010476	XLOC_006700	XLOC_006700
Upin_00010016	XLOC_006701	XLOC_006701
Upin_00009811	XLOC_006411	XLOC_006411
Upin_00009813	XLOC_006412	XLOC_006412
Upin_00010245	XLOC_006413	XLOC_006413
Upin_00010017	XLOC_006702	XLOC_006702
Upin_00010477	XLOC_006702	XLOC_006702
Upin_00010246	XLOC_006414	XLOC_006414
Upin_00010018	XLOC_006703	XLOC_006703
Upin_00009814	XLOC_006415	XLOC_006415
Upin_00009815	XLOC_006416	XLOC_006416
Upin_00010247	XLOC_006417	XLOC_006417
Upin_00010478	XLOC_006705	XLOC_006705
Upin_00009816	XLOC_006418	XLOC_006418
Upin_00010020	XLOC_006706	XLOC_006706
Upin_00010021	XLOC_006707	XLOC_006707
Upin_00010248	XLOC_006419	XLOC_006419
Upin_00010022	XLOC_006708	XLOC_006708
Upin_00010023	XLOC_006709	XLOC_006709
Upin_00009817	XLOC_006420	XLOC_006420
Upin_00010249	XLOC_006420	XLOC_006420
Upin_00010250	XLOC_006421	XLOC_006421
Upin_00010024	XLOC_006710	XLOC_006710
Upin_00009818	XLOC_006422	XLOC_006422
Upin_00010251	XLOC_006422	XLOC_006422
Upin_00010025	XLOC_006711	XLOC_006711
Upin_00010026	XLOC_006712	XLOC_006712
Upin_00010027	XLOC_006713	XLOC_006713
Upin_00010028	XLOC_006714	XLOC_006714
Upin_00009819	XLOC_006423	XLOC_006423
Upin_00010253	XLOC_006425	XLOC_006425
Upin_00009820	XLOC_006425	XLOC_006425
Upin_00010254	XLOC_006425	XLOC_006425
Upin_00010029	XLOC_006715	XLOC_006715
Upin_00010479	XLOC_006715	XLOC_006715
Upin_00010480	XLOC_006716	XLOC_006716
Upin_00009821	XLOC_006426	XLOC_006426
Upin_00010256	XLOC_006427	XLOC_006427
Upin_00009822	XLOC_006427	XLOC_006427
Upin_00010481	XLOC_006717	XLOC_006717
Upin_00010030	XLOC_006718	XLOC_006718
Upin_00010031	XLOC_006719	XLOC_006719
Upin_00010483	XLOC_006719	XLOC_006719
Upin_00010484	XLOC_006720	XLOC_006720
Upin_00010032	XLOC_006720	XLOC_006720
Upin_00010485	XLOC_006721	XLOC_006721
Upin_00009823	XLOC_006429	XLOC_006429
Upin_00010258	XLOC_006429	XLOC_006429
Upin_00010259	XLOC_006429	XLOC_006429
Upin_00010033	XLOC_006722	XLOC_006722
Upin_00010487	XLOC_006722	XLOC_006722
Upin_00010486	XLOC_006723	XLOC_006723
Upin_00010260	XLOC_006430	XLOC_006430
Upin_00010488	XLOC_006724	XLOC_006724
Upin_00010489	XLOC_006725	XLOC_006725
Upin_00009824	XLOC_006431	XLOC_006431
Upin_00010490	XLOC_006726	XLOC_006726
Upin_00009825	XLOC_006432	XLOC_006432
Upin_00010261	XLOC_006432	XLOC_006432
Upin_00010262	XLOC_006432	XLOC_006432
Upin_00010491	XLOC_006728	XLOC_006728
Upin_00010035	XLOC_006729	XLOC_006729
Upin_00010492	XLOC_006729	XLOC_006729
Upin_00010036	XLOC_006730	XLOC_006730
Upin_00010493	XLOC_006730	XLOC_006730
Upin_00010263	XLOC_006433	XLOC_006433
Upin_00009826	XLOC_006434	XLOC_006434
Upin_00010264	XLOC_006434	XLOC_006434
Upin_00010265	XLOC_006434	XLOC_006434
Upin_00009827	XLOC_006435	XLOC_006435
Upin_00010266	XLOC_006435	XLOC_006435
Upin_00010037	XLOC_006731	XLOC_006731
Upin_00010038	XLOC_006732	XLOC_006732
Upin_00009828	XLOC_006436	XLOC_006436
Upin_00010039	XLOC_006733	XLOC_006733
Upin_00010494	XLOC_006733	XLOC_006733
Upin_00009829	XLOC_006437	XLOC_006437
Upin_00010267	XLOC_006437	XLOC_006437
Upin_00009830	XLOC_006438	XLOC_006438
Upin_00010495	XLOC_006734	XLOC_006734
Upin_00009831	XLOC_006439	XLOC_006439
Upin_00010496	XLOC_006735	XLOC_006735
Upin_00010040	XLOC_006735	XLOC_006735
Upin_00009832	XLOC_006440	XLOC_006440
Upin_00010268	XLOC_006441	XLOC_006441
Upin_00010497	XLOC_006736	XLOC_006736
Upin_00010269	XLOC_006442	XLOC_006442
Upin_00010270	XLOC_006443	XLOC_006443
Upin_00010041	XLOC_006737	XLOC_006737
Upin_00010498	XLOC_006737	XLOC_006737
Upin_00010271	XLOC_006444	XLOC_006444
Upin_00009833	XLOC_006445	XLOC_006445
Upin_00010272	XLOC_006445	XLOC_006445
Upin_00010273	XLOC_006446	XLOC_006446
Upin_00010042	XLOC_006738	XLOC_006738
Upin_00010501	XLOC_006738	XLOC_006738
Upin_00010502	XLOC_006738	XLOC_006738
Upin_00010274	XLOC_006447	XLOC_006447
Upin_00009834	XLOC_006447	XLOC_006447
Upin_00010043	XLOC_006739	XLOC_006739
Upin_00010503	XLOC_006739	XLOC_006739
Upin_00010275	XLOC_006448	XLOC_006448
Upin_00009835	XLOC_006449	XLOC_006449
Upin_00010276	XLOC_006450	XLOC_006450
Upin_00010505	XLOC_006741	XLOC_006741
Upin_00010506	XLOC_006742	XLOC_006742
Upin_00010045	XLOC_006742	XLOC_006742
Upin_00010046	XLOC_006743	XLOC_006743
Upin_00010047	XLOC_006745	XLOC_006745
Upin_00009836	XLOC_006451	XLOC_006451
Upin_00009837	XLOC_006452	XLOC_006452
Upin_00010277	XLOC_006453	XLOC_006453
Upin_00010510	XLOC_006748	XLOC_006748
Upin_00010048	XLOC_006748	XLOC_006748
Upin_00010049	XLOC_006749	XLOC_006749
Upin_00010511	XLOC_006749	XLOC_006749
Upin_00010279	XLOC_006454	XLOC_006454
Upin_00009838	XLOC_006455	XLOC_006455
Upin_00010512	XLOC_006750	XLOC_006750
Upin_00009839	XLOC_006456	XLOC_006456
Upin_00010513	XLOC_006751	XLOC_006751
Upin_00010280	XLOC_006457	XLOC_006457
Upin_00010051	XLOC_006752	XLOC_006752
Upin_00010052	XLOC_006753	XLOC_006753
Upin_00009840	XLOC_006458	XLOC_006458
Upin_00010281	XLOC_006458	XLOC_006458
Upin_00010053	XLOC_006754	XLOC_006754
Upin_00010514	XLOC_006754	XLOC_006754
Upin_00010515	XLOC_006754	XLOC_006754
Upin_00009841	XLOC_006459	XLOC_006459
Upin_00009842	XLOC_006460	XLOC_006460
Upin_00009843	XLOC_006461	XLOC_006461
Upin_00010516	XLOC_006755	XLOC_006755
Upin_00010054	XLOC_006756	XLOC_006756
Upin_00010517	XLOC_006756	XLOC_006756
Upin_00010518	XLOC_006756	XLOC_006756
Upin_00010519	XLOC_006757	XLOC_006757
Upin_00010282	XLOC_006462	XLOC_006462
Upin_00009844	XLOC_006463	XLOC_006463
Upin_00009845	XLOC_006464	XLOC_006464
Upin_00010055	XLOC_006758	XLOC_006758
Upin_00009846	XLOC_006465	XLOC_006465
Upin_00010056	XLOC_006759	XLOC_006759
Upin_00010057	XLOC_006760	XLOC_006760
Upin_00010520	XLOC_006760	XLOC_006760
Upin_00009847	XLOC_006466	XLOC_006466
Upin_00010283	XLOC_006466	XLOC_006466
Upin_00010521	XLOC_006761	XLOC_006761
Upin_00010058	XLOC_006762	XLOC_006762
Upin_00010059	XLOC_006763	XLOC_006763
Upin_00010522	XLOC_006764	XLOC_006764
Upin_00010060	XLOC_006765	XLOC_006765
Upin_00010284	XLOC_006467	XLOC_006467
Upin_00009848	XLOC_006468	XLOC_006468
Upin_00010061	XLOC_006766	XLOC_006766
Upin_00010523	XLOC_006766	XLOC_006766
Upin_00009849	XLOC_006469	XLOC_006469
Upin_00010285	XLOC_006469	XLOC_006469
Upin_00010062	XLOC_006767	XLOC_006767
Upin_00010524	XLOC_006767	XLOC_006767
Upin_00010286	XLOC_006470	XLOC_006470
Upin_00010063	XLOC_006768	XLOC_006768
Upin_00010525	XLOC_006768	XLOC_006768
Upin_00009851	XLOC_006471	XLOC_006471
Upin_00010287	XLOC_006471	XLOC_006471
Upin_00009852	XLOC_006472	XLOC_006472
Upin_00010288	XLOC_006472	XLOC_006472
Upin_00010064	XLOC_006769	XLOC_006769
Upin_00010526	XLOC_006769	XLOC_006769
Upin_00009853	XLOC_006473	XLOC_006473
Upin_00010065	XLOC_006770	XLOC_006770
Upin_00010527	XLOC_006771	XLOC_006771
Upin_00010066	XLOC_006771	XLOC_006771
Upin_00009854	XLOC_006474	XLOC_006474
Upin_00010289	XLOC_006475	XLOC_006475
Upin_00009855	XLOC_006475	XLOC_006475
Upin_00010067	XLOC_006772	XLOC_006772
Upin_00009856	XLOC_006476	XLOC_006476
Upin_00010290	XLOC_006477	XLOC_006477
Upin_00010068	XLOC_006773	XLOC_006773
Upin_00010529	XLOC_006773	XLOC_006773
Upin_00010530	XLOC_006773	XLOC_006773
Upin_00010291	XLOC_006478	XLOC_006478
Upin_00010292	XLOC_006479	XLOC_006479
Upin_00010293	XLOC_006480	XLOC_006480
Upin_00009857	XLOC_006480	XLOC_006480
Upin_00009858	XLOC_006481	XLOC_006481
Upin_00010294	XLOC_006481	XLOC_006481
Upin_00009859	XLOC_006482	XLOC_006482
Upin_00009860	XLOC_006483	XLOC_006483
Upin_00010531	XLOC_006774	XLOC_006774
Upin_00010295	XLOC_006484	XLOC_006484
Upin_00010069	XLOC_006775	XLOC_006775
Upin_00010532	XLOC_006775	XLOC_006775
Upin_00010533	XLOC_006775	XLOC_006775
Upin_00010534	XLOC_006775	XLOC_006775
Upin_00009861	XLOC_006485	XLOC_006485
Upin_00010296	XLOC_006485	XLOC_006485
Upin_00010297	XLOC_006485	XLOC_006485
Upin_00010070	XLOC_006776	XLOC_006776
Upin_00010072	XLOC_006778	XLOC_006778
Upin_00010073	XLOC_006779	XLOC_006779
Upin_00009862	XLOC_006486	XLOC_006486
Upin_00010074	XLOC_006780	XLOC_006780
Upin_00010075	XLOC_006781	XLOC_006781
Upin_00010298	XLOC_006487	XLOC_006487
Upin_00010076	XLOC_006782	XLOC_006782
Upin_00010535	XLOC_006782	XLOC_006782
Upin_00010536	XLOC_006782	XLOC_006782
Upin_00010299	XLOC_006488	XLOC_006488
Upin_00010077	XLOC_006783	XLOC_006783
Upin_00010300	XLOC_006489	XLOC_006489
Upin_00010301	XLOC_006490	XLOC_006490
Upin_00010078	XLOC_006784	XLOC_006784
Upin_00010537	XLOC_006785	XLOC_006785
Upin_00010538	XLOC_006786	XLOC_006786
Upin_00010079	XLOC_006787	XLOC_006787
Upin_00010539	XLOC_006787	XLOC_006787
Upin_00010080	XLOC_006788	XLOC_006788
Upin_00010540	XLOC_006788	XLOC_006788
Upin_00009864	XLOC_006491	XLOC_006491
Upin_00010302	XLOC_006491	XLOC_006491
Upin_00010303	XLOC_006491	XLOC_006491
Upin_00009865	XLOC_006492	XLOC_006492
Upin_00010081	XLOC_006789	XLOC_006789
Upin_00010082	XLOC_006790	XLOC_006790
Upin_00009866	XLOC_006493	XLOC_006493
Upin_00009867	XLOC_006494	XLOC_006494
Upin_00010304	XLOC_006495	XLOC_006495
Upin_00010083	XLOC_006791	XLOC_006791
Upin_00010541	XLOC_006791	XLOC_006791
Upin_00010084	XLOC_006792	XLOC_006792
Upin_00010085	XLOC_006793	XLOC_006793
Upin_00010086	XLOC_006794	XLOC_006794
Upin_00010542	XLOC_006795	XLOC_006795
Upin_00010087	XLOC_006796	XLOC_006796
Upin_00010543	XLOC_006796	XLOC_006796
Upin_00010088	XLOC_006797	XLOC_006797
Upin_00010545	XLOC_006798	XLOC_006798
Upin_00010089	XLOC_006798	XLOC_006798
Upin_00010305	XLOC_006496	XLOC_006496
Upin_00010090	XLOC_006799	XLOC_006799
Upin_00010091	XLOC_006800	XLOC_006800
Upin_00010306	XLOC_006498	XLOC_006498
Upin_00009869	XLOC_006499	XLOC_006499
Upin_00010307	XLOC_006499	XLOC_006499
Upin_00010092	XLOC_006801	XLOC_006801
Upin_00009870	XLOC_006500	XLOC_006500
Upin_00010093	XLOC_006802	XLOC_006802
Upin_00010548	XLOC_006802	XLOC_006802
Upin_00010308	XLOC_006501	XLOC_006501
Upin_00010094	XLOC_006803	XLOC_006803
Upin_00010549	XLOC_006804	XLOC_006804
Upin_00009871	XLOC_006502	XLOC_006502
Upin_00010309	XLOC_006502	XLOC_006502
Upin_00010095	XLOC_006805	XLOC_006805
Upin_00010550	XLOC_006806	XLOC_006806
Upin_00010096	XLOC_006806	XLOC_006806
Upin_00013059	XLOC_007952	XLOC_007952
Upin_00012361	XLOC_007953	XLOC_007953
Upin_00012362	XLOC_007954	XLOC_007954
Upin_00012711	XLOC_008405	XLOC_008405
Upin_00012712	XLOC_008406	XLOC_008406
Upin_00012363	XLOC_007955	XLOC_007955
Upin_00013061	XLOC_007955	XLOC_007955
Upin_00013062	XLOC_007955	XLOC_007955
Upin_00013422	XLOC_008407	XLOC_008407
Upin_00013064	XLOC_007956	XLOC_007956
Upin_00012714	XLOC_008408	XLOC_008408
Upin_00013423	XLOC_008408	XLOC_008408
Upin_00013424	XLOC_008408	XLOC_008408
Upin_00013425	XLOC_008409	XLOC_008409
Upin_00012715	XLOC_008410	XLOC_008410
Upin_00012364	XLOC_007957	XLOC_007957
Upin_00012365	XLOC_007958	XLOC_007958
Upin_00013426	XLOC_008411	XLOC_008411
Upin_00012366	XLOC_007959	XLOC_007959
Upin_00012717	XLOC_008412	XLOC_008412
Upin_00012718	XLOC_008413	XLOC_008413
Upin_00012367	XLOC_007960	XLOC_007960
Upin_00012719	XLOC_008414	XLOC_008414
Upin_00013068	XLOC_007961	XLOC_007961
Upin_00012368	XLOC_007962	XLOC_007962
Upin_00013069	XLOC_007962	XLOC_007962
Upin_00012369	XLOC_007963	XLOC_007963
Upin_00012720	XLOC_008415	XLOC_008415
Upin_00013427	XLOC_008415	XLOC_008415
Upin_00013428	XLOC_008415	XLOC_008415
Upin_00012370	XLOC_007964	XLOC_007964
Upin_00012721	XLOC_008416	XLOC_008416
Upin_00012371	XLOC_007965	XLOC_007965
Upin_00013070	XLOC_007965	XLOC_007965
Upin_00013071	XLOC_007966	XLOC_007966
Upin_00012373	XLOC_007967	XLOC_007967
Upin_00013429	XLOC_008417	XLOC_008417
Upin_00012722	XLOC_008418	XLOC_008418
Upin_00012723	XLOC_008419	XLOC_008419
Upin_00013430	XLOC_008420	XLOC_008420
Upin_00013072	XLOC_007968	XLOC_007968
Upin_00012375	XLOC_007969	XLOC_007969
Upin_00012724	XLOC_008421	XLOC_008421
Upin_00012376	XLOC_007970	XLOC_007970
Upin_00012725	XLOC_008422	XLOC_008422
Upin_00013431	XLOC_008422	XLOC_008422
Upin_00013432	XLOC_008422	XLOC_008422
Upin_00012377	XLOC_007971	XLOC_007971
Upin_00012726	XLOC_008423	XLOC_008423
Upin_00012379	XLOC_007973	XLOC_007973
Upin_00012380	XLOC_007974	XLOC_007974
Upin_00012727	XLOC_008424	XLOC_008424
Upin_00012728	XLOC_008425	XLOC_008425
Upin_00012381	XLOC_007975	XLOC_007975
Upin_00013433	XLOC_008426	XLOC_008426
Upin_00012729	XLOC_008427	XLOC_008427
Upin_00012382	XLOC_007976	XLOC_007976
Upin_00013074	XLOC_007976	XLOC_007976
Upin_00012730	XLOC_008428	XLOC_008428
Upin_00013075	XLOC_007977	XLOC_007977
Upin_00012383	XLOC_007977	XLOC_007977
Upin_00012384	XLOC_007978	XLOC_007978
Upin_00012385	XLOC_007979	XLOC_007979
Upin_00013077	XLOC_007980	XLOC_007980
Upin_00013434	XLOC_008429	XLOC_008429
Upin_00012731	XLOC_008429	XLOC_008429
Upin_00013435	XLOC_008430	XLOC_008430
Upin_00012732	XLOC_008431	XLOC_008431
Upin_00012733	XLOC_008432	XLOC_008432
Upin_00012734	XLOC_008433	XLOC_008433
Upin_00013436	XLOC_008433	XLOC_008433
Upin_00013437	XLOC_008434	XLOC_008434
Upin_00013438	XLOC_008434	XLOC_008434
Upin_00012735	XLOC_008434	XLOC_008434
Upin_00013439	XLOC_008434	XLOC_008434
Upin_00013440	XLOC_008435	XLOC_008435
Upin_00012736	XLOC_008435	XLOC_008435
Upin_00013441	XLOC_008435	XLOC_008435
Upin_00012387	XLOC_007981	XLOC_007981
Upin_00012737	XLOC_008436	XLOC_008436
Upin_00012388	XLOC_007982	XLOC_007982
Upin_00012389	XLOC_007983	XLOC_007983
Upin_00013078	XLOC_007983	XLOC_007983
Upin_00012738	XLOC_008437	XLOC_008437
Upin_00012390	XLOC_007984	XLOC_007984
Upin_00013079	XLOC_007984	XLOC_007984
Upin_00012739	XLOC_008438	XLOC_008438
Upin_00012391	XLOC_007985	XLOC_007985
Upin_00012392	XLOC_007986	XLOC_007986
Upin_00013080	XLOC_007986	XLOC_007986
Upin_00013081	XLOC_007987	XLOC_007987
Upin_00012740	XLOC_008439	XLOC_008439
Upin_00012741	XLOC_008440	XLOC_008440
Upin_00013442	XLOC_008440	XLOC_008440
Upin_00012393	XLOC_007988	XLOC_007988
Upin_00012394	XLOC_007989	XLOC_007989
Upin_00012395	XLOC_007990	XLOC_007990
Upin_00012396	XLOC_007991	XLOC_007991
Upin_00013082	XLOC_007991	XLOC_007991
Upin_00012397	XLOC_007992	XLOC_007992
Upin_00013083	XLOC_007993	XLOC_007993
Upin_00013443	XLOC_008441	XLOC_008441
Upin_00012742	XLOC_008442	XLOC_008442
Upin_00012743	XLOC_008443	XLOC_008443
Upin_00013444	XLOC_008443	XLOC_008443
Upin_00012398	XLOC_007994	XLOC_007994
Upin_00012744	XLOC_008444	XLOC_008444
Upin_00012399	XLOC_007995	XLOC_007995
Upin_00012400	XLOC_007996	XLOC_007996
Upin_00012745	XLOC_008445	XLOC_008445
Upin_00012746	XLOC_008446	XLOC_008446
Upin_00012747	XLOC_008447	XLOC_008447
Upin_00013447	XLOC_008447	XLOC_008447
Upin_00013448	XLOC_008447	XLOC_008447
Upin_00012401	XLOC_007998	XLOC_007998
Upin_00012402	XLOC_007999	XLOC_007999
Upin_00013449	XLOC_008448	XLOC_008448
Upin_00012403	XLOC_008000	XLOC_008000
Upin_00013450	XLOC_008449	XLOC_008449
Upin_00012748	XLOC_008450	XLOC_008450
Upin_00013086	XLOC_008001	XLOC_008001
Upin_00012404	XLOC_008001	XLOC_008001
Upin_00012749	XLOC_008451	XLOC_008451
Upin_00013451	XLOC_008451	XLOC_008451
Upin_00013087	XLOC_008002	XLOC_008002
Upin_00013088	XLOC_008003	XLOC_008003
Upin_00012406	XLOC_008004	XLOC_008004
Upin_00013089	XLOC_008004	XLOC_008004
Upin_00013091	XLOC_008005	XLOC_008005
Upin_00012407	XLOC_008006	XLOC_008006
Upin_00012750	XLOC_008452	XLOC_008452
Upin_00013092	XLOC_008007	XLOC_008007
Upin_00012751	XLOC_008453	XLOC_008453
Upin_00013452	XLOC_008453	XLOC_008453
Upin_00012408	XLOC_008008	XLOC_008008
Upin_00012753	XLOC_008454	XLOC_008454
Upin_00013094	XLOC_008009	XLOC_008009
Upin_00012410	XLOC_008010	XLOC_008010
Upin_00013453	XLOC_008455	XLOC_008455
Upin_00012411	XLOC_008011	XLOC_008011
Upin_00013454	XLOC_008456	XLOC_008456
Upin_00012755	XLOC_008456	XLOC_008456
Upin_00012412	XLOC_008012	XLOC_008012
Upin_00013455	XLOC_008457	XLOC_008457
Upin_00012756	XLOC_008457	XLOC_008457
Upin_00012413	XLOC_008013	XLOC_008013
Upin_00012757	XLOC_008458	XLOC_008458
Upin_00012414	XLOC_008014	XLOC_008014
Upin_00013456	XLOC_008459	XLOC_008459
Upin_00012758	XLOC_008460	XLOC_008460
Upin_00013457	XLOC_008461	XLOC_008461
Upin_00012415	XLOC_008015	XLOC_008015
Upin_00012759	XLOC_008462	XLOC_008462
Upin_00013458	XLOC_008462	XLOC_008462
Upin_00012416	XLOC_008016	XLOC_008016
Upin_00012760	XLOC_008463	XLOC_008463
Upin_00012761	XLOC_008464	XLOC_008464
Upin_00013459	XLOC_008464	XLOC_008464
Upin_00013096	XLOC_008017	XLOC_008017
Upin_00012417	XLOC_008017	XLOC_008017
Upin_00012762	XLOC_008465	XLOC_008465
Upin_00012418	XLOC_008018	XLOC_008018
Upin_00013460	XLOC_008466	XLOC_008466
Upin_00012763	XLOC_008466	XLOC_008466
Upin_00012764	XLOC_008467	XLOC_008467
Upin_00013461	XLOC_008467	XLOC_008467
Upin_00012419	XLOC_008020	XLOC_008020
Upin_00013098	XLOC_008021	XLOC_008021
Upin_00013462	XLOC_008468	XLOC_008468
Upin_00012765	XLOC_008469	XLOC_008469
Upin_00013463	XLOC_008469	XLOC_008469
Upin_00013100	XLOC_008023	XLOC_008023
Upin_00012766	XLOC_008470	XLOC_008470
Upin_00012767	XLOC_008471	XLOC_008471
Upin_00013464	XLOC_008471	XLOC_008471
Upin_00013101	XLOC_008024	XLOC_008024
Upin_00013102	XLOC_008025	XLOC_008025
Upin_00012420	XLOC_008025	XLOC_008025
Upin_00013465	XLOC_008472	XLOC_008472
Upin_00012768	XLOC_008472	XLOC_008472
Upin_00013466	XLOC_008472	XLOC_008472
Upin_00013104	XLOC_008026	XLOC_008026
Upin_00012421	XLOC_008027	XLOC_008027
Upin_00012769	XLOC_008473	XLOC_008473
Upin_00012422	XLOC_008028	XLOC_008028
Upin_00013106	XLOC_008028	XLOC_008028
Upin_00012770	XLOC_008474	XLOC_008474
Upin_00013467	XLOC_008474	XLOC_008474
Upin_00013468	XLOC_008474	XLOC_008474
Upin_00013469	XLOC_008475	XLOC_008475
Upin_00012423	XLOC_008029	XLOC_008029
Upin_00012424	XLOC_008030	XLOC_008030
Upin_00013470	XLOC_008476	XLOC_008476
Upin_00012772	XLOC_008477	XLOC_008477
Upin_00012773	XLOC_008478	XLOC_008478
Upin_00013109	XLOC_008031	XLOC_008031
Upin_00012426	XLOC_008032	XLOC_008032
Upin_00012427	XLOC_008033	XLOC_008033
Upin_00012428	XLOC_008034	XLOC_008034
Upin_00013471	XLOC_008479	XLOC_008479
Upin_00013111	XLOC_008035	XLOC_008035
Upin_00013472	XLOC_008480	XLOC_008480
Upin_00012429	XLOC_008036	XLOC_008036
Upin_00012430	XLOC_008037	XLOC_008037
Upin_00013473	XLOC_008481	XLOC_008481
Upin_00013113	XLOC_008038	XLOC_008038
Upin_00012433	XLOC_008040	XLOC_008040
Upin_00012777	XLOC_008482	XLOC_008482
Upin_00013474	XLOC_008482	XLOC_008482
Upin_00013475	XLOC_008482	XLOC_008482
Upin_00012434	XLOC_008041	XLOC_008041
Upin_00013116	XLOC_008042	XLOC_008042
Upin_00013476	XLOC_008483	XLOC_008483
Upin_00012778	XLOC_008483	XLOC_008483
Upin_00012435	XLOC_008043	XLOC_008043
Upin_00012780	XLOC_008484	XLOC_008484
Upin_00012436	XLOC_008044	XLOC_008044
Upin_00013118	XLOC_008045	XLOC_008045
Upin_00012438	XLOC_008046	XLOC_008046
Upin_00012439	XLOC_008048	XLOC_008048
Upin_00013121	XLOC_008048	XLOC_008048
Upin_00013122	XLOC_008048	XLOC_008048
Upin_00013123	XLOC_008048	XLOC_008048
Upin_00012781	XLOC_008485	XLOC_008485
Upin_00013477	XLOC_008485	XLOC_008485
Upin_00013478	XLOC_008485	XLOC_008485
Upin_00012782	XLOC_008486	XLOC_008486
Upin_00013479	XLOC_008486	XLOC_008486
Upin_00013480	XLOC_008486	XLOC_008486
Upin_00013481	XLOC_008486	XLOC_008486
Upin_00013124	XLOC_008049	XLOC_008049
Upin_00012440	XLOC_008050	XLOC_008050
Upin_00013482	XLOC_008487	XLOC_008487
Upin_00013483	XLOC_008488	XLOC_008488
Upin_00012783	XLOC_008489	XLOC_008489
Upin_00013484	XLOC_008489	XLOC_008489
Upin_00013125	XLOC_008051	XLOC_008051
Upin_00012441	XLOC_008052	XLOC_008052
Upin_00012785	XLOC_008491	XLOC_008491
Upin_00012442	XLOC_008053	XLOC_008053
Upin_00012786	XLOC_008492	XLOC_008492
Upin_00012787	XLOC_008493	XLOC_008493
Upin_00013129	XLOC_008054	XLOC_008054
Upin_00012788	XLOC_008494	XLOC_008494
Upin_00013485	XLOC_008494	XLOC_008494
Upin_00013486	XLOC_008494	XLOC_008494
Upin_00012444	XLOC_008055	XLOC_008055
Upin_00012445	XLOC_008056	XLOC_008056
Upin_00012446	XLOC_008057	XLOC_008057
Upin_00013487	XLOC_008495	XLOC_008495
Upin_00012789	XLOC_008496	XLOC_008496
Upin_00013489	XLOC_008496	XLOC_008496
Upin_00013132	XLOC_008058	XLOC_008058
Upin_00012790	XLOC_008497	XLOC_008497
Upin_00013490	XLOC_008497	XLOC_008497
Upin_00012448	XLOC_008059	XLOC_008059
Upin_00012791	XLOC_008498	XLOC_008498
Upin_00013133	XLOC_008060	XLOC_008060
Upin_00012449	XLOC_008063	XLOC_008063
Upin_00012792	XLOC_008499	XLOC_008499
Upin_00013491	XLOC_008499	XLOC_008499
Upin_00012450	XLOC_008064	XLOC_008064
Upin_00013492	XLOC_008500	XLOC_008500
Upin_00012793	XLOC_008500	XLOC_008500
Upin_00013493	XLOC_008501	XLOC_008501
Upin_00012794	XLOC_008501	XLOC_008501
Upin_00012451	XLOC_008065	XLOC_008065
Upin_00012795	XLOC_008502	XLOC_008502
Upin_00012452	XLOC_008066	XLOC_008066
Upin_00012796	XLOC_008503	XLOC_008503
Upin_00012453	XLOC_008067	XLOC_008067
Upin_00012797	XLOC_008504	XLOC_008504
Upin_00012454	XLOC_008068	XLOC_008068
Upin_00012455	XLOC_008069	XLOC_008069
Upin_00013496	XLOC_008505	XLOC_008505
Upin_00012456	XLOC_008070	XLOC_008070
Upin_00013138	XLOC_008070	XLOC_008070
Upin_00013139	XLOC_008070	XLOC_008070
Upin_00013497	XLOC_008506	XLOC_008506
Upin_00012798	XLOC_008507	XLOC_008507
Upin_00012799	XLOC_008508	XLOC_008508
Upin_00012458	XLOC_008071	XLOC_008071
Upin_00012800	XLOC_008509	XLOC_008509
Upin_00012801	XLOC_008510	XLOC_008510
Upin_00013498	XLOC_008510	XLOC_008510
Upin_00012802	XLOC_008511	XLOC_008511
Upin_00013499	XLOC_008512	XLOC_008512
Upin_00012459	XLOC_008073	XLOC_008073
Upin_00013141	XLOC_008073	XLOC_008073
Upin_00013142	XLOC_008074	XLOC_008074
Upin_00012460	XLOC_008074	XLOC_008074
Upin_00013143	XLOC_008074	XLOC_008074
Upin_00013145	XLOC_008074	XLOC_008074
Upin_00013144	XLOC_008075	XLOC_008075
Upin_00012803	XLOC_008513	XLOC_008513
Upin_00013500	XLOC_008513	XLOC_008513
Upin_00012461	XLOC_008076	XLOC_008076
Upin_00012805	XLOC_008514	XLOC_008514
Upin_00012462	XLOC_008078	XLOC_008078
Upin_00013147	XLOC_008078	XLOC_008078
Upin_00013148	XLOC_008078	XLOC_008078
Upin_00012806	XLOC_008515	XLOC_008515
Upin_00013501	XLOC_008515	XLOC_008515
Upin_00012463	XLOC_008079	XLOC_008079
Upin_00012807	XLOC_008516	XLOC_008516
Upin_00013150	XLOC_008081	XLOC_008081
Upin_00012464	XLOC_008082	XLOC_008082
Upin_00012465	XLOC_008083	XLOC_008083
Upin_00012466	XLOC_008084	XLOC_008084
Upin_00012467	XLOC_008085	XLOC_008085
Upin_00012808	XLOC_008517	XLOC_008517
Upin_00013503	XLOC_008517	XLOC_008517
Upin_00012809	XLOC_008518	XLOC_008518
Upin_00013504	XLOC_008519	XLOC_008519
Upin_00012468	XLOC_008087	XLOC_008087
Upin_00013153	XLOC_008088	XLOC_008088
Upin_00012469	XLOC_008089	XLOC_008089
Upin_00013506	XLOC_008520	XLOC_008520
Upin_00012810	XLOC_008520	XLOC_008520
Upin_00013507	XLOC_008520	XLOC_008520
Upin_00013154	XLOC_008090	XLOC_008090
Upin_00012470	XLOC_008091	XLOC_008091
Upin_00013155	XLOC_008092	XLOC_008092
Upin_00012811	XLOC_008521	XLOC_008521
Upin_00013508	XLOC_008521	XLOC_008521
Upin_00013509	XLOC_008521	XLOC_008521
Upin_00013510	XLOC_008521	XLOC_008521
Upin_00012812	XLOC_008522	XLOC_008522
Upin_00012471	XLOC_008093	XLOC_008093
Upin_00012813	XLOC_008523	XLOC_008523
Upin_00012472	XLOC_008094	XLOC_008094
Upin_00012814	XLOC_008524	XLOC_008524
Upin_00013511	XLOC_008524	XLOC_008524
Upin_00013512	XLOC_008524	XLOC_008524
Upin_00012815	XLOC_008525	XLOC_008525
Upin_00013157	XLOC_008095	XLOC_008095
Upin_00012816	XLOC_008526	XLOC_008526
Upin_00012473	XLOC_008096	XLOC_008096
Upin_00012817	XLOC_008527	XLOC_008527
Upin_00012474	XLOC_008097	XLOC_008097
Upin_00013159	XLOC_008097	XLOC_008097
Upin_00012475	XLOC_008098	XLOC_008098
Upin_00012818	XLOC_008528	XLOC_008528
Upin_00012819	XLOC_008529	XLOC_008529
Upin_00012820	XLOC_008530	XLOC_008530
Upin_00012821	XLOC_008531	XLOC_008531
Upin_00012476	XLOC_008099	XLOC_008099
Upin_00012477	XLOC_008100	XLOC_008100
Upin_00012823	XLOC_008533	XLOC_008533
Upin_00013515	XLOC_008534	XLOC_008534
Upin_00012824	XLOC_008535	XLOC_008535
Upin_00012825	XLOC_008536	XLOC_008536
Upin_00013516	XLOC_008536	XLOC_008536
Upin_00012478	XLOC_008102	XLOC_008102
Upin_00012826	XLOC_008537	XLOC_008537
Upin_00012827	XLOC_008538	XLOC_008538
Upin_00013518	XLOC_008539	XLOC_008539
Upin_00012828	XLOC_008540	XLOC_008540
Upin_00013519	XLOC_008541	XLOC_008541
Upin_00012829	XLOC_008541	XLOC_008541
Upin_00013520	XLOC_008541	XLOC_008541
Upin_00013162	XLOC_008103	XLOC_008103
Upin_00012479	XLOC_008104	XLOC_008104
Upin_00013521	XLOC_008542	XLOC_008542
Upin_00012480	XLOC_008105	XLOC_008105
Upin_00012831	XLOC_008543	XLOC_008543
Upin_00012481	XLOC_008106	XLOC_008106
Upin_00012832	XLOC_008544	XLOC_008544
Upin_00013523	XLOC_008544	XLOC_008544
Upin_00012482	XLOC_008108	XLOC_008108
Upin_00013524	XLOC_008545	XLOC_008545
Upin_00013525	XLOC_008546	XLOC_008546
Upin_00012833	XLOC_008546	XLOC_008546
Upin_00012483	XLOC_008109	XLOC_008109
Upin_00012484	XLOC_008110	XLOC_008110
Upin_00013166	XLOC_008110	XLOC_008110
Upin_00013167	XLOC_008110	XLOC_008110
Upin_00013169	XLOC_008111	XLOC_008111
Upin_00013170	XLOC_008112	XLOC_008112
Upin_00013526	XLOC_008547	XLOC_008547
Upin_00012835	XLOC_008547	XLOC_008547
Upin_00013527	XLOC_008548	XLOC_008548
Upin_00012836	XLOC_008548	XLOC_008548
Upin_00012485	XLOC_008113	XLOC_008113
Upin_00013171	XLOC_008114	XLOC_008114
Upin_00013528	XLOC_008549	XLOC_008549
Upin_00012486	XLOC_008115	XLOC_008115
Upin_00013172	XLOC_008115	XLOC_008115
Upin_00013529	XLOC_008550	XLOC_008550
Upin_00012837	XLOC_008551	XLOC_008551
Upin_00013530	XLOC_008551	XLOC_008551
Upin_00012838	XLOC_008552	XLOC_008552
Upin_00012487	XLOC_008116	XLOC_008116
Upin_00013173	XLOC_008116	XLOC_008116
Upin_00013174	XLOC_008117	XLOC_008117
Upin_00013531	XLOC_008553	XLOC_008553
Upin_00012839	XLOC_008553	XLOC_008553
Upin_00013175	XLOC_008118	XLOC_008118
Upin_00012488	XLOC_008119	XLOC_008119
Upin_00013176	XLOC_008119	XLOC_008119
Upin_00012840	XLOC_008554	XLOC_008554
Upin_00013532	XLOC_008554	XLOC_008554
Upin_00012489	XLOC_008120	XLOC_008120
Upin_00013177	XLOC_008120	XLOC_008120
Upin_00012841	XLOC_008555	XLOC_008555
Upin_00012842	XLOC_008556	XLOC_008556
Upin_00013533	XLOC_008556	XLOC_008556
Upin_00013534	XLOC_008556	XLOC_008556
Upin_00013535	XLOC_008556	XLOC_008556
Upin_00013178	XLOC_008121	XLOC_008121
Upin_00013536	XLOC_008557	XLOC_008557
Upin_00012844	XLOC_008557	XLOC_008557
Upin_00013537	XLOC_008558	XLOC_008558
Upin_00012491	XLOC_008122	XLOC_008122
Upin_00013179	XLOC_008122	XLOC_008122
Upin_00013180	XLOC_008122	XLOC_008122
Upin_00013181	XLOC_008122	XLOC_008122
Upin_00012845	XLOC_008559	XLOC_008559
Upin_00013538	XLOC_008559	XLOC_008559
Upin_00013182	XLOC_008123	XLOC_008123
Upin_00012846	XLOC_008560	XLOC_008560
Upin_00012847	XLOC_008561	XLOC_008561
Upin_00012492	XLOC_008124	XLOC_008124
Upin_00013183	XLOC_008124	XLOC_008124
Upin_00012848	XLOC_008562	XLOC_008562
Upin_00013539	XLOC_008563	XLOC_008563
Upin_00013540	XLOC_008564	XLOC_008564
Upin_00012493	XLOC_008125	XLOC_008125
Upin_00012849	XLOC_008565	XLOC_008565
Upin_00013184	XLOC_008126	XLOC_008126
Upin_00013185	XLOC_008127	XLOC_008127
Upin_00012494	XLOC_008128	XLOC_008128
Upin_00013186	XLOC_008128	XLOC_008128
Upin_00012850	XLOC_008566	XLOC_008566
Upin_00013541	XLOC_008566	XLOC_008566
Upin_00012495	XLOC_008129	XLOC_008129
Upin_00013187	XLOC_008129	XLOC_008129
Upin_00012496	XLOC_008130	XLOC_008130
Upin_00012497	XLOC_008131	XLOC_008131
Upin_00013189	XLOC_008132	XLOC_008132
Upin_00012498	XLOC_008133	XLOC_008133
Upin_00012851	XLOC_008567	XLOC_008567
Upin_00012499	XLOC_008134	XLOC_008134
Upin_00012500	XLOC_008135	XLOC_008135
Upin_00012501	XLOC_008136	XLOC_008136
Upin_00013191	XLOC_008136	XLOC_008136
Upin_00012502	XLOC_008137	XLOC_008137
Upin_00012852	XLOC_008568	XLOC_008568
Upin_00012503	XLOC_008138	XLOC_008138
Upin_00012853	XLOC_008569	XLOC_008569
Upin_00012854	XLOC_008570	XLOC_008570
Upin_00013542	XLOC_008570	XLOC_008570
Upin_00012855	XLOC_008571	XLOC_008571
Upin_00013192	XLOC_008139	XLOC_008139
Upin_00012504	XLOC_008139	XLOC_008139
Upin_00013543	XLOC_008572	XLOC_008572
Upin_00012505	XLOC_008140	XLOC_008140
Upin_00013544	XLOC_008573	XLOC_008573
Upin_00012857	XLOC_008574	XLOC_008574
Upin_00012506	XLOC_008141	XLOC_008141
Upin_00013193	XLOC_008142	XLOC_008142
Upin_00013194	XLOC_008143	XLOC_008143
Upin_00012507	XLOC_008144	XLOC_008144
Upin_00013195	XLOC_008144	XLOC_008144
Upin_00013545	XLOC_008575	XLOC_008575
Upin_00012508	XLOC_008145	XLOC_008145
Upin_00012511	XLOC_008146	XLOC_008146
Upin_00013546	XLOC_008576	XLOC_008576
Upin_00012858	XLOC_008577	XLOC_008577
Upin_00012512	XLOC_008147	XLOC_008147
Upin_00013196	XLOC_008147	XLOC_008147
Upin_00013547	XLOC_008578	XLOC_008578
Upin_00012859	XLOC_008578	XLOC_008578
Upin_00013548	XLOC_008579	XLOC_008579
Upin_00012860	XLOC_008580	XLOC_008580
Upin_00013549	XLOC_008581	XLOC_008581
Upin_00012861	XLOC_008581	XLOC_008581
Upin_00013197	XLOC_008148	XLOC_008148
Upin_00012513	XLOC_008149	XLOC_008149
Upin_00013199	XLOC_008149	XLOC_008149
Upin_00013200	XLOC_008150	XLOC_008150
Upin_00013201	XLOC_008151	XLOC_008151
Upin_00012514	XLOC_008151	XLOC_008151
Upin_00012515	XLOC_008152	XLOC_008152
Upin_00013202	XLOC_008152	XLOC_008152
Upin_00012516	XLOC_008153	XLOC_008153
Upin_00013203	XLOC_008153	XLOC_008153
Upin_00012517	XLOC_008154	XLOC_008154
Upin_00013550	XLOC_008582	XLOC_008582
Upin_00012862	XLOC_008583	XLOC_008583
Upin_00013551	XLOC_008583	XLOC_008583
Upin_00012863	XLOC_008584	XLOC_008584
Upin_00013552	XLOC_008584	XLOC_008584
Upin_00013204	XLOC_008155	XLOC_008155
Upin_00012518	XLOC_008155	XLOC_008155
Upin_00013553	XLOC_008585	XLOC_008585
Upin_00013554	XLOC_008586	XLOC_008586
Upin_00013205	XLOC_008156	XLOC_008156
Upin_00013206	XLOC_008157	XLOC_008157
Upin_00012866	XLOC_008587	XLOC_008587
Upin_00013555	XLOC_008587	XLOC_008587
Upin_00013207	XLOC_008158	XLOC_008158
Upin_00012519	XLOC_008158	XLOC_008158
Upin_00013208	XLOC_008159	XLOC_008159
Upin_00012867	XLOC_008588	XLOC_008588
Upin_00013209	XLOC_008160	XLOC_008160
Upin_00013210	XLOC_008161	XLOC_008161
Upin_00013211	XLOC_008162	XLOC_008162
Upin_00013557	XLOC_008590	XLOC_008590
Upin_00012868	XLOC_008590	XLOC_008590
Upin_00013558	XLOC_008591	XLOC_008591
Upin_00012869	XLOC_008591	XLOC_008591
Upin_00012520	XLOC_008163	XLOC_008163
Upin_00013212	XLOC_008163	XLOC_008163
Upin_00013213	XLOC_008163	XLOC_008163
Upin_00012870	XLOC_008592	XLOC_008592
Upin_00012871	XLOC_008593	XLOC_008593
Upin_00013559	XLOC_008593	XLOC_008593
Upin_00012872	XLOC_008594	XLOC_008594
Upin_00013560	XLOC_008595	XLOC_008595
Upin_00012873	XLOC_008595	XLOC_008595
Upin_00012874	XLOC_008596	XLOC_008596
Upin_00013561	XLOC_008596	XLOC_008596
Upin_00012522	XLOC_008164	XLOC_008164
Upin_00013214	XLOC_008164	XLOC_008164
Upin_00013215	XLOC_008164	XLOC_008164
Upin_00013217	XLOC_008164	XLOC_008164
Upin_00012875	XLOC_008597	XLOC_008597
Upin_00012524	XLOC_008165	XLOC_008165
Upin_00013562	XLOC_008598	XLOC_008598
Upin_00012876	XLOC_008598	XLOC_008598
Upin_00013563	XLOC_008598	XLOC_008598
Upin_00013218	XLOC_008166	XLOC_008166
Upin_00012525	XLOC_008166	XLOC_008166
Upin_00013219	XLOC_008166	XLOC_008166
Upin_00013220	XLOC_008166	XLOC_008166
Upin_00012877	XLOC_008599	XLOC_008599
Upin_00013564	XLOC_008599	XLOC_008599
Upin_00012526	XLOC_008167	XLOC_008167
Upin_00013221	XLOC_008168	XLOC_008168
Upin_00012527	XLOC_008168	XLOC_008168
Upin_00012878	XLOC_008600	XLOC_008600
Upin_00012528	XLOC_008169	XLOC_008169
Upin_00012879	XLOC_008601	XLOC_008601
Upin_00013565	XLOC_008602	XLOC_008602
Upin_00012529	XLOC_008170	XLOC_008170
Upin_00013222	XLOC_008170	XLOC_008170
Upin_00013223	XLOC_008171	XLOC_008171
Upin_00012881	XLOC_008603	XLOC_008603
Upin_00013566	XLOC_008604	XLOC_008604
Upin_00012530	XLOC_008172	XLOC_008172
Upin_00013224	XLOC_008172	XLOC_008172
Upin_00013225	XLOC_008172	XLOC_008172
Upin_00012531	XLOC_008173	XLOC_008173
Upin_00013226	XLOC_008174	XLOC_008174
Upin_00012882	XLOC_008605	XLOC_008605
Upin_00012533	XLOC_008175	XLOC_008175
Upin_00012883	XLOC_008606	XLOC_008606
Upin_00013227	XLOC_008176	XLOC_008176
Upin_00012884	XLOC_008607	XLOC_008607
Upin_00012534	XLOC_008177	XLOC_008177
Upin_00012885	XLOC_008608	XLOC_008608
Upin_00013567	XLOC_008609	XLOC_008609
Upin_00012886	XLOC_008610	XLOC_008610
Upin_00013228	XLOC_008178	XLOC_008178
Upin_00012535	XLOC_008179	XLOC_008179
Upin_00012887	XLOC_008611	XLOC_008611
Upin_00012536	XLOC_008180	XLOC_008180
Upin_00013229	XLOC_008180	XLOC_008180
Upin_00013568	XLOC_008612	XLOC_008612
Upin_00012537	XLOC_008181	XLOC_008181
Upin_00012889	XLOC_008613	XLOC_008613
Upin_00013569	XLOC_008614	XLOC_008614
Upin_00013231	XLOC_008182	XLOC_008182
Upin_00012890	XLOC_008615	XLOC_008615
Upin_00012891	XLOC_008616	XLOC_008616
Upin_00013232	XLOC_008183	XLOC_008183
Upin_00013570	XLOC_008617	XLOC_008617
Upin_00012538	XLOC_008184	XLOC_008184
Upin_00013233	XLOC_008184	XLOC_008184
Upin_00012892	XLOC_008618	XLOC_008618
Upin_00013571	XLOC_008618	XLOC_008618
Upin_00013572	XLOC_008618	XLOC_008618
Upin_00013234	XLOC_008185	XLOC_008185
Upin_00013573	XLOC_008619	XLOC_008619
Upin_00012539	XLOC_008186	XLOC_008186
Upin_00013235	XLOC_008186	XLOC_008186
Upin_00012893	XLOC_008620	XLOC_008620
Upin_00013574	XLOC_008620	XLOC_008620
Upin_00013575	XLOC_008620	XLOC_008620
Upin_00013576	XLOC_008620	XLOC_008620
Upin_00013577	XLOC_008620	XLOC_008620
Upin_00013578	XLOC_008620	XLOC_008620
Upin_00012540	XLOC_008187	XLOC_008187
Upin_00012894	XLOC_008621	XLOC_008621
Upin_00012541	XLOC_008188	XLOC_008188
Upin_00012895	XLOC_008622	XLOC_008622
Upin_00013579	XLOC_008622	XLOC_008622
Upin_00013236	XLOC_008189	XLOC_008189
Upin_00012542	XLOC_008190	XLOC_008190
Upin_00013237	XLOC_008190	XLOC_008190
Upin_00012896	XLOC_008623	XLOC_008623
Upin_00013580	XLOC_008624	XLOC_008624
Upin_00013581	XLOC_008625	XLOC_008625
Upin_00013238	XLOC_008191	XLOC_008191
Upin_00013582	XLOC_008626	XLOC_008626
Upin_00013239	XLOC_008192	XLOC_008192
Upin_00012544	XLOC_008192	XLOC_008192
Upin_00013240	XLOC_008193	XLOC_008193
Upin_00013241	XLOC_008194	XLOC_008194
Upin_00013242	XLOC_008195	XLOC_008195
Upin_00012898	XLOC_008627	XLOC_008627
Upin_00012545	XLOC_008196	XLOC_008196
Upin_00013243	XLOC_008196	XLOC_008196
Upin_00012546	XLOC_008197	XLOC_008197
Upin_00012899	XLOC_008628	XLOC_008628
Upin_00012900	XLOC_008629	XLOC_008629
Upin_00012547	XLOC_008198	XLOC_008198
Upin_00012901	XLOC_008630	XLOC_008630
Upin_00013583	XLOC_008630	XLOC_008630
Upin_00012902	XLOC_008631	XLOC_008631
Upin_00013584	XLOC_008632	XLOC_008632
Upin_00013244	XLOC_008199	XLOC_008199
Upin_00012548	XLOC_008199	XLOC_008199
Upin_00013245	XLOC_008199	XLOC_008199
Upin_00013246	XLOC_008199	XLOC_008199
Upin_00012549	XLOC_008200	XLOC_008200
Upin_00013247	XLOC_008200	XLOC_008200
Upin_00012903	XLOC_008634	XLOC_008634
Upin_00013586	XLOC_008634	XLOC_008634
Upin_00013248	XLOC_008201	XLOC_008201
Upin_00013249	XLOC_008202	XLOC_008202
Upin_00013587	XLOC_008635	XLOC_008635
Upin_00012905	XLOC_008636	XLOC_008636
Upin_00012906	XLOC_008637	XLOC_008637
Upin_00013588	XLOC_008638	XLOC_008638
Upin_00012907	XLOC_008638	XLOC_008638
Upin_00013250	XLOC_008203	XLOC_008203
Upin_00013589	XLOC_008639	XLOC_008639
Upin_00012908	XLOC_008639	XLOC_008639
Upin_00012909	XLOC_008640	XLOC_008640
Upin_00012550	XLOC_008204	XLOC_008204
Upin_00013251	XLOC_008204	XLOC_008204
Upin_00012551	XLOC_008205	XLOC_008205
Upin_00013252	XLOC_008205	XLOC_008205
Upin_00013253	XLOC_008205	XLOC_008205
Upin_00013254	XLOC_008205	XLOC_008205
Upin_00013255	XLOC_008205	XLOC_008205
Upin_00013256	XLOC_008205	XLOC_008205
Upin_00013257	XLOC_008205	XLOC_008205
Upin_00012910	XLOC_008642	XLOC_008642
Upin_00013591	XLOC_008642	XLOC_008642
Upin_00013592	XLOC_008643	XLOC_008643
Upin_00013258	XLOC_008206	XLOC_008206
Upin_00013593	XLOC_008644	XLOC_008644
Upin_00012911	XLOC_008645	XLOC_008645
Upin_00012912	XLOC_008646	XLOC_008646
Upin_00012552	XLOC_008207	XLOC_008207
Upin_00013259	XLOC_008207	XLOC_008207
Upin_00012913	XLOC_008647	XLOC_008647
Upin_00012914	XLOC_008648	XLOC_008648
Upin_00012553	XLOC_008208	XLOC_008208
Upin_00013261	XLOC_008208	XLOC_008208
Upin_00012554	XLOC_008209	XLOC_008209
Upin_00012555	XLOC_008210	XLOC_008210
Upin_00013262	XLOC_008210	XLOC_008210
Upin_00013264	XLOC_008211	XLOC_008211
Upin_00013265	XLOC_008211	XLOC_008211
Upin_00012916	XLOC_008649	XLOC_008649
Upin_00013594	XLOC_008649	XLOC_008649
Upin_00012558	XLOC_008212	XLOC_008212
Upin_00013596	XLOC_008650	XLOC_008650
Upin_00012559	XLOC_008213	XLOC_008213
Upin_00013267	XLOC_008213	XLOC_008213
Upin_00013597	XLOC_008651	XLOC_008651
Upin_00013598	XLOC_008651	XLOC_008651
Upin_00012919	XLOC_008651	XLOC_008651
Upin_00013268	XLOC_008214	XLOC_008214
Upin_00013269	XLOC_008214	XLOC_008214
Upin_00012560	XLOC_008215	XLOC_008215
Upin_00013599	XLOC_008652	XLOC_008652
Upin_00012920	XLOC_008652	XLOC_008652
Upin_00012561	XLOC_008216	XLOC_008216
Upin_00013271	XLOC_008216	XLOC_008216
Upin_00012921	XLOC_008653	XLOC_008653
Upin_00013600	XLOC_008654	XLOC_008654
Upin_00013601	XLOC_008654	XLOC_008654
Upin_00012922	XLOC_008654	XLOC_008654
Upin_00013272	XLOC_008217	XLOC_008217
Upin_00012562	XLOC_008218	XLOC_008218
Upin_00012923	XLOC_008655	XLOC_008655
Upin_00013602	XLOC_008655	XLOC_008655
Upin_00013603	XLOC_008655	XLOC_008655
Upin_00012563	XLOC_008219	XLOC_008219
Upin_00013273	XLOC_008219	XLOC_008219
Upin_00013604	XLOC_008656	XLOC_008656
Upin_00012924	XLOC_008657	XLOC_008657
Upin_00013605	XLOC_008657	XLOC_008657
Upin_00013606	XLOC_008657	XLOC_008657
Upin_00013607	XLOC_008657	XLOC_008657
Upin_00013608	XLOC_008657	XLOC_008657
Upin_00012925	XLOC_008658	XLOC_008658
Upin_00013609	XLOC_008658	XLOC_008658
Upin_00013274	XLOC_008220	XLOC_008220
Upin_00012564	XLOC_008220	XLOC_008220
Upin_00013275	XLOC_008220	XLOC_008220
Upin_00013276	XLOC_008220	XLOC_008220
Upin_00012565	XLOC_008221	XLOC_008221
Upin_00013277	XLOC_008221	XLOC_008221
Upin_00012926	XLOC_008659	XLOC_008659
Upin_00012566	XLOC_008222	XLOC_008222
Upin_00013278	XLOC_008222	XLOC_008222
Upin_00013279	XLOC_008222	XLOC_008222
Upin_00012927	XLOC_008660	XLOC_008660
Upin_00013610	XLOC_008660	XLOC_008660
Upin_00012928	XLOC_008661	XLOC_008661
Upin_00012567	XLOC_008223	XLOC_008223
Upin_00012568	XLOC_008224	XLOC_008224
Upin_00012569	XLOC_008225	XLOC_008225
Upin_00013611	XLOC_008662	XLOC_008662
Upin_00013612	XLOC_008663	XLOC_008663
Upin_00013614	XLOC_008664	XLOC_008664
Upin_00012929	XLOC_008664	XLOC_008664
Upin_00013280	XLOC_008226	XLOC_008226
Upin_00012570	XLOC_008227	XLOC_008227
Upin_00013282	XLOC_008227	XLOC_008227
Upin_00013283	XLOC_008227	XLOC_008227
Upin_00012930	XLOC_008665	XLOC_008665
Upin_00012571	XLOC_008228	XLOC_008228
Upin_00012572	XLOC_008229	XLOC_008229
Upin_00012573	XLOC_008230	XLOC_008230
Upin_00013284	XLOC_008230	XLOC_008230
Upin_00012931	XLOC_008666	XLOC_008666
Upin_00012574	XLOC_008231	XLOC_008231
Upin_00013285	XLOC_008231	XLOC_008231
Upin_00012575	XLOC_008232	XLOC_008232
Upin_00013615	XLOC_008667	XLOC_008667
Upin_00013616	XLOC_008668	XLOC_008668
Upin_00012933	XLOC_008669	XLOC_008669
Upin_00013617	XLOC_008669	XLOC_008669
Upin_00013618	XLOC_008669	XLOC_008669
Upin_00013619	XLOC_008669	XLOC_008669
Upin_00013620	XLOC_008670	XLOC_008670
Upin_00012576	XLOC_008234	XLOC_008234
Upin_00013287	XLOC_008234	XLOC_008234
Upin_00013288	XLOC_008235	XLOC_008235
Upin_00012934	XLOC_008671	XLOC_008671
Upin_00013621	XLOC_008672	XLOC_008672
Upin_00012935	XLOC_008672	XLOC_008672
Upin_00013289	XLOC_008236	XLOC_008236
Upin_00013290	XLOC_008237	XLOC_008237
Upin_00012936	XLOC_008673	XLOC_008673
Upin_00012577	XLOC_008238	XLOC_008238
Upin_00012937	XLOC_008674	XLOC_008674
Upin_00013622	XLOC_008674	XLOC_008674
Upin_00013623	XLOC_008675	XLOC_008675
Upin_00012938	XLOC_008675	XLOC_008675
Upin_00013624	XLOC_008675	XLOC_008675
Upin_00012939	XLOC_008676	XLOC_008676
Upin_00013625	XLOC_008676	XLOC_008676
Upin_00012940	XLOC_008677	XLOC_008677
Upin_00012578	XLOC_008239	XLOC_008239
Upin_00012579	XLOC_008240	XLOC_008240
Upin_00012941	XLOC_008678	XLOC_008678
Upin_00013626	XLOC_008679	XLOC_008679
Upin_00013291	XLOC_008241	XLOC_008241
Upin_00012580	XLOC_008241	XLOC_008241
Upin_00013292	XLOC_008241	XLOC_008241
Upin_00012581	XLOC_008242	XLOC_008242
Upin_00013293	XLOC_008242	XLOC_008242
Upin_00013294	XLOC_008242	XLOC_008242
Upin_00012582	XLOC_008243	XLOC_008243
Upin_00012942	XLOC_008680	XLOC_008680
Upin_00013627	XLOC_008680	XLOC_008680
Upin_00012583	XLOC_008244	XLOC_008244
Upin_00013628	XLOC_008681	XLOC_008681
Upin_00012943	XLOC_008681	XLOC_008681
Upin_00013296	XLOC_008245	XLOC_008245
Upin_00012584	XLOC_008245	XLOC_008245
Upin_00012944	XLOC_008682	XLOC_008682
Upin_00013297	XLOC_008246	XLOC_008246
Upin_00012585	XLOC_008246	XLOC_008246
Upin_00013298	XLOC_008246	XLOC_008246
Upin_00012945	XLOC_008683	XLOC_008683
Upin_00013629	XLOC_008683	XLOC_008683
Upin_00013630	XLOC_008683	XLOC_008683
Upin_00013631	XLOC_008683	XLOC_008683
Upin_00012586	XLOC_008247	XLOC_008247
Upin_00012587	XLOC_008248	XLOC_008248
Upin_00012588	XLOC_008249	XLOC_008249
Upin_00012589	XLOC_008250	XLOC_008250
Upin_00012946	XLOC_008684	XLOC_008684
Upin_00013299	XLOC_008251	XLOC_008251
Upin_00012947	XLOC_008685	XLOC_008685
Upin_00013632	XLOC_008685	XLOC_008685
Upin_00013300	XLOC_008252	XLOC_008252
Upin_00012590	XLOC_008253	XLOC_008253
Upin_00013301	XLOC_008253	XLOC_008253
Upin_00012948	XLOC_008686	XLOC_008686
Upin_00012591	XLOC_008254	XLOC_008254
Upin_00013302	XLOC_008254	XLOC_008254
Upin_00012949	XLOC_008687	XLOC_008687
Upin_00013634	XLOC_008687	XLOC_008687
Upin_00012592	XLOC_008255	XLOC_008255
Upin_00012950	XLOC_008688	XLOC_008688
Upin_00013303	XLOC_008256	XLOC_008256
Upin_00012593	XLOC_008256	XLOC_008256
Upin_00012951	XLOC_008689	XLOC_008689
Upin_00012594	XLOC_008257	XLOC_008257
Upin_00013305	XLOC_008257	XLOC_008257
Upin_00012952	XLOC_008690	XLOC_008690
Upin_00013635	XLOC_008690	XLOC_008690
Upin_00012595	XLOC_008258	XLOC_008258
Upin_00013306	XLOC_008258	XLOC_008258
Upin_00012953	XLOC_008691	XLOC_008691
Upin_00012596	XLOC_008259	XLOC_008259
Upin_00012597	XLOC_008260	XLOC_008260
Upin_00013636	XLOC_008692	XLOC_008692
Upin_00012954	XLOC_008693	XLOC_008693
Upin_00013637	XLOC_008693	XLOC_008693
Upin_00013307	XLOC_008261	XLOC_008261
Upin_00012599	XLOC_008262	XLOC_008262
Upin_00013308	XLOC_008262	XLOC_008262
Upin_00012955	XLOC_008694	XLOC_008694
Upin_00013638	XLOC_008694	XLOC_008694
Upin_00012600	XLOC_008263	XLOC_008263
Upin_00012956	XLOC_008695	XLOC_008695
Upin_00012601	XLOC_008264	XLOC_008264
Upin_00012602	XLOC_008265	XLOC_008265
Upin_00013309	XLOC_008266	XLOC_008266
Upin_00012604	XLOC_008266	XLOC_008266
Upin_00012605	XLOC_008267	XLOC_008267
Upin_00013310	XLOC_008267	XLOC_008267
Upin_00013311	XLOC_008267	XLOC_008267
Upin_00012957	XLOC_008696	XLOC_008696
Upin_00013639	XLOC_008697	XLOC_008697
Upin_00012958	XLOC_008697	XLOC_008697
Upin_00013640	XLOC_008697	XLOC_008697
Upin_00013312	XLOC_008268	XLOC_008268
Upin_00013313	XLOC_008269	XLOC_008269
Upin_00012959	XLOC_008698	XLOC_008698
Upin_00013314	XLOC_008270	XLOC_008270
Upin_00012960	XLOC_008699	XLOC_008699
Upin_00013315	XLOC_008271	XLOC_008271
Upin_00013316	XLOC_008272	XLOC_008272
Upin_00013317	XLOC_008272	XLOC_008272
Upin_00012606	XLOC_008273	XLOC_008273
Upin_00013318	XLOC_008273	XLOC_008273
Upin_00012961	XLOC_008701	XLOC_008701
Upin_00012962	XLOC_008702	XLOC_008702
Upin_00013319	XLOC_008274	XLOC_008274
Upin_00012607	XLOC_008274	XLOC_008274
Upin_00013642	XLOC_008703	XLOC_008703
Upin_00012608	XLOC_008275	XLOC_008275
Upin_00012609	XLOC_008276	XLOC_008276
Upin_00012610	XLOC_008277	XLOC_008277
Upin_00013643	XLOC_008704	XLOC_008704
Upin_00012963	XLOC_008704	XLOC_008704
Upin_00012611	XLOC_008278	XLOC_008278
Upin_00013320	XLOC_008278	XLOC_008278
Upin_00012612	XLOC_008279	XLOC_008279
Upin_00012964	XLOC_008705	XLOC_008705
Upin_00013321	XLOC_008280	XLOC_008280
Upin_00013644	XLOC_008706	XLOC_008706
Upin_00012965	XLOC_008707	XLOC_008707
Upin_00013645	XLOC_008707	XLOC_008707
Upin_00012614	XLOC_008281	XLOC_008281
Upin_00013322	XLOC_008281	XLOC_008281
Upin_00013324	XLOC_008281	XLOC_008281
Upin_00013323	XLOC_008282	XLOC_008282
Upin_00012966	XLOC_008708	XLOC_008708
Upin_00013646	XLOC_008708	XLOC_008708
Upin_00012615	XLOC_008283	XLOC_008283
Upin_00013647	XLOC_008709	XLOC_008709
Upin_00013648	XLOC_008710	XLOC_008710
Upin_00013651	XLOC_008710	XLOC_008710
Upin_00013325	XLOC_008284	XLOC_008284
Upin_00012617	XLOC_008285	XLOC_008285
Upin_00013326	XLOC_008285	XLOC_008285
Upin_00013652	XLOC_008711	XLOC_008711
Upin_00013653	XLOC_008711	XLOC_008711
Upin_00012618	XLOC_008286	XLOC_008286
Upin_00013654	XLOC_008712	XLOC_008712
Upin_00012968	XLOC_008712	XLOC_008712
Upin_00013655	XLOC_008712	XLOC_008712
Upin_00012969	XLOC_008713	XLOC_008713
Upin_00012970	XLOC_008714	XLOC_008714
Upin_00013656	XLOC_008715	XLOC_008715
Upin_00012619	XLOC_008287	XLOC_008287
Upin_00013327	XLOC_008287	XLOC_008287
Upin_00013328	XLOC_008287	XLOC_008287
Upin_00013329	XLOC_008287	XLOC_008287
Upin_00013657	XLOC_008716	XLOC_008716
Upin_00012971	XLOC_008717	XLOC_008717
Upin_00013330	XLOC_008288	XLOC_008288
Upin_00012620	XLOC_008288	XLOC_008288
Upin_00013331	XLOC_008288	XLOC_008288
Upin_00012972	XLOC_008718	XLOC_008718
Upin_00012621	XLOC_008289	XLOC_008289
Upin_00013332	XLOC_008289	XLOC_008289
Upin_00013333	XLOC_008289	XLOC_008289
Upin_00013334	XLOC_008289	XLOC_008289
Upin_00012973	XLOC_008719	XLOC_008719
Upin_00013335	XLOC_008290	XLOC_008290
Upin_00012622	XLOC_008291	XLOC_008291
Upin_00012623	XLOC_008292	XLOC_008292
Upin_00012624	XLOC_008293	XLOC_008293
Upin_00012974	XLOC_008721	XLOC_008721
Upin_00013660	XLOC_008721	XLOC_008721
Upin_00013661	XLOC_008721	XLOC_008721
Upin_00013662	XLOC_008721	XLOC_008721
Upin_00013663	XLOC_008721	XLOC_008721
Upin_00012625	XLOC_008294	XLOC_008294
Upin_00012626	XLOC_008295	XLOC_008295
Upin_00012975	XLOC_008722	XLOC_008722
Upin_00012627	XLOC_008296	XLOC_008296
Upin_00012628	XLOC_008297	XLOC_008297
Upin_00012629	XLOC_008298	XLOC_008298
Upin_00013664	XLOC_008723	XLOC_008723
Upin_00013665	XLOC_008724	XLOC_008724
Upin_00012976	XLOC_008724	XLOC_008724
Upin_00013336	XLOC_008299	XLOC_008299
Upin_00012630	XLOC_008299	XLOC_008299
Upin_00013337	XLOC_008299	XLOC_008299
Upin_00013338	XLOC_008299	XLOC_008299
Upin_00012977	XLOC_008725	XLOC_008725
Upin_00012631	XLOC_008301	XLOC_008301
Upin_00013340	XLOC_008301	XLOC_008301
Upin_00013341	XLOC_008301	XLOC_008301
Upin_00012978	XLOC_008726	XLOC_008726
Upin_00012632	XLOC_008302	XLOC_008302
Upin_00012633	XLOC_008303	XLOC_008303
Upin_00012979	XLOC_008727	XLOC_008727
Upin_00012980	XLOC_008728	XLOC_008728
Upin_00013342	XLOC_008304	XLOC_008304
Upin_00013666	XLOC_008729	XLOC_008729
Upin_00012634	XLOC_008305	XLOC_008305
Upin_00012981	XLOC_008730	XLOC_008730
Upin_00012982	XLOC_008731	XLOC_008731
Upin_00013667	XLOC_008731	XLOC_008731
Upin_00012635	XLOC_008306	XLOC_008306
Upin_00013343	XLOC_008306	XLOC_008306
Upin_00013344	XLOC_008307	XLOC_008307
Upin_00013668	XLOC_008732	XLOC_008732
Upin_00012636	XLOC_008308	XLOC_008308
Upin_00013345	XLOC_008309	XLOC_008309
Upin_00013669	XLOC_008733	XLOC_008733
Upin_00013346	XLOC_008310	XLOC_008310
Upin_00012984	XLOC_008734	XLOC_008734
Upin_00013670	XLOC_008734	XLOC_008734
Upin_00013671	XLOC_008734	XLOC_008734
Upin_00013672	XLOC_008734	XLOC_008734
Upin_00013673	XLOC_008734	XLOC_008734
Upin_00012637	XLOC_008311	XLOC_008311
Upin_00013347	XLOC_008311	XLOC_008311
Upin_00013674	XLOC_008735	XLOC_008735
Upin_00013675	XLOC_008736	XLOC_008736
Upin_00012985	XLOC_008736	XLOC_008736
Upin_00013676	XLOC_008736	XLOC_008736
Upin_00013677	XLOC_008736	XLOC_008736
Upin_00013678	XLOC_008736	XLOC_008736
Upin_00012638	XLOC_008312	XLOC_008312
Upin_00013348	XLOC_008312	XLOC_008312
Upin_00013349	XLOC_008313	XLOC_008313
Upin_00013350	XLOC_008314	XLOC_008314
Upin_00013679	XLOC_008737	XLOC_008737
Upin_00013351	XLOC_008315	XLOC_008315
Upin_00013352	XLOC_008316	XLOC_008316
Upin_00012986	XLOC_008738	XLOC_008738
Upin_00013353	XLOC_008317	XLOC_008317
Upin_00012641	XLOC_008318	XLOC_008318
Upin_00013354	XLOC_008319	XLOC_008319
Upin_00012987	XLOC_008739	XLOC_008739
Upin_00012642	XLOC_008320	XLOC_008320
Upin_00013682	XLOC_008741	XLOC_008741
Upin_00012988	XLOC_008741	XLOC_008741
Upin_00012989	XLOC_008742	XLOC_008742
Upin_00013683	XLOC_008742	XLOC_008742
Upin_00013684	XLOC_008742	XLOC_008742
Upin_00012990	XLOC_008743	XLOC_008743
Upin_00013355	XLOC_008321	XLOC_008321
Upin_00012643	XLOC_008321	XLOC_008321
Upin_00012644	XLOC_008322	XLOC_008322
Upin_00013356	XLOC_008322	XLOC_008322
Upin_00013357	XLOC_008323	XLOC_008323
Upin_00012645	XLOC_008323	XLOC_008323
Upin_00012991	XLOC_008744	XLOC_008744
Upin_00012992	XLOC_008745	XLOC_008745
Upin_00012646	XLOC_008324	XLOC_008324
Upin_00013358	XLOC_008324	XLOC_008324
Upin_00012993	XLOC_008746	XLOC_008746
Upin_00012994	XLOC_008747	XLOC_008747
Upin_00013359	XLOC_008325	XLOC_008325
Upin_00012647	XLOC_008325	XLOC_008325
Upin_00013360	XLOC_008325	XLOC_008325
Upin_00013361	XLOC_008325	XLOC_008325
Upin_00013686	XLOC_008748	XLOC_008748
Upin_00013687	XLOC_008749	XLOC_008749
Upin_00012648	XLOC_008326	XLOC_008326
Upin_00012996	XLOC_008750	XLOC_008750
Upin_00012649	XLOC_008327	XLOC_008327
Upin_00012650	XLOC_008328	XLOC_008328
Upin_00013362	XLOC_008328	XLOC_008328
Upin_00013688	XLOC_008751	XLOC_008751
Upin_00013689	XLOC_008752	XLOC_008752
Upin_00013690	XLOC_008753	XLOC_008753
Upin_00012997	XLOC_008753	XLOC_008753
Upin_00012998	XLOC_008754	XLOC_008754
Upin_00013363	XLOC_008329	XLOC_008329
Upin_00013364	XLOC_008330	XLOC_008330
Upin_00012652	XLOC_008331	XLOC_008331
Upin_00013365	XLOC_008331	XLOC_008331
Upin_00013366	XLOC_008332	XLOC_008332
Upin_00012653	XLOC_008332	XLOC_008332
Upin_00013367	XLOC_008332	XLOC_008332
Upin_00013368	XLOC_008332	XLOC_008332
Upin_00012999	XLOC_008755	XLOC_008755
Upin_00013000	XLOC_008756	XLOC_008756
Upin_00013691	XLOC_008756	XLOC_008756
Upin_00012654	XLOC_008333	XLOC_008333
Upin_00013692	XLOC_008757	XLOC_008757
Upin_00012655	XLOC_008334	XLOC_008334
Upin_00013370	XLOC_008335	XLOC_008335
Upin_00012656	XLOC_008335	XLOC_008335
Upin_00013693	XLOC_008758	XLOC_008758
Upin_00013001	XLOC_008759	XLOC_008759
Upin_00013002	XLOC_008760	XLOC_008760
Upin_00013003	XLOC_008761	XLOC_008761
Upin_00013004	XLOC_008762	XLOC_008762
Upin_00013694	XLOC_008763	XLOC_008763
Upin_00013695	XLOC_008764	XLOC_008764
Upin_00013371	XLOC_008336	XLOC_008336
Upin_00013005	XLOC_008765	XLOC_008765
Upin_00013696	XLOC_008765	XLOC_008765
Upin_00013698	XLOC_008765	XLOC_008765
Upin_00013006	XLOC_008766	XLOC_008766
Upin_00013699	XLOC_008766	XLOC_008766
Upin_00012657	XLOC_008337	XLOC_008337
Upin_00013373	XLOC_008337	XLOC_008337
Upin_00013007	XLOC_008768	XLOC_008768
Upin_00012658	XLOC_008338	XLOC_008338
Upin_00013374	XLOC_008339	XLOC_008339
Upin_00013008	XLOC_008769	XLOC_008769
Upin_00013375	XLOC_008340	XLOC_008340
Upin_00012659	XLOC_008340	XLOC_008340
Upin_00012660	XLOC_008341	XLOC_008341
Upin_00012661	XLOC_008342	XLOC_008342
Upin_00013701	XLOC_008770	XLOC_008770
Upin_00013009	XLOC_008771	XLOC_008771
Upin_00013702	XLOC_008771	XLOC_008771
Upin_00013703	XLOC_008771	XLOC_008771
Upin_00012662	XLOC_008343	XLOC_008343
Upin_00013704	XLOC_008772	XLOC_008772
Upin_00013010	XLOC_008772	XLOC_008772
Upin_00012663	XLOC_008344	XLOC_008344
Upin_00012664	XLOC_008345	XLOC_008345
Upin_00012665	XLOC_008346	XLOC_008346
Upin_00013376	XLOC_008346	XLOC_008346
Upin_00013377	XLOC_008347	XLOC_008347
Upin_00013378	XLOC_008348	XLOC_008348
Upin_00013011	XLOC_008773	XLOC_008773
Upin_00013705	XLOC_008773	XLOC_008773
Upin_00013706	XLOC_008773	XLOC_008773
Upin_00013012	XLOC_008774	XLOC_008774
Upin_00012668	XLOC_008349	XLOC_008349
Upin_00013013	XLOC_008775	XLOC_008775
Upin_00013014	XLOC_008776	XLOC_008776
Upin_00012669	XLOC_008350	XLOC_008350
Upin_00013708	XLOC_008777	XLOC_008777
Upin_00013015	XLOC_008777	XLOC_008777
Upin_00013709	XLOC_008778	XLOC_008778
Upin_00013016	XLOC_008778	XLOC_008778
Upin_00013017	XLOC_008779	XLOC_008779
Upin_00013710	XLOC_008779	XLOC_008779
Upin_00013711	XLOC_008780	XLOC_008780
Upin_00013018	XLOC_008780	XLOC_008780
Upin_00013712	XLOC_008780	XLOC_008780
Upin_00013380	XLOC_008352	XLOC_008352
Upin_00013019	XLOC_008781	XLOC_008781
Upin_00013020	XLOC_008782	XLOC_008782
Upin_00012671	XLOC_008353	XLOC_008353
Upin_00013713	XLOC_008783	XLOC_008783
Upin_00012672	XLOC_008354	XLOC_008354
Upin_00013381	XLOC_008354	XLOC_008354
Upin_00013714	XLOC_008784	XLOC_008784
Upin_00013021	XLOC_008785	XLOC_008785
Upin_00013715	XLOC_008786	XLOC_008786
Upin_00012673	XLOC_008355	XLOC_008355
Upin_00013382	XLOC_008355	XLOC_008355
Upin_00013383	XLOC_008355	XLOC_008355
Upin_00013022	XLOC_008787	XLOC_008787
Upin_00012676	XLOC_008356	XLOC_008356
Upin_00013385	XLOC_008356	XLOC_008356
Upin_00013023	XLOC_008788	XLOC_008788
Upin_00012677	XLOC_008357	XLOC_008357
Upin_00013386	XLOC_008357	XLOC_008357
Upin_00012678	XLOC_008358	XLOC_008358
Upin_00012679	XLOC_008359	XLOC_008359
Upin_00013716	XLOC_008789	XLOC_008789
Upin_00013387	XLOC_008360	XLOC_008360
Upin_00013025	XLOC_008790	XLOC_008790
Upin_00013717	XLOC_008790	XLOC_008790
Upin_00012680	XLOC_008361	XLOC_008361
Upin_00013388	XLOC_008361	XLOC_008361
Upin_00012681	XLOC_008362	XLOC_008362
Upin_00013389	XLOC_008363	XLOC_008363
Upin_00013718	XLOC_008791	XLOC_008791
Upin_00013026	XLOC_008791	XLOC_008791
Upin_00013719	XLOC_008792	XLOC_008792
Upin_00013390	XLOC_008364	XLOC_008364
Upin_00013027	XLOC_008793	XLOC_008793
Upin_00013720	XLOC_008793	XLOC_008793
Upin_00013028	XLOC_008794	XLOC_008794
Upin_00013721	XLOC_008794	XLOC_008794
Upin_00013722	XLOC_008794	XLOC_008794
Upin_00013723	XLOC_008794	XLOC_008794
Upin_00013724	XLOC_008795	XLOC_008795
Upin_00013029	XLOC_008795	XLOC_008795
Upin_00012682	XLOC_008365	XLOC_008365
Upin_00013725	XLOC_008796	XLOC_008796
Upin_00013030	XLOC_008797	XLOC_008797
Upin_00013726	XLOC_008798	XLOC_008798
Upin_00013031	XLOC_008798	XLOC_008798
Upin_00013391	XLOC_008366	XLOC_008366
Upin_00012683	XLOC_008366	XLOC_008366
Upin_00013032	XLOC_008799	XLOC_008799
Upin_00012684	XLOC_008367	XLOC_008367
Upin_00013393	XLOC_008367	XLOC_008367
Upin_00013392	XLOC_008368	XLOC_008368
Upin_00013727	XLOC_008800	XLOC_008800
Upin_00012685	XLOC_008369	XLOC_008369
Upin_00013033	XLOC_008801	XLOC_008801
Upin_00012686	XLOC_008370	XLOC_008370
Upin_00012687	XLOC_008371	XLOC_008371
Upin_00013394	XLOC_008371	XLOC_008371
Upin_00013728	XLOC_008802	XLOC_008802
Upin_00012688	XLOC_008372	XLOC_008372
Upin_00013395	XLOC_008372	XLOC_008372
Upin_00013396	XLOC_008372	XLOC_008372
Upin_00013397	XLOC_008372	XLOC_008372
Upin_00013034	XLOC_008803	XLOC_008803
Upin_00013729	XLOC_008803	XLOC_008803
Upin_00012689	XLOC_008373	XLOC_008373
Upin_00013730	XLOC_008804	XLOC_008804
Upin_00013035	XLOC_008804	XLOC_008804
Upin_00013036	XLOC_008805	XLOC_008805
Upin_00013732	XLOC_008805	XLOC_008805
Upin_00013398	XLOC_008374	XLOC_008374
Upin_00013037	XLOC_008807	XLOC_008807
Upin_00013038	XLOC_008808	XLOC_008808
Upin_00012690	XLOC_008375	XLOC_008375
Upin_00012691	XLOC_008376	XLOC_008376
Upin_00013399	XLOC_008377	XLOC_008377
Upin_00013400	XLOC_008378	XLOC_008378
Upin_00012692	XLOC_008379	XLOC_008379
Upin_00012693	XLOC_008380	XLOC_008380
Upin_00013039	XLOC_008809	XLOC_008809
Upin_00013733	XLOC_008809	XLOC_008809
Upin_00012694	XLOC_008381	XLOC_008381
Upin_00013734	XLOC_008810	XLOC_008810
Upin_00013040	XLOC_008811	XLOC_008811
Upin_00013401	XLOC_008382	XLOC_008382
Upin_00013735	XLOC_008812	XLOC_008812
Upin_00013041	XLOC_008812	XLOC_008812
Upin_00013736	XLOC_008812	XLOC_008812
Upin_00013737	XLOC_008812	XLOC_008812
Upin_00013738	XLOC_008812	XLOC_008812
Upin_00013740	XLOC_008812	XLOC_008812
Upin_00013741	XLOC_008812	XLOC_008812
Upin_00013742	XLOC_008812	XLOC_008812
Upin_00013743	XLOC_008812	XLOC_008812
Upin_00013744	XLOC_008812	XLOC_008812
Upin_00013745	XLOC_008812	XLOC_008812
Upin_00013746	XLOC_008812	XLOC_008812
Upin_00013747	XLOC_008812	XLOC_008812
Upin_00013748	XLOC_008812	XLOC_008812
Upin_00013042	XLOC_008813	XLOC_008813
Upin_00013749	XLOC_008813	XLOC_008813
Upin_00012695	XLOC_008383	XLOC_008383
Upin_00013402	XLOC_008383	XLOC_008383
Upin_00013403	XLOC_008383	XLOC_008383
Upin_00013404	XLOC_008384	XLOC_008384
Upin_00013405	XLOC_008385	XLOC_008385
Upin_00012696	XLOC_008385	XLOC_008385
Upin_00013043	XLOC_008814	XLOC_008814
Upin_00013750	XLOC_008814	XLOC_008814
Upin_00013751	XLOC_008814	XLOC_008814
Upin_00013752	XLOC_008814	XLOC_008814
Upin_00013753	XLOC_008815	XLOC_008815
Upin_00013406	XLOC_008386	XLOC_008386
Upin_00013754	XLOC_008816	XLOC_008816
Upin_00012697	XLOC_008387	XLOC_008387
Upin_00012698	XLOC_008388	XLOC_008388
Upin_00013407	XLOC_008388	XLOC_008388
Upin_00013755	XLOC_008817	XLOC_008817
Upin_00013756	XLOC_008818	XLOC_008818
Upin_00013045	XLOC_008818	XLOC_008818
Upin_00013757	XLOC_008819	XLOC_008819
Upin_00012699	XLOC_008389	XLOC_008389
Upin_00013408	XLOC_008389	XLOC_008389
Upin_00013046	XLOC_008820	XLOC_008820
Upin_00012700	XLOC_008390	XLOC_008390
Upin_00013409	XLOC_008390	XLOC_008390
Upin_00013758	XLOC_008821	XLOC_008821
Upin_00013047	XLOC_008821	XLOC_008821
Upin_00013048	XLOC_008822	XLOC_008822
Upin_00013759	XLOC_008823	XLOC_008823
Upin_00012701	XLOC_008391	XLOC_008391
Upin_00013050	XLOC_008824	XLOC_008824
Upin_00013410	XLOC_008392	XLOC_008392
Upin_00013411	XLOC_008393	XLOC_008393
Upin_00013051	XLOC_008825	XLOC_008825
Upin_00013760	XLOC_008825	XLOC_008825
Upin_00013761	XLOC_008826	XLOC_008826
Upin_00013052	XLOC_008827	XLOC_008827
Upin_00013053	XLOC_008828	XLOC_008828
Upin_00013762	XLOC_008829	XLOC_008829
Upin_00013054	XLOC_008830	XLOC_008830
Upin_00012702	XLOC_008394	XLOC_008394
Upin_00013413	XLOC_008395	XLOC_008395
Upin_00013763	XLOC_008831	XLOC_008831
Upin_00012703	XLOC_008396	XLOC_008396
Upin_00013414	XLOC_008396	XLOC_008396
Upin_00013764	XLOC_008832	XLOC_008832
Upin_00013765	XLOC_008833	XLOC_008833
Upin_00013056	XLOC_008834	XLOC_008834
Upin_00013766	XLOC_008835	XLOC_008835
Upin_00013057	XLOC_008835	XLOC_008835
Upin_00013768	XLOC_008836	XLOC_008836
Upin_00013415	XLOC_008397	XLOC_008397
Upin_00013058	XLOC_008837	XLOC_008837
Upin_00012704	XLOC_008398	XLOC_008398
Upin_00013416	XLOC_008398	XLOC_008398
Upin_00013417	XLOC_008398	XLOC_008398
Upin_00013418	XLOC_008399	XLOC_008399
Upin_00012706	XLOC_008400	XLOC_008400
Upin_00013419	XLOC_008400	XLOC_008400
Upin_00012707	XLOC_008401	XLOC_008401
Upin_00013420	XLOC_008402	XLOC_008402
Upin_00012709	XLOC_008403	XLOC_008403
Upin_00013769	XLOC_008838	XLOC_008838
Upin_00013770	XLOC_008839	XLOC_008839
Upin_00012710	XLOC_008404	XLOC_008404
Upin_00013421	XLOC_008404	XLOC_008404
Upin_00013771	XLOC_008840	XLOC_008840
Upin_00014088	XLOC_008841	XLOC_008841
Upin_00013772	XLOC_008842	XLOC_008842
Upin_00014089	XLOC_008842	XLOC_008842
Upin_00013773	XLOC_008843	XLOC_008843
Upin_00014090	XLOC_008844	XLOC_008844
Upin_00014247	XLOC_009069	XLOC_009069
Upin_00013935	XLOC_009070	XLOC_009070
Upin_00013936	XLOC_009071	XLOC_009071
Upin_00014091	XLOC_008845	XLOC_008845
Upin_00013775	XLOC_008847	XLOC_008847
Upin_00014093	XLOC_008848	XLOC_008848
Upin_00013937	XLOC_009072	XLOC_009072
Upin_00013776	XLOC_008849	XLOC_008849
Upin_00013777	XLOC_008850	XLOC_008850
Upin_00014096	XLOC_008852	XLOC_008852
Upin_00014249	XLOC_009074	XLOC_009074
Upin_00014097	XLOC_008853	XLOC_008853
Upin_00014099	XLOC_008855	XLOC_008855
Upin_00014250	XLOC_009075	XLOC_009075
Upin_00014100	XLOC_008856	XLOC_008856
Upin_00014101	XLOC_008857	XLOC_008857
Upin_00013778	XLOC_008858	XLOC_008858
Upin_00013938	XLOC_009076	XLOC_009076
Upin_00013779	XLOC_008859	XLOC_008859
Upin_00013939	XLOC_009077	XLOC_009077
Upin_00014251	XLOC_009078	XLOC_009078
Upin_00014102	XLOC_008860	XLOC_008860
Upin_00013780	XLOC_008861	XLOC_008861
Upin_00013941	XLOC_009079	XLOC_009079
Upin_00014252	XLOC_009080	XLOC_009080
Upin_00013942	XLOC_009080	XLOC_009080
Upin_00013781	XLOC_008862	XLOC_008862
Upin_00014103	XLOC_008862	XLOC_008862
Upin_00014253	XLOC_009081	XLOC_009081
Upin_00013943	XLOC_009082	XLOC_009082
Upin_00013944	XLOC_009083	XLOC_009083
Upin_00013945	XLOC_009084	XLOC_009084
Upin_00013946	XLOC_009085	XLOC_009085
Upin_00013947	XLOC_009086	XLOC_009086
Upin_00014105	XLOC_008863	XLOC_008863
Upin_00013948	XLOC_009087	XLOC_009087
Upin_00013951	XLOC_009088	XLOC_009088
Upin_00013952	XLOC_009089	XLOC_009089
Upin_00013782	XLOC_008866	XLOC_008866
Upin_00013953	XLOC_009090	XLOC_009090
Upin_00013783	XLOC_008867	XLOC_008867
Upin_00014255	XLOC_009091	XLOC_009091
Upin_00013784	XLOC_008868	XLOC_008868
Upin_00014108	XLOC_008868	XLOC_008868
Upin_00013785	XLOC_008869	XLOC_008869
Upin_00014256	XLOC_009092	XLOC_009092
Upin_00013954	XLOC_009093	XLOC_009093
Upin_00013955	XLOC_009094	XLOC_009094
Upin_00014109	XLOC_008870	XLOC_008870
Upin_00013787	XLOC_008871	XLOC_008871
Upin_00013788	XLOC_008873	XLOC_008873
Upin_00014111	XLOC_008873	XLOC_008873
Upin_00013956	XLOC_009095	XLOC_009095
Upin_00013958	XLOC_009096	XLOC_009096
Upin_00014112	XLOC_008874	XLOC_008874
Upin_00013789	XLOC_008875	XLOC_008875
Upin_00014258	XLOC_009097	XLOC_009097
Upin_00013790	XLOC_008876	XLOC_008876
Upin_00014114	XLOC_008877	XLOC_008877
Upin_00013959	XLOC_009098	XLOC_009098
Upin_00013791	XLOC_008878	XLOC_008878
Upin_00013792	XLOC_008879	XLOC_008879
Upin_00014115	XLOC_008879	XLOC_008879
Upin_00013960	XLOC_009099	XLOC_009099
Upin_00014259	XLOC_009100	XLOC_009100
Upin_00013793	XLOC_008881	XLOC_008881
Upin_00013961	XLOC_009101	XLOC_009101
Upin_00013962	XLOC_009102	XLOC_009102
Upin_00013794	XLOC_008882	XLOC_008882
Upin_00014260	XLOC_009103	XLOC_009103
Upin_00013963	XLOC_009103	XLOC_009103
Upin_00013795	XLOC_008883	XLOC_008883
Upin_00014117	XLOC_008884	XLOC_008884
Upin_00013796	XLOC_008884	XLOC_008884
Upin_00013797	XLOC_008885	XLOC_008885
Upin_00013798	XLOC_008886	XLOC_008886
Upin_00014261	XLOC_009104	XLOC_009104
Upin_00013964	XLOC_009105	XLOC_009105
Upin_00014119	XLOC_008887	XLOC_008887
Upin_00014262	XLOC_009106	XLOC_009106
Upin_00013965	XLOC_009107	XLOC_009107
Upin_00014263	XLOC_009107	XLOC_009107
Upin_00014264	XLOC_009107	XLOC_009107
Upin_00014120	XLOC_008888	XLOC_008888
Upin_00013800	XLOC_008889	XLOC_008889
Upin_00014121	XLOC_008889	XLOC_008889
Upin_00014122	XLOC_008889	XLOC_008889
Upin_00014265	XLOC_009108	XLOC_009108
Upin_00013801	XLOC_008890	XLOC_008890
Upin_00013802	XLOC_008891	XLOC_008891
Upin_00014266	XLOC_009109	XLOC_009109
Upin_00014123	XLOC_008892	XLOC_008892
Upin_00013803	XLOC_008893	XLOC_008893
Upin_00013966	XLOC_009110	XLOC_009110
Upin_00014267	XLOC_009110	XLOC_009110
Upin_00014124	XLOC_008894	XLOC_008894
Upin_00013804	XLOC_008895	XLOC_008895
Upin_00014125	XLOC_008895	XLOC_008895
Upin_00013967	XLOC_009111	XLOC_009111
Upin_00013968	XLOC_009112	XLOC_009112
Upin_00013969	XLOC_009113	XLOC_009113
Upin_00014268	XLOC_009113	XLOC_009113
Upin_00013970	XLOC_009114	XLOC_009114
Upin_00014126	XLOC_008896	XLOC_008896
Upin_00013805	XLOC_008896	XLOC_008896
Upin_00014127	XLOC_008896	XLOC_008896
Upin_00014269	XLOC_009115	XLOC_009115
Upin_00013806	XLOC_008897	XLOC_008897
Upin_00013971	XLOC_009116	XLOC_009116
Upin_00014270	XLOC_009116	XLOC_009116
Upin_00013972	XLOC_009117	XLOC_009117
Upin_00013973	XLOC_009118	XLOC_009118
Upin_00014271	XLOC_009118	XLOC_009118
Upin_00013807	XLOC_008898	XLOC_008898
Upin_00014272	XLOC_009119	XLOC_009119
Upin_00013809	XLOC_008899	XLOC_008899
Upin_00014129	XLOC_008899	XLOC_008899
Upin_00014130	XLOC_008900	XLOC_008900
Upin_00013810	XLOC_008900	XLOC_008900
Upin_00013811	XLOC_008901	XLOC_008901
Upin_00013974	XLOC_009120	XLOC_009120
Upin_00013812	XLOC_008902	XLOC_008902
Upin_00014131	XLOC_008902	XLOC_008902
Upin_00014132	XLOC_008903	XLOC_008903
Upin_00013813	XLOC_008904	XLOC_008904
Upin_00013975	XLOC_009121	XLOC_009121
Upin_00014273	XLOC_009121	XLOC_009121
Upin_00013976	XLOC_009122	XLOC_009122
Upin_00013814	XLOC_008905	XLOC_008905
Upin_00014133	XLOC_008905	XLOC_008905
Upin_00014134	XLOC_008905	XLOC_008905
Upin_00013815	XLOC_008906	XLOC_008906
Upin_00014135	XLOC_008907	XLOC_008907
Upin_00013816	XLOC_008907	XLOC_008907
Upin_00013977	XLOC_009123	XLOC_009123
Upin_00013978	XLOC_009124	XLOC_009124
Upin_00013817	XLOC_008908	XLOC_008908
Upin_00013979	XLOC_009125	XLOC_009125
Upin_00013818	XLOC_008909	XLOC_008909
Upin_00014136	XLOC_008909	XLOC_008909
Upin_00013819	XLOC_008910	XLOC_008910
Upin_00013980	XLOC_009127	XLOC_009127
Upin_00014277	XLOC_009127	XLOC_009127
Upin_00013820	XLOC_008911	XLOC_008911
Upin_00013821	XLOC_008912	XLOC_008912
Upin_00013981	XLOC_009128	XLOC_009128
Upin_00013822	XLOC_008913	XLOC_008913
Upin_00014138	XLOC_008913	XLOC_008913
Upin_00014278	XLOC_009129	XLOC_009129
Upin_00013982	XLOC_009130	XLOC_009130
Upin_00013983	XLOC_009131	XLOC_009131
Upin_00013984	XLOC_009132	XLOC_009132
Upin_00013823	XLOC_008914	XLOC_008914
Upin_00013985	XLOC_009133	XLOC_009133
Upin_00014139	XLOC_008915	XLOC_008915
Upin_00014140	XLOC_008916	XLOC_008916
Upin_00014141	XLOC_008917	XLOC_008917
Upin_00013824	XLOC_008918	XLOC_008918
Upin_00014142	XLOC_008918	XLOC_008918
Upin_00013825	XLOC_008919	XLOC_008919
Upin_00013988	XLOC_009137	XLOC_009137
Upin_00014144	XLOC_008921	XLOC_008921
Upin_00013826	XLOC_008922	XLOC_008922
Upin_00013827	XLOC_008923	XLOC_008923
Upin_00013989	XLOC_009138	XLOC_009138
Upin_00013828	XLOC_008924	XLOC_008924
Upin_00013829	XLOC_008925	XLOC_008925
Upin_00013990	XLOC_009139	XLOC_009139
Upin_00013991	XLOC_009140	XLOC_009140
Upin_00013992	XLOC_009141	XLOC_009141
Upin_00013993	XLOC_009142	XLOC_009142
Upin_00013994	XLOC_009143	XLOC_009143
Upin_00013995	XLOC_009144	XLOC_009144
Upin_00013830	XLOC_008926	XLOC_008926
Upin_00013996	XLOC_009145	XLOC_009145
Upin_00013997	XLOC_009146	XLOC_009146
Upin_00013831	XLOC_008927	XLOC_008927
Upin_00013832	XLOC_008928	XLOC_008928
Upin_00013998	XLOC_009147	XLOC_009147
Upin_00014282	XLOC_009147	XLOC_009147
Upin_00013833	XLOC_008931	XLOC_008931
Upin_00014148	XLOC_008931	XLOC_008931
Upin_00014283	XLOC_009148	XLOC_009148
Upin_00013999	XLOC_009149	XLOC_009149
Upin_00013834	XLOC_008932	XLOC_008932
Upin_00013835	XLOC_008933	XLOC_008933
Upin_00014150	XLOC_008933	XLOC_008933
Upin_00014151	XLOC_008933	XLOC_008933
Upin_00013836	XLOC_008934	XLOC_008934
Upin_00014286	XLOC_009151	XLOC_009151
Upin_00013837	XLOC_008936	XLOC_008936
Upin_00014000	XLOC_009152	XLOC_009152
Upin_00014287	XLOC_009152	XLOC_009152
Upin_00014288	XLOC_009152	XLOC_009152
Upin_00013838	XLOC_008937	XLOC_008937
Upin_00014001	XLOC_009153	XLOC_009153
Upin_00014290	XLOC_009154	XLOC_009154
Upin_00013839	XLOC_008938	XLOC_008938
Upin_00014003	XLOC_009156	XLOC_009156
Upin_00013840	XLOC_008939	XLOC_008939
Upin_00014004	XLOC_009157	XLOC_009157
Upin_00013841	XLOC_008940	XLOC_008940
Upin_00013842	XLOC_008941	XLOC_008941
Upin_00014153	XLOC_008941	XLOC_008941
Upin_00013843	XLOC_008942	XLOC_008942
Upin_00014005	XLOC_009159	XLOC_009159
Upin_00013844	XLOC_008943	XLOC_008943
Upin_00014006	XLOC_009160	XLOC_009160
Upin_00014154	XLOC_008944	XLOC_008944
Upin_00014007	XLOC_009161	XLOC_009161
Upin_00013845	XLOC_008945	XLOC_008945
Upin_00014155	XLOC_008945	XLOC_008945
Upin_00013846	XLOC_008946	XLOC_008946
Upin_00013847	XLOC_008946	XLOC_008946
Upin_00014008	XLOC_009162	XLOC_009162
Upin_00014156	XLOC_008947	XLOC_008947
Upin_00013848	XLOC_008947	XLOC_008947
Upin_00013849	XLOC_008948	XLOC_008948
Upin_00014158	XLOC_008948	XLOC_008948
Upin_00014159	XLOC_008948	XLOC_008948
Upin_00013850	XLOC_008949	XLOC_008949
Upin_00014160	XLOC_008949	XLOC_008949
Upin_00014009	XLOC_009163	XLOC_009163
Upin_00014010	XLOC_009164	XLOC_009164
Upin_00013851	XLOC_008951	XLOC_008951
Upin_00014011	XLOC_009167	XLOC_009167
Upin_00013852	XLOC_008952	XLOC_008952
Upin_00014162	XLOC_008952	XLOC_008952
Upin_00014012	XLOC_009168	XLOC_009168
Upin_00014013	XLOC_009169	XLOC_009169
Upin_00014014	XLOC_009170	XLOC_009170
Upin_00014163	XLOC_008953	XLOC_008953
Upin_00013853	XLOC_008953	XLOC_008953
Upin_00014164	XLOC_008953	XLOC_008953
Upin_00014165	XLOC_008953	XLOC_008953
Upin_00014166	XLOC_008954	XLOC_008954
Upin_00013854	XLOC_008954	XLOC_008954
Upin_00014167	XLOC_008954	XLOC_008954
Upin_00014168	XLOC_008954	XLOC_008954
Upin_00014299	XLOC_009171	XLOC_009171
Upin_00014015	XLOC_009172	XLOC_009172
Upin_00014169	XLOC_008955	XLOC_008955
Upin_00013855	XLOC_008956	XLOC_008956
Upin_00014170	XLOC_008956	XLOC_008956
Upin_00013856	XLOC_008957	XLOC_008957
Upin_00014016	XLOC_009174	XLOC_009174
Upin_00014171	XLOC_008958	XLOC_008958
Upin_00013857	XLOC_008959	XLOC_008959
Upin_00014173	XLOC_008960	XLOC_008960
Upin_00014017	XLOC_009175	XLOC_009175
Upin_00014175	XLOC_008962	XLOC_008962
Upin_00013859	XLOC_008962	XLOC_008962
Upin_00014018	XLOC_009176	XLOC_009176
Upin_00013860	XLOC_008963	XLOC_008963
Upin_00013861	XLOC_008964	XLOC_008964
Upin_00014176	XLOC_008965	XLOC_008965
Upin_00014019	XLOC_009177	XLOC_009177
Upin_00013862	XLOC_008966	XLOC_008966
Upin_00014303	XLOC_009178	XLOC_009178
Upin_00013863	XLOC_008967	XLOC_008967
Upin_00014304	XLOC_009179	XLOC_009179
Upin_00014179	XLOC_008970	XLOC_008970
Upin_00013864	XLOC_008971	XLOC_008971
Upin_00013865	XLOC_008972	XLOC_008972
Upin_00014180	XLOC_008972	XLOC_008972
Upin_00013866	XLOC_008973	XLOC_008973
Upin_00013867	XLOC_008974	XLOC_008974
Upin_00014306	XLOC_009181	XLOC_009181
Upin_00014020	XLOC_009181	XLOC_009181
Upin_00014021	XLOC_009182	XLOC_009182
Upin_00014022	XLOC_009183	XLOC_009183
Upin_00013868	XLOC_008976	XLOC_008976
Upin_00014182	XLOC_008977	XLOC_008977
Upin_00013869	XLOC_008977	XLOC_008977
Upin_00014183	XLOC_008977	XLOC_008977
Upin_00014023	XLOC_009184	XLOC_009184
Upin_00014184	XLOC_008978	XLOC_008978
Upin_00014024	XLOC_009185	XLOC_009185
Upin_00013870	XLOC_008979	XLOC_008979
Upin_00014310	XLOC_009186	XLOC_009186
Upin_00014025	XLOC_009187	XLOC_009187
Upin_00014185	XLOC_008980	XLOC_008980
Upin_00013871	XLOC_008980	XLOC_008980
Upin_00013872	XLOC_008981	XLOC_008981
Upin_00014186	XLOC_008981	XLOC_008981
Upin_00014026	XLOC_009188	XLOC_009188
Upin_00014027	XLOC_009189	XLOC_009189
Upin_00013873	XLOC_008982	XLOC_008982
Upin_00014314	XLOC_009190	XLOC_009190
Upin_00014315	XLOC_009191	XLOC_009191
Upin_00014187	XLOC_008983	XLOC_008983
Upin_00014316	XLOC_009192	XLOC_009192
Upin_00013874	XLOC_008985	XLOC_008985
Upin_00014189	XLOC_008985	XLOC_008985
Upin_00014028	XLOC_009193	XLOC_009193
Upin_00014317	XLOC_009193	XLOC_009193
Upin_00013875	XLOC_008986	XLOC_008986
Upin_00013876	XLOC_008987	XLOC_008987
Upin_00014190	XLOC_008987	XLOC_008987
Upin_00014030	XLOC_009195	XLOC_009195
Upin_00014191	XLOC_008988	XLOC_008988
Upin_00013877	XLOC_008988	XLOC_008988
Upin_00013878	XLOC_008989	XLOC_008989
Upin_00014192	XLOC_008989	XLOC_008989
Upin_00014031	XLOC_009199	XLOC_009199
Upin_00014032	XLOC_009200	XLOC_009200
Upin_00013879	XLOC_008990	XLOC_008990
Upin_00013880	XLOC_008991	XLOC_008991
Upin_00013881	XLOC_008992	XLOC_008992
Upin_00014193	XLOC_008992	XLOC_008992
Upin_00014194	XLOC_008992	XLOC_008992
Upin_00014323	XLOC_009202	XLOC_009202
Upin_00014033	XLOC_009204	XLOC_009204
Upin_00013882	XLOC_008994	XLOC_008994
Upin_00014196	XLOC_008994	XLOC_008994
Upin_00013883	XLOC_008995	XLOC_008995
Upin_00014197	XLOC_008995	XLOC_008995
Upin_00014325	XLOC_009205	XLOC_009205
Upin_00014326	XLOC_009206	XLOC_009206
Upin_00013884	XLOC_008996	XLOC_008996
Upin_00013885	XLOC_008997	XLOC_008997
Upin_00013886	XLOC_008998	XLOC_008998
Upin_00013887	XLOC_008999	XLOC_008999
Upin_00014198	XLOC_008999	XLOC_008999
Upin_00013888	XLOC_009001	XLOC_009001
Upin_00014200	XLOC_009001	XLOC_009001
Upin_00013889	XLOC_009002	XLOC_009002
Upin_00014034	XLOC_009208	XLOC_009208
Upin_00014201	XLOC_009003	XLOC_009003
Upin_00014202	XLOC_009004	XLOC_009004
Upin_00014036	XLOC_009210	XLOC_009210
Upin_00014203	XLOC_009005	XLOC_009005
Upin_00013890	XLOC_009005	XLOC_009005
Upin_00014204	XLOC_009005	XLOC_009005
Upin_00014037	XLOC_009211	XLOC_009211
Upin_00014330	XLOC_009211	XLOC_009211
Upin_00014205	XLOC_009006	XLOC_009006
Upin_00013891	XLOC_009006	XLOC_009006
Upin_00014038	XLOC_009212	XLOC_009212
Upin_00014039	XLOC_009213	XLOC_009213
Upin_00014206	XLOC_009007	XLOC_009007
Upin_00014331	XLOC_009214	XLOC_009214
Upin_00013893	XLOC_009008	XLOC_009008
Upin_00013894	XLOC_009009	XLOC_009009
Upin_00014040	XLOC_009215	XLOC_009215
Upin_00014333	XLOC_009215	XLOC_009215
Upin_00014207	XLOC_009010	XLOC_009010
Upin_00014041	XLOC_009216	XLOC_009216
Upin_00014334	XLOC_009216	XLOC_009216
Upin_00014208	XLOC_009011	XLOC_009011
Upin_00014209	XLOC_009012	XLOC_009012
Upin_00014336	XLOC_009217	XLOC_009217
Upin_00014210	XLOC_009013	XLOC_009013
Upin_00014211	XLOC_009014	XLOC_009014
Upin_00013895	XLOC_009015	XLOC_009015
Upin_00013896	XLOC_009016	XLOC_009016
Upin_00014339	XLOC_009219	XLOC_009219
Upin_00014042	XLOC_009219	XLOC_009219
Upin_00014043	XLOC_009220	XLOC_009220
Upin_00014340	XLOC_009220	XLOC_009220
Upin_00014044	XLOC_009221	XLOC_009221
Upin_00013897	XLOC_009018	XLOC_009018
Upin_00014045	XLOC_009222	XLOC_009222
Upin_00014046	XLOC_009223	XLOC_009223
Upin_00014213	XLOC_009019	XLOC_009019
Upin_00014047	XLOC_009224	XLOC_009224
Upin_00013898	XLOC_009020	XLOC_009020
Upin_00014214	XLOC_009021	XLOC_009021
Upin_00014048	XLOC_009225	XLOC_009225
Upin_00014215	XLOC_009022	XLOC_009022
Upin_00014216	XLOC_009023	XLOC_009023
Upin_00014217	XLOC_009024	XLOC_009024
Upin_00013899	XLOC_009024	XLOC_009024
Upin_00014218	XLOC_009024	XLOC_009024
Upin_00014343	XLOC_009226	XLOC_009226
Upin_00014344	XLOC_009227	XLOC_009227
Upin_00013900	XLOC_009025	XLOC_009025
Upin_00013901	XLOC_009026	XLOC_009026
Upin_00014049	XLOC_009229	XLOC_009229
Upin_00013902	XLOC_009027	XLOC_009027
Upin_00014050	XLOC_009230	XLOC_009230
Upin_00014051	XLOC_009231	XLOC_009231
Upin_00014052	XLOC_009232	XLOC_009232
Upin_00014346	XLOC_009232	XLOC_009232
Upin_00013903	XLOC_009028	XLOC_009028
Upin_00014053	XLOC_009234	XLOC_009234
Upin_00013904	XLOC_009029	XLOC_009029
Upin_00014054	XLOC_009235	XLOC_009235
Upin_00013905	XLOC_009030	XLOC_009030
Upin_00014219	XLOC_009030	XLOC_009030
Upin_00014055	XLOC_009237	XLOC_009237
Upin_00014220	XLOC_009031	XLOC_009031
Upin_00013906	XLOC_009033	XLOC_009033
Upin_00013907	XLOC_009034	XLOC_009034
Upin_00014056	XLOC_009238	XLOC_009238
Upin_00014349	XLOC_009238	XLOC_009238
Upin_00014350	XLOC_009238	XLOC_009238
Upin_00014057	XLOC_009239	XLOC_009239
Upin_00014058	XLOC_009240	XLOC_009240
Upin_00014352	XLOC_009240	XLOC_009240
Upin_00014353	XLOC_009240	XLOC_009240
Upin_00013908	XLOC_009035	XLOC_009035
Upin_00013909	XLOC_009036	XLOC_009036
Upin_00014059	XLOC_009243	XLOC_009243
Upin_00014222	XLOC_009037	XLOC_009037
Upin_00013910	XLOC_009037	XLOC_009037
Upin_00014223	XLOC_009037	XLOC_009037
Upin_00014224	XLOC_009037	XLOC_009037
Upin_00014060	XLOC_009244	XLOC_009244
Upin_00014356	XLOC_009244	XLOC_009244
Upin_00014357	XLOC_009244	XLOC_009244
Upin_00014225	XLOC_009038	XLOC_009038
Upin_00014061	XLOC_009245	XLOC_009245
Upin_00013911	XLOC_009040	XLOC_009040
Upin_00014227	XLOC_009040	XLOC_009040
Upin_00014062	XLOC_009246	XLOC_009246
Upin_00014228	XLOC_009041	XLOC_009041
Upin_00013912	XLOC_009041	XLOC_009041
Upin_00014229	XLOC_009041	XLOC_009041
Upin_00013913	XLOC_009042	XLOC_009042
Upin_00014063	XLOC_009247	XLOC_009247
Upin_00014064	XLOC_009248	XLOC_009248
Upin_00014364	XLOC_009249	XLOC_009249
Upin_00014066	XLOC_009250	XLOC_009250
Upin_00014231	XLOC_009043	XLOC_009043
Upin_00014368	XLOC_009251	XLOC_009251
Upin_00013914	XLOC_009044	XLOC_009044
Upin_00014067	XLOC_009252	XLOC_009252
Upin_00014369	XLOC_009252	XLOC_009252
Upin_00014068	XLOC_009253	XLOC_009253
Upin_00014069	XLOC_009254	XLOC_009254
Upin_00014070	XLOC_009255	XLOC_009255
Upin_00013915	XLOC_009045	XLOC_009045
Upin_00014232	XLOC_009045	XLOC_009045
Upin_00014071	XLOC_009256	XLOC_009256
Upin_00013916	XLOC_009046	XLOC_009046
Upin_00014233	XLOC_009046	XLOC_009046
Upin_00014072	XLOC_009257	XLOC_009257
Upin_00013917	XLOC_009047	XLOC_009047
Upin_00014234	XLOC_009047	XLOC_009047
Upin_00014372	XLOC_009258	XLOC_009258
Upin_00014373	XLOC_009259	XLOC_009259
Upin_00013918	XLOC_009049	XLOC_009049
Upin_00014075	XLOC_009260	XLOC_009260
Upin_00013919	XLOC_009050	XLOC_009050
Upin_00013920	XLOC_009051	XLOC_009051
Upin_00014076	XLOC_009261	XLOC_009261
Upin_00014077	XLOC_009262	XLOC_009262
Upin_00013921	XLOC_009052	XLOC_009052
Upin_00014237	XLOC_009053	XLOC_009053
Upin_00013922	XLOC_009053	XLOC_009053
Upin_00014238	XLOC_009053	XLOC_009053
Upin_00014374	XLOC_009263	XLOC_009263
Upin_00014078	XLOC_009264	XLOC_009264
Upin_00013923	XLOC_009054	XLOC_009054
Upin_00013924	XLOC_009055	XLOC_009055
Upin_00014239	XLOC_009055	XLOC_009055
Upin_00014240	XLOC_009055	XLOC_009055
Upin_00014080	XLOC_009266	XLOC_009266
Upin_00013925	XLOC_009057	XLOC_009057
Upin_00013926	XLOC_009058	XLOC_009058
Upin_00014081	XLOC_009267	XLOC_009267
Upin_00014242	XLOC_009059	XLOC_009059
Upin_00013927	XLOC_009060	XLOC_009060
Upin_00014082	XLOC_009270	XLOC_009270
Upin_00014083	XLOC_009271	XLOC_009271
Upin_00014084	XLOC_009272	XLOC_009272
Upin_00014085	XLOC_009273	XLOC_009273
Upin_00013928	XLOC_009061	XLOC_009061
Upin_00014086	XLOC_009274	XLOC_009274
Upin_00013929	XLOC_009062	XLOC_009062
Upin_00014245	XLOC_009063	XLOC_009063
Upin_00013930	XLOC_009064	XLOC_009064
Upin_00013931	XLOC_009065	XLOC_009065
Upin_00014246	XLOC_009065	XLOC_009065
Upin_00014383	XLOC_009275	XLOC_009275
Upin_00013932	XLOC_009066	XLOC_009066
Upin_00013933	XLOC_009067	XLOC_009067
Upin_00014087	XLOC_009276	XLOC_009276
Upin_00013934	XLOC_009068	XLOC_009068
Upin_00014626	XLOC_009578	XLOC_009578
Upin_00014627	XLOC_009580	XLOC_009580
Upin_00014884	XLOC_009277	XLOC_009277
Upin_00014384	XLOC_009277	XLOC_009277
Upin_00014886	XLOC_009277	XLOC_009277
Upin_00014628	XLOC_009581	XLOC_009581
Upin_00014385	XLOC_009278	XLOC_009278
Upin_00014629	XLOC_009582	XLOC_009582
Upin_00015136	XLOC_009582	XLOC_009582
Upin_00014386	XLOC_009279	XLOC_009279
Upin_00015137	XLOC_009583	XLOC_009583
Upin_00015138	XLOC_009584	XLOC_009584
Upin_00014630	XLOC_009585	XLOC_009585
Upin_00015139	XLOC_009585	XLOC_009585
Upin_00014387	XLOC_009280	XLOC_009280
Upin_00014388	XLOC_009281	XLOC_009281
Upin_00014631	XLOC_009586	XLOC_009586
Upin_00015142	XLOC_009586	XLOC_009586
Upin_00015143	XLOC_009586	XLOC_009586
Upin_00015144	XLOC_009586	XLOC_009586
Upin_00015145	XLOC_009586	XLOC_009586
Upin_00014389	XLOC_009283	XLOC_009283
Upin_00014390	XLOC_009284	XLOC_009284
Upin_00015149	XLOC_009587	XLOC_009587
Upin_00014632	XLOC_009587	XLOC_009587
Upin_00014391	XLOC_009285	XLOC_009285
Upin_00014894	XLOC_009286	XLOC_009286
Upin_00015150	XLOC_009588	XLOC_009588
Upin_00014633	XLOC_009588	XLOC_009588
Upin_00014392	XLOC_009287	XLOC_009287
Upin_00014634	XLOC_009590	XLOC_009590
Upin_00014635	XLOC_009591	XLOC_009591
Upin_00014636	XLOC_009592	XLOC_009592
Upin_00014393	XLOC_009288	XLOC_009288
Upin_00014898	XLOC_009288	XLOC_009288
Upin_00014637	XLOC_009593	XLOC_009593
Upin_00015152	XLOC_009594	XLOC_009594
Upin_00014394	XLOC_009290	XLOC_009290
Upin_00014638	XLOC_009595	XLOC_009595
Upin_00014639	XLOC_009596	XLOC_009596
Upin_00014395	XLOC_009291	XLOC_009291
Upin_00014640	XLOC_009597	XLOC_009597
Upin_00014641	XLOC_009598	XLOC_009598
Upin_00014396	XLOC_009292	XLOC_009292
Upin_00015155	XLOC_009599	XLOC_009599
Upin_00014642	XLOC_009600	XLOC_009600
Upin_00014397	XLOC_009294	XLOC_009294
Upin_00014903	XLOC_009294	XLOC_009294
Upin_00014643	XLOC_009601	XLOC_009601
Upin_00014398	XLOC_009295	XLOC_009295
Upin_00014644	XLOC_009602	XLOC_009602
Upin_00014399	XLOC_009296	XLOC_009296
Upin_00014646	XLOC_009604	XLOC_009604
Upin_00014400	XLOC_009297	XLOC_009297
Upin_00014647	XLOC_009606	XLOC_009606
Upin_00014648	XLOC_009607	XLOC_009607
Upin_00014401	XLOC_009298	XLOC_009298
Upin_00014649	XLOC_009608	XLOC_009608
Upin_00015159	XLOC_009608	XLOC_009608
Upin_00015161	XLOC_009608	XLOC_009608
Upin_00015160	XLOC_009609	XLOC_009609
Upin_00014402	XLOC_009299	XLOC_009299
Upin_00014403	XLOC_009300	XLOC_009300
Upin_00015162	XLOC_009610	XLOC_009610
Upin_00014404	XLOC_009301	XLOC_009301
Upin_00014405	XLOC_009302	XLOC_009302
Upin_00014406	XLOC_009303	XLOC_009303
Upin_00014407	XLOC_009304	XLOC_009304
Upin_00014905	XLOC_009304	XLOC_009304
Upin_00014408	XLOC_009305	XLOC_009305
Upin_00015163	XLOC_009611	XLOC_009611
Upin_00014650	XLOC_009611	XLOC_009611
Upin_00014409	XLOC_009306	XLOC_009306
Upin_00014651	XLOC_009612	XLOC_009612
Upin_00014410	XLOC_009307	XLOC_009307
Upin_00014652	XLOC_009613	XLOC_009613
Upin_00014411	XLOC_009308	XLOC_009308
Upin_00014653	XLOC_009614	XLOC_009614
Upin_00014654	XLOC_009615	XLOC_009615
Upin_00014412	XLOC_009309	XLOC_009309
Upin_00014413	XLOC_009311	XLOC_009311
Upin_00014414	XLOC_009312	XLOC_009312
Upin_00014909	XLOC_009312	XLOC_009312
Upin_00014910	XLOC_009313	XLOC_009313
Upin_00015165	XLOC_009616	XLOC_009616
Upin_00014415	XLOC_009314	XLOC_009314
Upin_00014416	XLOC_009315	XLOC_009315
Upin_00015167	XLOC_009618	XLOC_009618
Upin_00015168	XLOC_009618	XLOC_009618
Upin_00014417	XLOC_009316	XLOC_009316
Upin_00014418	XLOC_009317	XLOC_009317
Upin_00014656	XLOC_009619	XLOC_009619
Upin_00014658	XLOC_009621	XLOC_009621
Upin_00014913	XLOC_009318	XLOC_009318
Upin_00014419	XLOC_009319	XLOC_009319
Upin_00014660	XLOC_009623	XLOC_009623
Upin_00014661	XLOC_009624	XLOC_009624
Upin_00014915	XLOC_009320	XLOC_009320
Upin_00014662	XLOC_009625	XLOC_009625
Upin_00015171	XLOC_009625	XLOC_009625
Upin_00014422	XLOC_009321	XLOC_009321
Upin_00014663	XLOC_009626	XLOC_009626
Upin_00014423	XLOC_009322	XLOC_009322
Upin_00014664	XLOC_009627	XLOC_009627
Upin_00014424	XLOC_009323	XLOC_009323
Upin_00015172	XLOC_009628	XLOC_009628
Upin_00014425	XLOC_009324	XLOC_009324
Upin_00014666	XLOC_009630	XLOC_009630
Upin_00015174	XLOC_009630	XLOC_009630
Upin_00014426	XLOC_009325	XLOC_009325
Upin_00015176	XLOC_009631	XLOC_009631
Upin_00014667	XLOC_009632	XLOC_009632
Upin_00014668	XLOC_009633	XLOC_009633
Upin_00014669	XLOC_009634	XLOC_009634
Upin_00014670	XLOC_009635	XLOC_009635
Upin_00015178	XLOC_009635	XLOC_009635
Upin_00015179	XLOC_009637	XLOC_009637
Upin_00014427	XLOC_009326	XLOC_009326
Upin_00014672	XLOC_009638	XLOC_009638
Upin_00014673	XLOC_009639	XLOC_009639
Upin_00014919	XLOC_009327	XLOC_009327
Upin_00014921	XLOC_009329	XLOC_009329
Upin_00014674	XLOC_009640	XLOC_009640
Upin_00014675	XLOC_009641	XLOC_009641
Upin_00014430	XLOC_009330	XLOC_009330
Upin_00014676	XLOC_009643	XLOC_009643
Upin_00014677	XLOC_009644	XLOC_009644
Upin_00014431	XLOC_009331	XLOC_009331
Upin_00014924	XLOC_009331	XLOC_009331
Upin_00014678	XLOC_009646	XLOC_009646
Upin_00014432	XLOC_009332	XLOC_009332
Upin_00014679	XLOC_009647	XLOC_009647
Upin_00014680	XLOC_009648	XLOC_009648
Upin_00014433	XLOC_009333	XLOC_009333
Upin_00015187	XLOC_009649	XLOC_009649
Upin_00014926	XLOC_009334	XLOC_009334
Upin_00014435	XLOC_009334	XLOC_009334
Upin_00014681	XLOC_009650	XLOC_009650
Upin_00015188	XLOC_009651	XLOC_009651
Upin_00014682	XLOC_009651	XLOC_009651
Upin_00014683	XLOC_009652	XLOC_009652
Upin_00015189	XLOC_009652	XLOC_009652
Upin_00014436	XLOC_009336	XLOC_009336
Upin_00014437	XLOC_009337	XLOC_009337
Upin_00014684	XLOC_009653	XLOC_009653
Upin_00014930	XLOC_009339	XLOC_009339
Upin_00014438	XLOC_009340	XLOC_009340
Upin_00015190	XLOC_009654	XLOC_009654
Upin_00014931	XLOC_009341	XLOC_009341
Upin_00014686	XLOC_009655	XLOC_009655
Upin_00014440	XLOC_009342	XLOC_009342
Upin_00014687	XLOC_009656	XLOC_009656
Upin_00014441	XLOC_009343	XLOC_009343
Upin_00014688	XLOC_009657	XLOC_009657
Upin_00015192	XLOC_009657	XLOC_009657
Upin_00014442	XLOC_009344	XLOC_009344
Upin_00014443	XLOC_009346	XLOC_009346
Upin_00014689	XLOC_009658	XLOC_009658
Upin_00014444	XLOC_009347	XLOC_009347
Upin_00014690	XLOC_009660	XLOC_009660
Upin_00015195	XLOC_009661	XLOC_009661
Upin_00014691	XLOC_009662	XLOC_009662
Upin_00014445	XLOC_009348	XLOC_009348
Upin_00014692	XLOC_009663	XLOC_009663
Upin_00015196	XLOC_009663	XLOC_009663
Upin_00014446	XLOC_009349	XLOC_009349
Upin_00014693	XLOC_009664	XLOC_009664
Upin_00014447	XLOC_009350	XLOC_009350
Upin_00014448	XLOC_009351	XLOC_009351
Upin_00014937	XLOC_009351	XLOC_009351
Upin_00014694	XLOC_009665	XLOC_009665
Upin_00014939	XLOC_009353	XLOC_009353
Upin_00014449	XLOC_009354	XLOC_009354
Upin_00014695	XLOC_009667	XLOC_009667
Upin_00015200	XLOC_009668	XLOC_009668
Upin_00014696	XLOC_009668	XLOC_009668
Upin_00014450	XLOC_009355	XLOC_009355
Upin_00014941	XLOC_009355	XLOC_009355
Upin_00014452	XLOC_009356	XLOC_009356
Upin_00014943	XLOC_009356	XLOC_009356
Upin_00015201	XLOC_009669	XLOC_009669
Upin_00014697	XLOC_009669	XLOC_009669
Upin_00015202	XLOC_009669	XLOC_009669
Upin_00014453	XLOC_009357	XLOC_009357
Upin_00014698	XLOC_009670	XLOC_009670
Upin_00014945	XLOC_009358	XLOC_009358
Upin_00014454	XLOC_009358	XLOC_009358
Upin_00014455	XLOC_009360	XLOC_009360
Upin_00014699	XLOC_009671	XLOC_009671
Upin_00014700	XLOC_009672	XLOC_009672
Upin_00014701	XLOC_009673	XLOC_009673
Upin_00015205	XLOC_009674	XLOC_009674
Upin_00014456	XLOC_009361	XLOC_009361
Upin_00014703	XLOC_009676	XLOC_009676
Upin_00014949	XLOC_009362	XLOC_009362
Upin_00014704	XLOC_009677	XLOC_009677
Upin_00014458	XLOC_009363	XLOC_009363
Upin_00015207	XLOC_009678	XLOC_009678
Upin_00014950	XLOC_009364	XLOC_009364
Upin_00014706	XLOC_009679	XLOC_009679
Upin_00014460	XLOC_009365	XLOC_009365
Upin_00014951	XLOC_009366	XLOC_009366
Upin_00014707	XLOC_009680	XLOC_009680
Upin_00014461	XLOC_009367	XLOC_009367
Upin_00014462	XLOC_009368	XLOC_009368
Upin_00014708	XLOC_009681	XLOC_009681
Upin_00014463	XLOC_009369	XLOC_009369
Upin_00014464	XLOC_009370	XLOC_009370
Upin_00014709	XLOC_009682	XLOC_009682
Upin_00015210	XLOC_009682	XLOC_009682
Upin_00014465	XLOC_009371	XLOC_009371
Upin_00014466	XLOC_009372	XLOC_009372
Upin_00015212	XLOC_009683	XLOC_009683
Upin_00015213	XLOC_009684	XLOC_009684
Upin_00014467	XLOC_009375	XLOC_009375
Upin_00014711	XLOC_009685	XLOC_009685
Upin_00014712	XLOC_009686	XLOC_009686
Upin_00014468	XLOC_009376	XLOC_009376
Upin_00014713	XLOC_009687	XLOC_009687
Upin_00014714	XLOC_009688	XLOC_009688
Upin_00014715	XLOC_009689	XLOC_009689
Upin_00015215	XLOC_009690	XLOC_009690
Upin_00015216	XLOC_009691	XLOC_009691
Upin_00014469	XLOC_009377	XLOC_009377
Upin_00014716	XLOC_009692	XLOC_009692
Upin_00014961	XLOC_009378	XLOC_009378
Upin_00014717	XLOC_009693	XLOC_009693
Upin_00014472	XLOC_009379	XLOC_009379
Upin_00014962	XLOC_009380	XLOC_009380
Upin_00014474	XLOC_009381	XLOC_009381
Upin_00014718	XLOC_009695	XLOC_009695
Upin_00014964	XLOC_009382	XLOC_009382
Upin_00014475	XLOC_009383	XLOC_009383
Upin_00014719	XLOC_009696	XLOC_009696
Upin_00015221	XLOC_009696	XLOC_009696
Upin_00014476	XLOC_009384	XLOC_009384
Upin_00014966	XLOC_009384	XLOC_009384
Upin_00014477	XLOC_009385	XLOC_009385
Upin_00014720	XLOC_009698	XLOC_009698
Upin_00015223	XLOC_009698	XLOC_009698
Upin_00014721	XLOC_009699	XLOC_009699
Upin_00014967	XLOC_009386	XLOC_009386
Upin_00014722	XLOC_009700	XLOC_009700
Upin_00014478	XLOC_009387	XLOC_009387
Upin_00014968	XLOC_009387	XLOC_009387
Upin_00014723	XLOC_009701	XLOC_009701
Upin_00014724	XLOC_009702	XLOC_009702
Upin_00014969	XLOC_009388	XLOC_009388
Upin_00014479	XLOC_009388	XLOC_009388
Upin_00014725	XLOC_009703	XLOC_009703
Upin_00015229	XLOC_009703	XLOC_009703
Upin_00014970	XLOC_009389	XLOC_009389
Upin_00014971	XLOC_009390	XLOC_009390
Upin_00014481	XLOC_009391	XLOC_009391
Upin_00014972	XLOC_009391	XLOC_009391
Upin_00014726	XLOC_009705	XLOC_009705
Upin_00014974	XLOC_009393	XLOC_009393
Upin_00015232	XLOC_009706	XLOC_009706
Upin_00014728	XLOC_009707	XLOC_009707
Upin_00015233	XLOC_009707	XLOC_009707
Upin_00015234	XLOC_009707	XLOC_009707
Upin_00014975	XLOC_009394	XLOC_009394
Upin_00014976	XLOC_009395	XLOC_009395
Upin_00014729	XLOC_009708	XLOC_009708
Upin_00014977	XLOC_009396	XLOC_009396
Upin_00014482	XLOC_009396	XLOC_009396
Upin_00014730	XLOC_009709	XLOC_009709
Upin_00015238	XLOC_009709	XLOC_009709
Upin_00014978	XLOC_009397	XLOC_009397
Upin_00014979	XLOC_009398	XLOC_009398
Upin_00014486	XLOC_009399	XLOC_009399
Upin_00014980	XLOC_009399	XLOC_009399
Upin_00014487	XLOC_009401	XLOC_009401
Upin_00014983	XLOC_009402	XLOC_009402
Upin_00014731	XLOC_009710	XLOC_009710
Upin_00014488	XLOC_009403	XLOC_009403
Upin_00014489	XLOC_009404	XLOC_009404
Upin_00014732	XLOC_009712	XLOC_009712
Upin_00014733	XLOC_009713	XLOC_009713
Upin_00014490	XLOC_009405	XLOC_009405
Upin_00014985	XLOC_009405	XLOC_009405
Upin_00014734	XLOC_009714	XLOC_009714
Upin_00014735	XLOC_009715	XLOC_009715
Upin_00014491	XLOC_009407	XLOC_009407
Upin_00014987	XLOC_009407	XLOC_009407
Upin_00015244	XLOC_009716	XLOC_009716
Upin_00014736	XLOC_009717	XLOC_009717
Upin_00015245	XLOC_009717	XLOC_009717
Upin_00014492	XLOC_009408	XLOC_009408
Upin_00014737	XLOC_009718	XLOC_009718
Upin_00014493	XLOC_009409	XLOC_009409
Upin_00014989	XLOC_009409	XLOC_009409
Upin_00014738	XLOC_009719	XLOC_009719
Upin_00014991	XLOC_009410	XLOC_009410
Upin_00014992	XLOC_009411	XLOC_009411
Upin_00014494	XLOC_009411	XLOC_009411
Upin_00014739	XLOC_009720	XLOC_009720
Upin_00014740	XLOC_009721	XLOC_009721
Upin_00014741	XLOC_009722	XLOC_009722
Upin_00015246	XLOC_009723	XLOC_009723
Upin_00014994	XLOC_009412	XLOC_009412
Upin_00014743	XLOC_009724	XLOC_009724
Upin_00014744	XLOC_009725	XLOC_009725
Upin_00014995	XLOC_009414	XLOC_009414
Upin_00014498	XLOC_009415	XLOC_009415
Upin_00015248	XLOC_009726	XLOC_009726
Upin_00014499	XLOC_009416	XLOC_009416
Upin_00015249	XLOC_009727	XLOC_009727
Upin_00014745	XLOC_009727	XLOC_009727
Upin_00014746	XLOC_009728	XLOC_009728
Upin_00014747	XLOC_009729	XLOC_009729
Upin_00014500	XLOC_009418	XLOC_009418
Upin_00014748	XLOC_009730	XLOC_009730
Upin_00014749	XLOC_009731	XLOC_009731
Upin_00014501	XLOC_009419	XLOC_009419
Upin_00014750	XLOC_009732	XLOC_009732
Upin_00015002	XLOC_009420	XLOC_009420
Upin_00015003	XLOC_009421	XLOC_009421
Upin_00015253	XLOC_009733	XLOC_009733
Upin_00015254	XLOC_009734	XLOC_009734
Upin_00014751	XLOC_009735	XLOC_009735
Upin_00014752	XLOC_009736	XLOC_009736
Upin_00015257	XLOC_009737	XLOC_009737
Upin_00014502	XLOC_009422	XLOC_009422
Upin_00015258	XLOC_009738	XLOC_009738
Upin_00015259	XLOC_009739	XLOC_009739
Upin_00014503	XLOC_009423	XLOC_009423
Upin_00014504	XLOC_009424	XLOC_009424
Upin_00014754	XLOC_009740	XLOC_009740
Upin_00014505	XLOC_009425	XLOC_009425
Upin_00014506	XLOC_009426	XLOC_009426
Upin_00015262	XLOC_009742	XLOC_009742
Upin_00014755	XLOC_009742	XLOC_009742
Upin_00014507	XLOC_009427	XLOC_009427
Upin_00015005	XLOC_009427	XLOC_009427
Upin_00014756	XLOC_009743	XLOC_009743
Upin_00014508	XLOC_009428	XLOC_009428
Upin_00014757	XLOC_009744	XLOC_009744
Upin_00014509	XLOC_009430	XLOC_009430
Upin_00014758	XLOC_009745	XLOC_009745
Upin_00014759	XLOC_009746	XLOC_009746
Upin_00015265	XLOC_009746	XLOC_009746
Upin_00014760	XLOC_009747	XLOC_009747
Upin_00015268	XLOC_009749	XLOC_009749
Upin_00014510	XLOC_009431	XLOC_009431
Upin_00015011	XLOC_009432	XLOC_009432
Upin_00014511	XLOC_009432	XLOC_009432
Upin_00015269	XLOC_009750	XLOC_009750
Upin_00014512	XLOC_009433	XLOC_009433
Upin_00015012	XLOC_009434	XLOC_009434
Upin_00014763	XLOC_009751	XLOC_009751
Upin_00015013	XLOC_009435	XLOC_009435
Upin_00015270	XLOC_009752	XLOC_009752
Upin_00014764	XLOC_009753	XLOC_009753
Upin_00014765	XLOC_009754	XLOC_009754
Upin_00014513	XLOC_009436	XLOC_009436
Upin_00014766	XLOC_009755	XLOC_009755
Upin_00014514	XLOC_009437	XLOC_009437
Upin_00015271	XLOC_009756	XLOC_009756
Upin_00014767	XLOC_009757	XLOC_009757
Upin_00014515	XLOC_009438	XLOC_009438
Upin_00015016	XLOC_009439	XLOC_009439
Upin_00014516	XLOC_009439	XLOC_009439
Upin_00015017	XLOC_009440	XLOC_009440
Upin_00014768	XLOC_009758	XLOC_009758
Upin_00014519	XLOC_009441	XLOC_009441
Upin_00014520	XLOC_009442	XLOC_009442
Upin_00014769	XLOC_009759	XLOC_009759
Upin_00015019	XLOC_009443	XLOC_009443
Upin_00014770	XLOC_009760	XLOC_009760
Upin_00014521	XLOC_009444	XLOC_009444
Upin_00014522	XLOC_009445	XLOC_009445
Upin_00014771	XLOC_009761	XLOC_009761
Upin_00015274	XLOC_009762	XLOC_009762
Upin_00015275	XLOC_009763	XLOC_009763
Upin_00014773	XLOC_009764	XLOC_009764
Upin_00015276	XLOC_009764	XLOC_009764
Upin_00014523	XLOC_009446	XLOC_009446
Upin_00015024	XLOC_009446	XLOC_009446
Upin_00014774	XLOC_009765	XLOC_009765
Upin_00014775	XLOC_009766	XLOC_009766
Upin_00014524	XLOC_009447	XLOC_009447
Upin_00014776	XLOC_009767	XLOC_009767
Upin_00015278	XLOC_009768	XLOC_009768
Upin_00014525	XLOC_009448	XLOC_009448
Upin_00014777	XLOC_009769	XLOC_009769
Upin_00014526	XLOC_009449	XLOC_009449
Upin_00014527	XLOC_009450	XLOC_009450
Upin_00014528	XLOC_009452	XLOC_009452
Upin_00015280	XLOC_009770	XLOC_009770
Upin_00015029	XLOC_009453	XLOC_009453
Upin_00014779	XLOC_009771	XLOC_009771
Upin_00015281	XLOC_009771	XLOC_009771
Upin_00014531	XLOC_009454	XLOC_009454
Upin_00015282	XLOC_009772	XLOC_009772
Upin_00014532	XLOC_009455	XLOC_009455
Upin_00014533	XLOC_009456	XLOC_009456
Upin_00014780	XLOC_009773	XLOC_009773
Upin_00014534	XLOC_009457	XLOC_009457
Upin_00015030	XLOC_009457	XLOC_009457
Upin_00014781	XLOC_009774	XLOC_009774
Upin_00015284	XLOC_009774	XLOC_009774
Upin_00014535	XLOC_009458	XLOC_009458
Upin_00014782	XLOC_009775	XLOC_009775
Upin_00014536	XLOC_009459	XLOC_009459
Upin_00015287	XLOC_009776	XLOC_009776
Upin_00014783	XLOC_009777	XLOC_009777
Upin_00015035	XLOC_009460	XLOC_009460
Upin_00014784	XLOC_009778	XLOC_009778
Upin_00014785	XLOC_009779	XLOC_009779
Upin_00015036	XLOC_009461	XLOC_009461
Upin_00015037	XLOC_009462	XLOC_009462
Upin_00014537	XLOC_009463	XLOC_009463
Upin_00014786	XLOC_009780	XLOC_009780
Upin_00014787	XLOC_009781	XLOC_009781
Upin_00014789	XLOC_009783	XLOC_009783
Upin_00014538	XLOC_009464	XLOC_009464
Upin_00015040	XLOC_009465	XLOC_009465
Upin_00014539	XLOC_009465	XLOC_009465
Upin_00014790	XLOC_009785	XLOC_009785
Upin_00014540	XLOC_009466	XLOC_009466
Upin_00014791	XLOC_009786	XLOC_009786
Upin_00014792	XLOC_009787	XLOC_009787
Upin_00014793	XLOC_009788	XLOC_009788
Upin_00014794	XLOC_009789	XLOC_009789
Upin_00014541	XLOC_009468	XLOC_009468
Upin_00014795	XLOC_009790	XLOC_009790
Upin_00014796	XLOC_009791	XLOC_009791
Upin_00015289	XLOC_009791	XLOC_009791
Upin_00014542	XLOC_009469	XLOC_009469
Upin_00015290	XLOC_009792	XLOC_009792
Upin_00014798	XLOC_009793	XLOC_009793
Upin_00015292	XLOC_009793	XLOC_009793
Upin_00014543	XLOC_009470	XLOC_009470
Upin_00015046	XLOC_009471	XLOC_009471
Upin_00014544	XLOC_009471	XLOC_009471
Upin_00014799	XLOC_009795	XLOC_009795
Upin_00015295	XLOC_009796	XLOC_009796
Upin_00014800	XLOC_009796	XLOC_009796
Upin_00014545	XLOC_009472	XLOC_009472
Upin_00015048	XLOC_009472	XLOC_009472
Upin_00014546	XLOC_009473	XLOC_009473
Upin_00014801	XLOC_009797	XLOC_009797
Upin_00015296	XLOC_009797	XLOC_009797
Upin_00014547	XLOC_009474	XLOC_009474
Upin_00015297	XLOC_009798	XLOC_009798
Upin_00015051	XLOC_009476	XLOC_009476
Upin_00014805	XLOC_009799	XLOC_009799
Upin_00014806	XLOC_009800	XLOC_009800
Upin_00015052	XLOC_009477	XLOC_009477
Upin_00014807	XLOC_009801	XLOC_009801
Upin_00014808	XLOC_009802	XLOC_009802
Upin_00015053	XLOC_009478	XLOC_009478
Upin_00015054	XLOC_009479	XLOC_009479
Upin_00014548	XLOC_009480	XLOC_009480
Upin_00014809	XLOC_009803	XLOC_009803
Upin_00014549	XLOC_009481	XLOC_009481
Upin_00014810	XLOC_009804	XLOC_009804
Upin_00014550	XLOC_009482	XLOC_009482
Upin_00014811	XLOC_009805	XLOC_009805
Upin_00014551	XLOC_009484	XLOC_009484
Upin_00014812	XLOC_009806	XLOC_009806
Upin_00015058	XLOC_009485	XLOC_009485
Upin_00014553	XLOC_009486	XLOC_009486
Upin_00014813	XLOC_009807	XLOC_009807
Upin_00014554	XLOC_009487	XLOC_009487
Upin_00014814	XLOC_009808	XLOC_009808
Upin_00014555	XLOC_009488	XLOC_009488
Upin_00015061	XLOC_009488	XLOC_009488
Upin_00014815	XLOC_009809	XLOC_009809
Upin_00014556	XLOC_009489	XLOC_009489
Upin_00015062	XLOC_009489	XLOC_009489
Upin_00014816	XLOC_009810	XLOC_009810
Upin_00015302	XLOC_009811	XLOC_009811
Upin_00014817	XLOC_009811	XLOC_009811
Upin_00014557	XLOC_009491	XLOC_009491
Upin_00015064	XLOC_009492	XLOC_009492
Upin_00014558	XLOC_009492	XLOC_009492
Upin_00014818	XLOC_009813	XLOC_009813
Upin_00015305	XLOC_009813	XLOC_009813
Upin_00014559	XLOC_009493	XLOC_009493
Upin_00014560	XLOC_009494	XLOC_009494
Upin_00014561	XLOC_009495	XLOC_009495
Upin_00014562	XLOC_009496	XLOC_009496
Upin_00014819	XLOC_009815	XLOC_009815
Upin_00014563	XLOC_009497	XLOC_009497
Upin_00014564	XLOC_009498	XLOC_009498
Upin_00015065	XLOC_009498	XLOC_009498
Upin_00014565	XLOC_009499	XLOC_009499
Upin_00015313	XLOC_009818	XLOC_009818
Upin_00014566	XLOC_009500	XLOC_009500
Upin_00014820	XLOC_009819	XLOC_009819
Upin_00014567	XLOC_009501	XLOC_009501
Upin_00014568	XLOC_009502	XLOC_009502
Upin_00014821	XLOC_009820	XLOC_009820
Upin_00015067	XLOC_009503	XLOC_009503
Upin_00014570	XLOC_009504	XLOC_009504
Upin_00015315	XLOC_009821	XLOC_009821
Upin_00014822	XLOC_009821	XLOC_009821
Upin_00014823	XLOC_009822	XLOC_009822
Upin_00015316	XLOC_009823	XLOC_009823
Upin_00014571	XLOC_009505	XLOC_009505
Upin_00015069	XLOC_009505	XLOC_009505
Upin_00015317	XLOC_009824	XLOC_009824
Upin_00014572	XLOC_009506	XLOC_009506
Upin_00015070	XLOC_009506	XLOC_009506
Upin_00014824	XLOC_009825	XLOC_009825
Upin_00015319	XLOC_009825	XLOC_009825
Upin_00015071	XLOC_009507	XLOC_009507
Upin_00014573	XLOC_009508	XLOC_009508
Upin_00014825	XLOC_009826	XLOC_009826
Upin_00014826	XLOC_009828	XLOC_009828
Upin_00015072	XLOC_009509	XLOC_009509
Upin_00014827	XLOC_009829	XLOC_009829
Upin_00014575	XLOC_009510	XLOC_009510
Upin_00014828	XLOC_009830	XLOC_009830
Upin_00014829	XLOC_009831	XLOC_009831
Upin_00014576	XLOC_009511	XLOC_009511
Upin_00015075	XLOC_009511	XLOC_009511
Upin_00015076	XLOC_009511	XLOC_009511
Upin_00015077	XLOC_009511	XLOC_009511
Upin_00015323	XLOC_009832	XLOC_009832
Upin_00014830	XLOC_009832	XLOC_009832
Upin_00015324	XLOC_009833	XLOC_009833
Upin_00014831	XLOC_009834	XLOC_009834
Upin_00014832	XLOC_009835	XLOC_009835
Upin_00014577	XLOC_009512	XLOC_009512
Upin_00014833	XLOC_009836	XLOC_009836
Upin_00014578	XLOC_009513	XLOC_009513
Upin_00014834	XLOC_009837	XLOC_009837
Upin_00014579	XLOC_009514	XLOC_009514
Upin_00014835	XLOC_009838	XLOC_009838
Upin_00015326	XLOC_009838	XLOC_009838
Upin_00014580	XLOC_009515	XLOC_009515
Upin_00015080	XLOC_009515	XLOC_009515
Upin_00015079	XLOC_009516	XLOC_009516
Upin_00015328	XLOC_009840	XLOC_009840
Upin_00014581	XLOC_009517	XLOC_009517
Upin_00014836	XLOC_009841	XLOC_009841
Upin_00015082	XLOC_009518	XLOC_009518
Upin_00015083	XLOC_009519	XLOC_009519
Upin_00014837	XLOC_009842	XLOC_009842
Upin_00015084	XLOC_009520	XLOC_009520
Upin_00015332	XLOC_009843	XLOC_009843
Upin_00014838	XLOC_009843	XLOC_009843
Upin_00014582	XLOC_009521	XLOC_009521
Upin_00015085	XLOC_009522	XLOC_009522
Upin_00015334	XLOC_009844	XLOC_009844
Upin_00014839	XLOC_009844	XLOC_009844
Upin_00014583	XLOC_009525	XLOC_009525
Upin_00015336	XLOC_009846	XLOC_009846
Upin_00014840	XLOC_009848	XLOC_009848
Upin_00015088	XLOC_009526	XLOC_009526
Upin_00014584	XLOC_009527	XLOC_009527
Upin_00014841	XLOC_009849	XLOC_009849
Upin_00014842	XLOC_009850	XLOC_009850
Upin_00014585	XLOC_009528	XLOC_009528
Upin_00014843	XLOC_009851	XLOC_009851
Upin_00015340	XLOC_009851	XLOC_009851
Upin_00014844	XLOC_009852	XLOC_009852
Upin_00014845	XLOC_009853	XLOC_009853
Upin_00014846	XLOC_009854	XLOC_009854
Upin_00014586	XLOC_009529	XLOC_009529
Upin_00014847	XLOC_009855	XLOC_009855
Upin_00014587	XLOC_009530	XLOC_009530
Upin_00014848	XLOC_009856	XLOC_009856
Upin_00015342	XLOC_009856	XLOC_009856
Upin_00014588	XLOC_009532	XLOC_009532
Upin_00014849	XLOC_009858	XLOC_009858
Upin_00015344	XLOC_009858	XLOC_009858
Upin_00014589	XLOC_009533	XLOC_009533
Upin_00015093	XLOC_009533	XLOC_009533
Upin_00014590	XLOC_009534	XLOC_009534
Upin_00015345	XLOC_009859	XLOC_009859
Upin_00014591	XLOC_009536	XLOC_009536
Upin_00015346	XLOC_009860	XLOC_009860
Upin_00014851	XLOC_009861	XLOC_009861
Upin_00015347	XLOC_009861	XLOC_009861
Upin_00015099	XLOC_009537	XLOC_009537
Upin_00014592	XLOC_009537	XLOC_009537
Upin_00015100	XLOC_009538	XLOC_009538
Upin_00015349	XLOC_009862	XLOC_009862
Upin_00014853	XLOC_009864	XLOC_009864
Upin_00014593	XLOC_009539	XLOC_009539
Upin_00014594	XLOC_009540	XLOC_009540
Upin_00014595	XLOC_009541	XLOC_009541
Upin_00014854	XLOC_009865	XLOC_009865
Upin_00015350	XLOC_009865	XLOC_009865
Upin_00014596	XLOC_009543	XLOC_009543
Upin_00014855	XLOC_009866	XLOC_009866
Upin_00015351	XLOC_009866	XLOC_009866
Upin_00014597	XLOC_009544	XLOC_009544
Upin_00014856	XLOC_009867	XLOC_009867
Upin_00015352	XLOC_009867	XLOC_009867
Upin_00014598	XLOC_009545	XLOC_009545
Upin_00014599	XLOC_009546	XLOC_009546
Upin_00014857	XLOC_009868	XLOC_009868
Upin_00015353	XLOC_009868	XLOC_009868
Upin_00014600	XLOC_009547	XLOC_009547
Upin_00014858	XLOC_009869	XLOC_009869
Upin_00015355	XLOC_009870	XLOC_009870
Upin_00014859	XLOC_009870	XLOC_009870
Upin_00014860	XLOC_009871	XLOC_009871
Upin_00015105	XLOC_009548	XLOC_009548
Upin_00014601	XLOC_009548	XLOC_009548
Upin_00015107	XLOC_009548	XLOC_009548
Upin_00015356	XLOC_009872	XLOC_009872
Upin_00014861	XLOC_009872	XLOC_009872
Upin_00015108	XLOC_009549	XLOC_009549
Upin_00014862	XLOC_009873	XLOC_009873
Upin_00014863	XLOC_009874	XLOC_009874
Upin_00014864	XLOC_009875	XLOC_009875
Upin_00014865	XLOC_009876	XLOC_009876
Upin_00014603	XLOC_009550	XLOC_009550
Upin_00015109	XLOC_009550	XLOC_009550
Upin_00014866	XLOC_009877	XLOC_009877
Upin_00014604	XLOC_009551	XLOC_009551
Upin_00014605	XLOC_009552	XLOC_009552
Upin_00014867	XLOC_009879	XLOC_009879
Upin_00014606	XLOC_009553	XLOC_009553
Upin_00015110	XLOC_009553	XLOC_009553
Upin_00015111	XLOC_009553	XLOC_009553
Upin_00014607	XLOC_009555	XLOC_009555
Upin_00014608	XLOC_009556	XLOC_009556
Upin_00014868	XLOC_009882	XLOC_009882
Upin_00015364	XLOC_009882	XLOC_009882
Upin_00014609	XLOC_009557	XLOC_009557
Upin_00014610	XLOC_009558	XLOC_009558
Upin_00014611	XLOC_009559	XLOC_009559
Upin_00014612	XLOC_009560	XLOC_009560
Upin_00015117	XLOC_009560	XLOC_009560
Upin_00015118	XLOC_009560	XLOC_009560
Upin_00015119	XLOC_009561	XLOC_009561
Upin_00014869	XLOC_009883	XLOC_009883
Upin_00014614	XLOC_009563	XLOC_009563
Upin_00014870	XLOC_009884	XLOC_009884
Upin_00014615	XLOC_009564	XLOC_009564
Upin_00014871	XLOC_009885	XLOC_009885
Upin_00014872	XLOC_009886	XLOC_009886
Upin_00015369	XLOC_009887	XLOC_009887
Upin_00014616	XLOC_009565	XLOC_009565
Upin_00014873	XLOC_009888	XLOC_009888
Upin_00014874	XLOC_009889	XLOC_009889
Upin_00015370	XLOC_009889	XLOC_009889
Upin_00014617	XLOC_009566	XLOC_009566
Upin_00015372	XLOC_009891	XLOC_009891
Upin_00014875	XLOC_009891	XLOC_009891
Upin_00015373	XLOC_009891	XLOC_009891
Upin_00015123	XLOC_009567	XLOC_009567
Upin_00014618	XLOC_009568	XLOC_009568
Upin_00015125	XLOC_009568	XLOC_009568
Upin_00014619	XLOC_009569	XLOC_009569
Upin_00015126	XLOC_009569	XLOC_009569
Upin_00014876	XLOC_009892	XLOC_009892
Upin_00015374	XLOC_009892	XLOC_009892
Upin_00015375	XLOC_009892	XLOC_009892
Upin_00014620	XLOC_009570	XLOC_009570
Upin_00015127	XLOC_009570	XLOC_009570
Upin_00014877	XLOC_009893	XLOC_009893
Upin_00014621	XLOC_009571	XLOC_009571
Upin_00015129	XLOC_009571	XLOC_009571
Upin_00014878	XLOC_009894	XLOC_009894
Upin_00014879	XLOC_009895	XLOC_009895
Upin_00015377	XLOC_009895	XLOC_009895
Upin_00015378	XLOC_009895	XLOC_009895
Upin_00015130	XLOC_009572	XLOC_009572
Upin_00015131	XLOC_009573	XLOC_009573
Upin_00014622	XLOC_009574	XLOC_009574
Upin_00014880	XLOC_009896	XLOC_009896
Upin_00014881	XLOC_009897	XLOC_009897
Upin_00014623	XLOC_009575	XLOC_009575
Upin_00014882	XLOC_009898	XLOC_009898
Upin_00014624	XLOC_009576	XLOC_009576
Upin_00014883	XLOC_009899	XLOC_009899
Upin_00015380	XLOC_009900	XLOC_009900
Upin_00014625	XLOC_009577	XLOC_009577
Upin_00015133	XLOC_009577	XLOC_009577
Upin_00015507	XLOC_010163	XLOC_010163
Upin_00015381	XLOC_009901	XLOC_009901
Upin_00015683	XLOC_009901	XLOC_009901
Upin_00015866	XLOC_010164	XLOC_010164
Upin_00015867	XLOC_010164	XLOC_010164
Upin_00015508	XLOC_010165	XLOC_010165
Upin_00015382	XLOC_009903	XLOC_009903
Upin_00015509	XLOC_010166	XLOC_010166
Upin_00015383	XLOC_009904	XLOC_009904
Upin_00015384	XLOC_009905	XLOC_009905
Upin_00015868	XLOC_010167	XLOC_010167
Upin_00015510	XLOC_010168	XLOC_010168
Upin_00015511	XLOC_010169	XLOC_010169
Upin_00015870	XLOC_010169	XLOC_010169
Upin_00015686	XLOC_009906	XLOC_009906
Upin_00015871	XLOC_010170	XLOC_010170
Upin_00015512	XLOC_010171	XLOC_010171
Upin_00015687	XLOC_009907	XLOC_009907
Upin_00015513	XLOC_010172	XLOC_010172
Upin_00015874	XLOC_010172	XLOC_010172
Upin_00015385	XLOC_009908	XLOC_009908
Upin_00015689	XLOC_009909	XLOC_009909
Upin_00015690	XLOC_009909	XLOC_009909
Upin_00015386	XLOC_009910	XLOC_009910
Upin_00015387	XLOC_009911	XLOC_009911
Upin_00015691	XLOC_009912	XLOC_009912
Upin_00015692	XLOC_009913	XLOC_009913
Upin_00015877	XLOC_010175	XLOC_010175
Upin_00015878	XLOC_010176	XLOC_010176
Upin_00015694	XLOC_009915	XLOC_009915
Upin_00015880	XLOC_010178	XLOC_010178
Upin_00015881	XLOC_010179	XLOC_010179
Upin_00015388	XLOC_009916	XLOC_009916
Upin_00015514	XLOC_010180	XLOC_010180
Upin_00015882	XLOC_010181	XLOC_010181
Upin_00015883	XLOC_010182	XLOC_010182
Upin_00015389	XLOC_009917	XLOC_009917
Upin_00015695	XLOC_009918	XLOC_009918
Upin_00015696	XLOC_009919	XLOC_009919
Upin_00015884	XLOC_010183	XLOC_010183
Upin_00015697	XLOC_009920	XLOC_009920
Upin_00015885	XLOC_010184	XLOC_010184
Upin_00015515	XLOC_010185	XLOC_010185
Upin_00015886	XLOC_010186	XLOC_010186
Upin_00015390	XLOC_009921	XLOC_009921
Upin_00015391	XLOC_009922	XLOC_009922
Upin_00015699	XLOC_009923	XLOC_009923
Upin_00015700	XLOC_009923	XLOC_009923
Upin_00015393	XLOC_009924	XLOC_009924
Upin_00015516	XLOC_010187	XLOC_010187
Upin_00015701	XLOC_009925	XLOC_009925
Upin_00015394	XLOC_009926	XLOC_009926
Upin_00015887	XLOC_010188	XLOC_010188
Upin_00015517	XLOC_010189	XLOC_010189
Upin_00015518	XLOC_010190	XLOC_010190
Upin_00015519	XLOC_010192	XLOC_010192
Upin_00015520	XLOC_010193	XLOC_010193
Upin_00015395	XLOC_009927	XLOC_009927
Upin_00015396	XLOC_009928	XLOC_009928
Upin_00015702	XLOC_009929	XLOC_009929
Upin_00015889	XLOC_010195	XLOC_010195
Upin_00015890	XLOC_010196	XLOC_010196
Upin_00015397	XLOC_009930	XLOC_009930
Upin_00015703	XLOC_009931	XLOC_009931
Upin_00015891	XLOC_010197	XLOC_010197
Upin_00015398	XLOC_009933	XLOC_009933
Upin_00015522	XLOC_010198	XLOC_010198
Upin_00015523	XLOC_010199	XLOC_010199
Upin_00015892	XLOC_010200	XLOC_010200
Upin_00015893	XLOC_010201	XLOC_010201
Upin_00015399	XLOC_009934	XLOC_009934
Upin_00015524	XLOC_010202	XLOC_010202
Upin_00015400	XLOC_009935	XLOC_009935
Upin_00015894	XLOC_010203	XLOC_010203
Upin_00015525	XLOC_010204	XLOC_010204
Upin_00015401	XLOC_009936	XLOC_009936
Upin_00015705	XLOC_009937	XLOC_009937
Upin_00015897	XLOC_010205	XLOC_010205
Upin_00015898	XLOC_010206	XLOC_010206
Upin_00015899	XLOC_010207	XLOC_010207
Upin_00015526	XLOC_010207	XLOC_010207
Upin_00015402	XLOC_009938	XLOC_009938
Upin_00015706	XLOC_009938	XLOC_009938
Upin_00015707	XLOC_009938	XLOC_009938
Upin_00015708	XLOC_009938	XLOC_009938
Upin_00015403	XLOC_009939	XLOC_009939
Upin_00015527	XLOC_010208	XLOC_010208
Upin_00015901	XLOC_010209	XLOC_010209
Upin_00015528	XLOC_010210	XLOC_010210
Upin_00015903	XLOC_010211	XLOC_010211
Upin_00015905	XLOC_010212	XLOC_010212
Upin_00015404	XLOC_009940	XLOC_009940
Upin_00015529	XLOC_010213	XLOC_010213
Upin_00015530	XLOC_010214	XLOC_010214
Upin_00015531	XLOC_010215	XLOC_010215
Upin_00015906	XLOC_010216	XLOC_010216
Upin_00015532	XLOC_010217	XLOC_010217
Upin_00015907	XLOC_010218	XLOC_010218
Upin_00015405	XLOC_009942	XLOC_009942
Upin_00015533	XLOC_010219	XLOC_010219
Upin_00015406	XLOC_009943	XLOC_009943
Upin_00015534	XLOC_010220	XLOC_010220
Upin_00015535	XLOC_010221	XLOC_010221
Upin_00015536	XLOC_010222	XLOC_010222
Upin_00015537	XLOC_010223	XLOC_010223
Upin_00015539	XLOC_010224	XLOC_010224
Upin_00015909	XLOC_010224	XLOC_010224
Upin_00015711	XLOC_009944	XLOC_009944
Upin_00015712	XLOC_009945	XLOC_009945
Upin_00015713	XLOC_009946	XLOC_009946
Upin_00015540	XLOC_010225	XLOC_010225
Upin_00015910	XLOC_010226	XLOC_010226
Upin_00015911	XLOC_010227	XLOC_010227
Upin_00015407	XLOC_009947	XLOC_009947
Upin_00015715	XLOC_009948	XLOC_009948
Upin_00015912	XLOC_010228	XLOC_010228
Upin_00015541	XLOC_010229	XLOC_010229
Upin_00015542	XLOC_010230	XLOC_010230
Upin_00015913	XLOC_010231	XLOC_010231
Upin_00015716	XLOC_009949	XLOC_009949
Upin_00015408	XLOC_009950	XLOC_009950
Upin_00015409	XLOC_009951	XLOC_009951
Upin_00015717	XLOC_009951	XLOC_009951
Upin_00015718	XLOC_009951	XLOC_009951
Upin_00015719	XLOC_009951	XLOC_009951
Upin_00015543	XLOC_010232	XLOC_010232
Upin_00015720	XLOC_009952	XLOC_009952
Upin_00015544	XLOC_010233	XLOC_010233
Upin_00015916	XLOC_010233	XLOC_010233
Upin_00015915	XLOC_010234	XLOC_010234
Upin_00015410	XLOC_009953	XLOC_009953
Upin_00015412	XLOC_009954	XLOC_009954
Upin_00015917	XLOC_010235	XLOC_010235
Upin_00015545	XLOC_010235	XLOC_010235
Upin_00015546	XLOC_010236	XLOC_010236
Upin_00015413	XLOC_009955	XLOC_009955
Upin_00015547	XLOC_010237	XLOC_010237
Upin_00015920	XLOC_010238	XLOC_010238
Upin_00015414	XLOC_009956	XLOC_009956
Upin_00015921	XLOC_010239	XLOC_010239
Upin_00015922	XLOC_010240	XLOC_010240
Upin_00015723	XLOC_009957	XLOC_009957
Upin_00015549	XLOC_010242	XLOC_010242
Upin_00015923	XLOC_010242	XLOC_010242
Upin_00015416	XLOC_009958	XLOC_009958
Upin_00015417	XLOC_009959	XLOC_009959
Upin_00015550	XLOC_010243	XLOC_010243
Upin_00015418	XLOC_009960	XLOC_009960
Upin_00015724	XLOC_009961	XLOC_009961
Upin_00015551	XLOC_010244	XLOC_010244
Upin_00015924	XLOC_010245	XLOC_010245
Upin_00015552	XLOC_010246	XLOC_010246
Upin_00015419	XLOC_009962	XLOC_009962
Upin_00015725	XLOC_009962	XLOC_009962
Upin_00015554	XLOC_010248	XLOC_010248
Upin_00015555	XLOC_010249	XLOC_010249
Upin_00015420	XLOC_009963	XLOC_009963
Upin_00015421	XLOC_009965	XLOC_009965
Upin_00015727	XLOC_009965	XLOC_009965
Upin_00015925	XLOC_010250	XLOC_010250
Upin_00015926	XLOC_010251	XLOC_010251
Upin_00015422	XLOC_009966	XLOC_009966
Upin_00015728	XLOC_009966	XLOC_009966
Upin_00015927	XLOC_010252	XLOC_010252
Upin_00015556	XLOC_010252	XLOC_010252
Upin_00015928	XLOC_010253	XLOC_010253
Upin_00015423	XLOC_009967	XLOC_009967
Upin_00015929	XLOC_010254	XLOC_010254
Upin_00015558	XLOC_010254	XLOC_010254
Upin_00015930	XLOC_010254	XLOC_010254
Upin_00015559	XLOC_010255	XLOC_010255
Upin_00015932	XLOC_010255	XLOC_010255
Upin_00015730	XLOC_009969	XLOC_009969
Upin_00015560	XLOC_010256	XLOC_010256
Upin_00015933	XLOC_010256	XLOC_010256
Upin_00015934	XLOC_010257	XLOC_010257
Upin_00015935	XLOC_010258	XLOC_010258
Upin_00015936	XLOC_010259	XLOC_010259
Upin_00015562	XLOC_010260	XLOC_010260
Upin_00015937	XLOC_010261	XLOC_010261
Upin_00015424	XLOC_009970	XLOC_009970
Upin_00015731	XLOC_009971	XLOC_009971
Upin_00015563	XLOC_010262	XLOC_010262
Upin_00015564	XLOC_010263	XLOC_010263
Upin_00015425	XLOC_009972	XLOC_009972
Upin_00015732	XLOC_009972	XLOC_009972
Upin_00015938	XLOC_010264	XLOC_010264
Upin_00015565	XLOC_010265	XLOC_010265
Upin_00015566	XLOC_010266	XLOC_010266
Upin_00015733	XLOC_009973	XLOC_009973
Upin_00015734	XLOC_009973	XLOC_009973
Upin_00015939	XLOC_010267	XLOC_010267
Upin_00015426	XLOC_009974	XLOC_009974
Upin_00015427	XLOC_009975	XLOC_009975
Upin_00015567	XLOC_010268	XLOC_010268
Upin_00015428	XLOC_009976	XLOC_009976
Upin_00015568	XLOC_010269	XLOC_010269
Upin_00015940	XLOC_010269	XLOC_010269
Upin_00015569	XLOC_010270	XLOC_010270
Upin_00015942	XLOC_010270	XLOC_010270
Upin_00015429	XLOC_009977	XLOC_009977
Upin_00015570	XLOC_010271	XLOC_010271
Upin_00015430	XLOC_009978	XLOC_009978
Upin_00015431	XLOC_009979	XLOC_009979
Upin_00015735	XLOC_009980	XLOC_009980
Upin_00015736	XLOC_009980	XLOC_009980
Upin_00015571	XLOC_010272	XLOC_010272
Upin_00015943	XLOC_010272	XLOC_010272
Upin_00015738	XLOC_009982	XLOC_009982
Upin_00015739	XLOC_009983	XLOC_009983
Upin_00015433	XLOC_009985	XLOC_009985
Upin_00015572	XLOC_010273	XLOC_010273
Upin_00015573	XLOC_010274	XLOC_010274
Upin_00015574	XLOC_010275	XLOC_010275
Upin_00015434	XLOC_009986	XLOC_009986
Upin_00015741	XLOC_009987	XLOC_009987
Upin_00015742	XLOC_009988	XLOC_009988
Upin_00015575	XLOC_010276	XLOC_010276
Upin_00015945	XLOC_010276	XLOC_010276
Upin_00015947	XLOC_010277	XLOC_010277
Upin_00015436	XLOC_009989	XLOC_009989
Upin_00015744	XLOC_009989	XLOC_009989
Upin_00015948	XLOC_010278	XLOC_010278
Upin_00015949	XLOC_010279	XLOC_010279
Upin_00015577	XLOC_010280	XLOC_010280
Upin_00015437	XLOC_009990	XLOC_009990
Upin_00015950	XLOC_010281	XLOC_010281
Upin_00015578	XLOC_010282	XLOC_010282
Upin_00015952	XLOC_010284	XLOC_010284
Upin_00015579	XLOC_010285	XLOC_010285
Upin_00015438	XLOC_009991	XLOC_009991
Upin_00015745	XLOC_009992	XLOC_009992
Upin_00015439	XLOC_009993	XLOC_009993
Upin_00015440	XLOC_009994	XLOC_009994
Upin_00015441	XLOC_009995	XLOC_009995
Upin_00015442	XLOC_009996	XLOC_009996
Upin_00015746	XLOC_009996	XLOC_009996
Upin_00015582	XLOC_010288	XLOC_010288
Upin_00015583	XLOC_010289	XLOC_010289
Upin_00015443	XLOC_009998	XLOC_009998
Upin_00015953	XLOC_010290	XLOC_010290
Upin_00015954	XLOC_010291	XLOC_010291
Upin_00015584	XLOC_010292	XLOC_010292
Upin_00015585	XLOC_010293	XLOC_010293
Upin_00015748	XLOC_009999	XLOC_009999
Upin_00015444	XLOC_010000	XLOC_010000
Upin_00015445	XLOC_010001	XLOC_010001
Upin_00015587	XLOC_010295	XLOC_010295
Upin_00015956	XLOC_010296	XLOC_010296
Upin_00015446	XLOC_010002	XLOC_010002
Upin_00015447	XLOC_010003	XLOC_010003
Upin_00015588	XLOC_010297	XLOC_010297
Upin_00015448	XLOC_010004	XLOC_010004
Upin_00015589	XLOC_010298	XLOC_010298
Upin_00015749	XLOC_010005	XLOC_010005
Upin_00015449	XLOC_010006	XLOC_010006
Upin_00015590	XLOC_010300	XLOC_010300
Upin_00015450	XLOC_010007	XLOC_010007
Upin_00015591	XLOC_010301	XLOC_010301
Upin_00015958	XLOC_010302	XLOC_010302
Upin_00015592	XLOC_010303	XLOC_010303
Upin_00015593	XLOC_010304	XLOC_010304
Upin_00015594	XLOC_010305	XLOC_010305
Upin_00015451	XLOC_010008	XLOC_010008
Upin_00015595	XLOC_010306	XLOC_010306
Upin_00015959	XLOC_010306	XLOC_010306
Upin_00015750	XLOC_010009	XLOC_010009
Upin_00015452	XLOC_010009	XLOC_010009
Upin_00015596	XLOC_010307	XLOC_010307
Upin_00015960	XLOC_010308	XLOC_010308
Upin_00015961	XLOC_010309	XLOC_010309
Upin_00015597	XLOC_010309	XLOC_010309
Upin_00015598	XLOC_010310	XLOC_010310
Upin_00015962	XLOC_010311	XLOC_010311
Upin_00015963	XLOC_010312	XLOC_010312
Upin_00015454	XLOC_010012	XLOC_010012
Upin_00015964	XLOC_010313	XLOC_010313
Upin_00015752	XLOC_010013	XLOC_010013
Upin_00015753	XLOC_010013	XLOC_010013
Upin_00015965	XLOC_010316	XLOC_010316
Upin_00015601	XLOC_010316	XLOC_010316
Upin_00015455	XLOC_010014	XLOC_010014
Upin_00015754	XLOC_010015	XLOC_010015
Upin_00015755	XLOC_010015	XLOC_010015
Upin_00015756	XLOC_010016	XLOC_010016
Upin_00015456	XLOC_010017	XLOC_010017
Upin_00015602	XLOC_010317	XLOC_010317
Upin_00015457	XLOC_010018	XLOC_010018
Upin_00015757	XLOC_010019	XLOC_010019
Upin_00015758	XLOC_010020	XLOC_010020
Upin_00015759	XLOC_010020	XLOC_010020
Upin_00015603	XLOC_010318	XLOC_010318
Upin_00015966	XLOC_010319	XLOC_010319
Upin_00015967	XLOC_010320	XLOC_010320
Upin_00015760	XLOC_010021	XLOC_010021
Upin_00015761	XLOC_010022	XLOC_010022
Upin_00015604	XLOC_010321	XLOC_010321
Upin_00015458	XLOC_010023	XLOC_010023
Upin_00015762	XLOC_010024	XLOC_010024
Upin_00015763	XLOC_010025	XLOC_010025
Upin_00015968	XLOC_010322	XLOC_010322
Upin_00015969	XLOC_010323	XLOC_010323
Upin_00015460	XLOC_010027	XLOC_010027
Upin_00015970	XLOC_010324	XLOC_010324
Upin_00015605	XLOC_010324	XLOC_010324
Upin_00015971	XLOC_010324	XLOC_010324
Upin_00015606	XLOC_010325	XLOC_010325
Upin_00015461	XLOC_010028	XLOC_010028
Upin_00015607	XLOC_010326	XLOC_010326
Upin_00015608	XLOC_010327	XLOC_010327
Upin_00015462	XLOC_010030	XLOC_010030
Upin_00015610	XLOC_010330	XLOC_010330
Upin_00015973	XLOC_010330	XLOC_010330
Upin_00015974	XLOC_010331	XLOC_010331
Upin_00015463	XLOC_010032	XLOC_010032
Upin_00015768	XLOC_010032	XLOC_010032
Upin_00015769	XLOC_010033	XLOC_010033
Upin_00015464	XLOC_010034	XLOC_010034
Upin_00015975	XLOC_010332	XLOC_010332
Upin_00015770	XLOC_010035	XLOC_010035
Upin_00015465	XLOC_010036	XLOC_010036
Upin_00015771	XLOC_010037	XLOC_010037
Upin_00015976	XLOC_010333	XLOC_010333
Upin_00015977	XLOC_010334	XLOC_010334
Upin_00015466	XLOC_010039	XLOC_010039
Upin_00015978	XLOC_010335	XLOC_010335
Upin_00015774	XLOC_010041	XLOC_010041
Upin_00015467	XLOC_010042	XLOC_010042
Upin_00015775	XLOC_010042	XLOC_010042
Upin_00015776	XLOC_010043	XLOC_010043
Upin_00015778	XLOC_010045	XLOC_010045
Upin_00015979	XLOC_010336	XLOC_010336
Upin_00015612	XLOC_010336	XLOC_010336
Upin_00015613	XLOC_010337	XLOC_010337
Upin_00015614	XLOC_010338	XLOC_010338
Upin_00015468	XLOC_010046	XLOC_010046
Upin_00015469	XLOC_010047	XLOC_010047
Upin_00015981	XLOC_010340	XLOC_010340
Upin_00015470	XLOC_010048	XLOC_010048
Upin_00015615	XLOC_010341	XLOC_010341
Upin_00015779	XLOC_010049	XLOC_010049
Upin_00015616	XLOC_010342	XLOC_010342
Upin_00015983	XLOC_010344	XLOC_010344
Upin_00015617	XLOC_010345	XLOC_010345
Upin_00015785	XLOC_010055	XLOC_010055
Upin_00015618	XLOC_010347	XLOC_010347
Upin_00015619	XLOC_010348	XLOC_010348
Upin_00015620	XLOC_010349	XLOC_010349
Upin_00015621	XLOC_010350	XLOC_010350
Upin_00015985	XLOC_010350	XLOC_010350
Upin_00015986	XLOC_010351	XLOC_010351
Upin_00015987	XLOC_010352	XLOC_010352
Upin_00015789	XLOC_010059	XLOC_010059
Upin_00015622	XLOC_010353	XLOC_010353
Upin_00015792	XLOC_010062	XLOC_010062
Upin_00015793	XLOC_010063	XLOC_010063
Upin_00015795	XLOC_010065	XLOC_010065
Upin_00015989	XLOC_010355	XLOC_010355
Upin_00015796	XLOC_010066	XLOC_010066
Upin_00015623	XLOC_010356	XLOC_010356
Upin_00015990	XLOC_010357	XLOC_010357
Upin_00015471	XLOC_010068	XLOC_010068
Upin_00015625	XLOC_010359	XLOC_010359
Upin_00015626	XLOC_010360	XLOC_010360
Upin_00015799	XLOC_010070	XLOC_010070
Upin_00015627	XLOC_010361	XLOC_010361
Upin_00015800	XLOC_010071	XLOC_010071
Upin_00015991	XLOC_010362	XLOC_010362
Upin_00015992	XLOC_010363	XLOC_010363
Upin_00015472	XLOC_010072	XLOC_010072
Upin_00015801	XLOC_010073	XLOC_010073
Upin_00015993	XLOC_010364	XLOC_010364
Upin_00015473	XLOC_010074	XLOC_010074
Upin_00015802	XLOC_010074	XLOC_010074
Upin_00015628	XLOC_010365	XLOC_010365
Upin_00015994	XLOC_010366	XLOC_010366
Upin_00015995	XLOC_010367	XLOC_010367
Upin_00015996	XLOC_010368	XLOC_010368
Upin_00015629	XLOC_010369	XLOC_010369
Upin_00015997	XLOC_010370	XLOC_010370
Upin_00015998	XLOC_010371	XLOC_010371
Upin_00015999	XLOC_010372	XLOC_010372
Upin_00015803	XLOC_010075	XLOC_010075
Upin_00015804	XLOC_010076	XLOC_010076
Upin_00015630	XLOC_010373	XLOC_010373
Upin_00016000	XLOC_010374	XLOC_010374
Upin_00015631	XLOC_010375	XLOC_010375
Upin_00016001	XLOC_010375	XLOC_010375
Upin_00015474	XLOC_010078	XLOC_010078
Upin_00015475	XLOC_010079	XLOC_010079
Upin_00015476	XLOC_010080	XLOC_010080
Upin_00016002	XLOC_010376	XLOC_010376
Upin_00015632	XLOC_010377	XLOC_010377
Upin_00015633	XLOC_010378	XLOC_010378
Upin_00015477	XLOC_010081	XLOC_010081
Upin_00016003	XLOC_010379	XLOC_010379
Upin_00015478	XLOC_010082	XLOC_010082
Upin_00015634	XLOC_010380	XLOC_010380
Upin_00015808	XLOC_010083	XLOC_010083
Upin_00015809	XLOC_010084	XLOC_010084
Upin_00016004	XLOC_010381	XLOC_010381
Upin_00016005	XLOC_010381	XLOC_010381
Upin_00015479	XLOC_010085	XLOC_010085
Upin_00016006	XLOC_010382	XLOC_010382
Upin_00015810	XLOC_010087	XLOC_010087
Upin_00015481	XLOC_010088	XLOC_010088
Upin_00015636	XLOC_010384	XLOC_010384
Upin_00016007	XLOC_010384	XLOC_010384
Upin_00015482	XLOC_010089	XLOC_010089
Upin_00016008	XLOC_010385	XLOC_010385
Upin_00015483	XLOC_010090	XLOC_010090
Upin_00015484	XLOC_010091	XLOC_010091
Upin_00015811	XLOC_010092	XLOC_010092
Upin_00015812	XLOC_010093	XLOC_010093
Upin_00015813	XLOC_010094	XLOC_010094
Upin_00015814	XLOC_010095	XLOC_010095
Upin_00015485	XLOC_010096	XLOC_010096
Upin_00015637	XLOC_010386	XLOC_010386
Upin_00015638	XLOC_010387	XLOC_010387
Upin_00015639	XLOC_010388	XLOC_010388
Upin_00015815	XLOC_010097	XLOC_010097
Upin_00015486	XLOC_010098	XLOC_010098
Upin_00015640	XLOC_010389	XLOC_010389
Upin_00016009	XLOC_010390	XLOC_010390
Upin_00015816	XLOC_010099	XLOC_010099
Upin_00015817	XLOC_010100	XLOC_010100
Upin_00015641	XLOC_010391	XLOC_010391
Upin_00015642	XLOC_010392	XLOC_010392
Upin_00015643	XLOC_010393	XLOC_010393
Upin_00015644	XLOC_010394	XLOC_010394
Upin_00016010	XLOC_010394	XLOC_010394
Upin_00015818	XLOC_010101	XLOC_010101
Upin_00016011	XLOC_010395	XLOC_010395
Upin_00016012	XLOC_010396	XLOC_010396
Upin_00015821	XLOC_010104	XLOC_010104
Upin_00016013	XLOC_010397	XLOC_010397
Upin_00015645	XLOC_010398	XLOC_010398
Upin_00016014	XLOC_010399	XLOC_010399
Upin_00015487	XLOC_010105	XLOC_010105
Upin_00015646	XLOC_010400	XLOC_010400
Upin_00015647	XLOC_010401	XLOC_010401
Upin_00016015	XLOC_010402	XLOC_010402
Upin_00015648	XLOC_010403	XLOC_010403
Upin_00015488	XLOC_010107	XLOC_010107
Upin_00015489	XLOC_010108	XLOC_010108
Upin_00015490	XLOC_010110	XLOC_010110
Upin_00015824	XLOC_010110	XLOC_010110
Upin_00016016	XLOC_010404	XLOC_010404
Upin_00015825	XLOC_010111	XLOC_010111
Upin_00016017	XLOC_010405	XLOC_010405
Upin_00015649	XLOC_010406	XLOC_010406
Upin_00016018	XLOC_010406	XLOC_010406
Upin_00016019	XLOC_010406	XLOC_010406
Upin_00015826	XLOC_010112	XLOC_010112
Upin_00015651	XLOC_010407	XLOC_010407
Upin_00015828	XLOC_010114	XLOC_010114
Upin_00015491	XLOC_010115	XLOC_010115
Upin_00015829	XLOC_010115	XLOC_010115
Upin_00015830	XLOC_010115	XLOC_010115
Upin_00015831	XLOC_010116	XLOC_010116
Upin_00015832	XLOC_010117	XLOC_010117
Upin_00016020	XLOC_010408	XLOC_010408
Upin_00015834	XLOC_010119	XLOC_010119
Upin_00015492	XLOC_010120	XLOC_010120
Upin_00015835	XLOC_010120	XLOC_010120
Upin_00015652	XLOC_010409	XLOC_010409
Upin_00015653	XLOC_010412	XLOC_010412
Upin_00015837	XLOC_010122	XLOC_010122
Upin_00015655	XLOC_010414	XLOC_010414
Upin_00015656	XLOC_010415	XLOC_010415
Upin_00016023	XLOC_010416	XLOC_010416
Upin_00015657	XLOC_010417	XLOC_010417
Upin_00016024	XLOC_010417	XLOC_010417
Upin_00015658	XLOC_010418	XLOC_010418
Upin_00015493	XLOC_010126	XLOC_010126
Upin_00015659	XLOC_010419	XLOC_010419
Upin_00016025	XLOC_010420	XLOC_010420
Upin_00015660	XLOC_010421	XLOC_010421
Upin_00016026	XLOC_010422	XLOC_010422
Upin_00015841	XLOC_010127	XLOC_010127
Upin_00016027	XLOC_010423	XLOC_010423
Upin_00015661	XLOC_010424	XLOC_010424
Upin_00015662	XLOC_010425	XLOC_010425
Upin_00016028	XLOC_010425	XLOC_010425
Upin_00016029	XLOC_010426	XLOC_010426
Upin_00016030	XLOC_010427	XLOC_010427
Upin_00016031	XLOC_010428	XLOC_010428
Upin_00015494	XLOC_010131	XLOC_010131
Upin_00016032	XLOC_010429	XLOC_010429
Upin_00015664	XLOC_010429	XLOC_010429
Upin_00015845	XLOC_010132	XLOC_010132
Upin_00015666	XLOC_010431	XLOC_010431
Upin_00015667	XLOC_010432	XLOC_010432
Upin_00015846	XLOC_010133	XLOC_010133
Upin_00015668	XLOC_010433	XLOC_010433
Upin_00015847	XLOC_010134	XLOC_010134
Upin_00015848	XLOC_010135	XLOC_010135
Upin_00015495	XLOC_010136	XLOC_010136
Upin_00015849	XLOC_010137	XLOC_010137
Upin_00016033	XLOC_010434	XLOC_010434
Upin_00016034	XLOC_010435	XLOC_010435
Upin_00016035	XLOC_010436	XLOC_010436
Upin_00015853	XLOC_010141	XLOC_010141
Upin_00016036	XLOC_010437	XLOC_010437
Upin_00015496	XLOC_010142	XLOC_010142
Upin_00015497	XLOC_010143	XLOC_010143
Upin_00016037	XLOC_010438	XLOC_010438
Upin_00016038	XLOC_010439	XLOC_010439
Upin_00015669	XLOC_010440	XLOC_010440
Upin_00016039	XLOC_010441	XLOC_010441
Upin_00016040	XLOC_010442	XLOC_010442
Upin_00015856	XLOC_010145	XLOC_010145
Upin_00015670	XLOC_010443	XLOC_010443
Upin_00015671	XLOC_010444	XLOC_010444
Upin_00016042	XLOC_010446	XLOC_010446
Upin_00015672	XLOC_010447	XLOC_010447
Upin_00015857	XLOC_010146	XLOC_010146
Upin_00016043	XLOC_010448	XLOC_010448
Upin_00015858	XLOC_010148	XLOC_010148
Upin_00016045	XLOC_010450	XLOC_010450
Upin_00016046	XLOC_010451	XLOC_010451
Upin_00015673	XLOC_010451	XLOC_010451
Upin_00015859	XLOC_010149	XLOC_010149
Upin_00015674	XLOC_010453	XLOC_010453
Upin_00016049	XLOC_010455	XLOC_010455
Upin_00016050	XLOC_010456	XLOC_010456
Upin_00015675	XLOC_010457	XLOC_010457
Upin_00015860	XLOC_010150	XLOC_010150
Upin_00015499	XLOC_010151	XLOC_010151
Upin_00015676	XLOC_010458	XLOC_010458
Upin_00015500	XLOC_010152	XLOC_010152
Upin_00015677	XLOC_010459	XLOC_010459
Upin_00015501	XLOC_010153	XLOC_010153
Upin_00015678	XLOC_010460	XLOC_010460
Upin_00015502	XLOC_010154	XLOC_010154
Upin_00015679	XLOC_010461	XLOC_010461
Upin_00016051	XLOC_010462	XLOC_010462
Upin_00015503	XLOC_010155	XLOC_010155
Upin_00016052	XLOC_010463	XLOC_010463
Upin_00015680	XLOC_010464	XLOC_010464
Upin_00016053	XLOC_010465	XLOC_010465
Upin_00016054	XLOC_010466	XLOC_010466
Upin_00015863	XLOC_010158	XLOC_010158
Upin_00015681	XLOC_010467	XLOC_010467
Upin_00016055	XLOC_010468	XLOC_010468
Upin_00016056	XLOC_010469	XLOC_010469
Upin_00015864	XLOC_010159	XLOC_010159
Upin_00015504	XLOC_010160	XLOC_010160
Upin_00016057	XLOC_010470	XLOC_010470
Upin_00015682	XLOC_010470	XLOC_010470
Upin_00015505	XLOC_010161	XLOC_010161
Upin_00015506	XLOC_010162	XLOC_010162
Upin_00016487	XLOC_010661	XLOC_010661
Upin_00016204	XLOC_010661	XLOC_010661
Upin_00016205	XLOC_010662	XLOC_010662
Upin_00016206	XLOC_010663	XLOC_010663
Upin_00016058	XLOC_010471	XLOC_010471
Upin_00016207	XLOC_010664	XLOC_010664
Upin_00016489	XLOC_010665	XLOC_010665
Upin_00016208	XLOC_010665	XLOC_010665
Upin_00016209	XLOC_010666	XLOC_010666
Upin_00016059	XLOC_010472	XLOC_010472
Upin_00016360	XLOC_010472	XLOC_010472
Upin_00016210	XLOC_010667	XLOC_010667
Upin_00016060	XLOC_010473	XLOC_010473
Upin_00016061	XLOC_010474	XLOC_010474
Upin_00016211	XLOC_010668	XLOC_010668
Upin_00016363	XLOC_010475	XLOC_010475
Upin_00016062	XLOC_010475	XLOC_010475
Upin_00016364	XLOC_010475	XLOC_010475
Upin_00016490	XLOC_010669	XLOC_010669
Upin_00016212	XLOC_010669	XLOC_010669
Upin_00016365	XLOC_010476	XLOC_010476
Upin_00016491	XLOC_010670	XLOC_010670
Upin_00016493	XLOC_010672	XLOC_010672
Upin_00016063	XLOC_010478	XLOC_010478
Upin_00016367	XLOC_010478	XLOC_010478
Upin_00016214	XLOC_010673	XLOC_010673
Upin_00016369	XLOC_010480	XLOC_010480
Upin_00016064	XLOC_010480	XLOC_010480
Upin_00016370	XLOC_010481	XLOC_010481
Upin_00016065	XLOC_010482	XLOC_010482
Upin_00016066	XLOC_010483	XLOC_010483
Upin_00016371	XLOC_010483	XLOC_010483
Upin_00016372	XLOC_010483	XLOC_010483
Upin_00016215	XLOC_010674	XLOC_010674
Upin_00016067	XLOC_010484	XLOC_010484
Upin_00016216	XLOC_010675	XLOC_010675
Upin_00016217	XLOC_010676	XLOC_010676
Upin_00016495	XLOC_010677	XLOC_010677
Upin_00016218	XLOC_010678	XLOC_010678
Upin_00016068	XLOC_010486	XLOC_010486
Upin_00016069	XLOC_010487	XLOC_010487
Upin_00016219	XLOC_010679	XLOC_010679
Upin_00016496	XLOC_010679	XLOC_010679
Upin_00016374	XLOC_010488	XLOC_010488
Upin_00016070	XLOC_010488	XLOC_010488
Upin_00016220	XLOC_010680	XLOC_010680
Upin_00016375	XLOC_010489	XLOC_010489
Upin_00016221	XLOC_010682	XLOC_010682
Upin_00016222	XLOC_010683	XLOC_010683
Upin_00016071	XLOC_010490	XLOC_010490
Upin_00016376	XLOC_010491	XLOC_010491
Upin_00016223	XLOC_010685	XLOC_010685
Upin_00016224	XLOC_010686	XLOC_010686
Upin_00016507	XLOC_010687	XLOC_010687
Upin_00016378	XLOC_010493	XLOC_010493
Upin_00016072	XLOC_010493	XLOC_010493
Upin_00016379	XLOC_010493	XLOC_010493
Upin_00016225	XLOC_010688	XLOC_010688
Upin_00016380	XLOC_010494	XLOC_010494
Upin_00016226	XLOC_010689	XLOC_010689
Upin_00016227	XLOC_010690	XLOC_010690
Upin_00016073	XLOC_010495	XLOC_010495
Upin_00016228	XLOC_010691	XLOC_010691
Upin_00016513	XLOC_010691	XLOC_010691
Upin_00016074	XLOC_010497	XLOC_010497
Upin_00016229	XLOC_010692	XLOC_010692
Upin_00016075	XLOC_010498	XLOC_010498
Upin_00016076	XLOC_010499	XLOC_010499
Upin_00016382	XLOC_010499	XLOC_010499
Upin_00016514	XLOC_010693	XLOC_010693
Upin_00016077	XLOC_010500	XLOC_010500
Upin_00016230	XLOC_010695	XLOC_010695
Upin_00016078	XLOC_010501	XLOC_010501
Upin_00016383	XLOC_010501	XLOC_010501
Upin_00016079	XLOC_010502	XLOC_010502
Upin_00016231	XLOC_010696	XLOC_010696
Upin_00016080	XLOC_010503	XLOC_010503
Upin_00016384	XLOC_010503	XLOC_010503
Upin_00016385	XLOC_010504	XLOC_010504
Upin_00016232	XLOC_010697	XLOC_010697
Upin_00016234	XLOC_010698	XLOC_010698
Upin_00016519	XLOC_010699	XLOC_010699
Upin_00016081	XLOC_010507	XLOC_010507
Upin_00016235	XLOC_010700	XLOC_010700
Upin_00016082	XLOC_010508	XLOC_010508
Upin_00016388	XLOC_010508	XLOC_010508
Upin_00016236	XLOC_010701	XLOC_010701
Upin_00016521	XLOC_010701	XLOC_010701
Upin_00016237	XLOC_010702	XLOC_010702
Upin_00016083	XLOC_010509	XLOC_010509
Upin_00016389	XLOC_010509	XLOC_010509
Upin_00016522	XLOC_010703	XLOC_010703
Upin_00016238	XLOC_010703	XLOC_010703
Upin_00016391	XLOC_010511	XLOC_010511
Upin_00016084	XLOC_010512	XLOC_010512
Upin_00016239	XLOC_010704	XLOC_010704
Upin_00016393	XLOC_010513	XLOC_010513
Upin_00016394	XLOC_010514	XLOC_010514
Upin_00016395	XLOC_010515	XLOC_010515
Upin_00016085	XLOC_010516	XLOC_010516
Upin_00016086	XLOC_010517	XLOC_010517
Upin_00016087	XLOC_010518	XLOC_010518
Upin_00016524	XLOC_010705	XLOC_010705
Upin_00016088	XLOC_010519	XLOC_010519
Upin_00016240	XLOC_010706	XLOC_010706
Upin_00016525	XLOC_010707	XLOC_010707
Upin_00016526	XLOC_010708	XLOC_010708
Upin_00016241	XLOC_010708	XLOC_010708
Upin_00016527	XLOC_010709	XLOC_010709
Upin_00016242	XLOC_010709	XLOC_010709
Upin_00016089	XLOC_010520	XLOC_010520
Upin_00016090	XLOC_010521	XLOC_010521
Upin_00016091	XLOC_010522	XLOC_010522
Upin_00016243	XLOC_010710	XLOC_010710
Upin_00016092	XLOC_010523	XLOC_010523
Upin_00016528	XLOC_010711	XLOC_010711
Upin_00016093	XLOC_010524	XLOC_010524
Upin_00016396	XLOC_010525	XLOC_010525
Upin_00016094	XLOC_010525	XLOC_010525
Upin_00016095	XLOC_010526	XLOC_010526
Upin_00016529	XLOC_010712	XLOC_010712
Upin_00016397	XLOC_010527	XLOC_010527
Upin_00016097	XLOC_010527	XLOC_010527
Upin_00016398	XLOC_010527	XLOC_010527
Upin_00016098	XLOC_010528	XLOC_010528
Upin_00016244	XLOC_010713	XLOC_010713
Upin_00016245	XLOC_010714	XLOC_010714
Upin_00016099	XLOC_010529	XLOC_010529
Upin_00016399	XLOC_010529	XLOC_010529
Upin_00016246	XLOC_010716	XLOC_010716
Upin_00016100	XLOC_010531	XLOC_010531
Upin_00016247	XLOC_010718	XLOC_010718
Upin_00016401	XLOC_010532	XLOC_010532
Upin_00016101	XLOC_010533	XLOC_010533
Upin_00016102	XLOC_010534	XLOC_010534
Upin_00016402	XLOC_010535	XLOC_010535
Upin_00016535	XLOC_010721	XLOC_010721
Upin_00016103	XLOC_010536	XLOC_010536
Upin_00016248	XLOC_010722	XLOC_010722
Upin_00016403	XLOC_010537	XLOC_010537
Upin_00016536	XLOC_010723	XLOC_010723
Upin_00016251	XLOC_010724	XLOC_010724
Upin_00016537	XLOC_010725	XLOC_010725
Upin_00016538	XLOC_010726	XLOC_010726
Upin_00016539	XLOC_010726	XLOC_010726
Upin_00016253	XLOC_010727	XLOC_010727
Upin_00016404	XLOC_010538	XLOC_010538
Upin_00016104	XLOC_010538	XLOC_010538
Upin_00016254	XLOC_010728	XLOC_010728
Upin_00016542	XLOC_010729	XLOC_010729
Upin_00016105	XLOC_010540	XLOC_010540
Upin_00016407	XLOC_010540	XLOC_010540
Upin_00016543	XLOC_010730	XLOC_010730
Upin_00016106	XLOC_010541	XLOC_010541
Upin_00016107	XLOC_010542	XLOC_010542
Upin_00016409	XLOC_010542	XLOC_010542
Upin_00016410	XLOC_010542	XLOC_010542
Upin_00016411	XLOC_010542	XLOC_010542
Upin_00016412	XLOC_010542	XLOC_010542
Upin_00016413	XLOC_010543	XLOC_010543
Upin_00016414	XLOC_010543	XLOC_010543
Upin_00016256	XLOC_010732	XLOC_010732
Upin_00016109	XLOC_010544	XLOC_010544
Upin_00016110	XLOC_010545	XLOC_010545
Upin_00016257	XLOC_010733	XLOC_010733
Upin_00016258	XLOC_010734	XLOC_010734
Upin_00016259	XLOC_010735	XLOC_010735
Upin_00016546	XLOC_010736	XLOC_010736
Upin_00016111	XLOC_010546	XLOC_010546
Upin_00016260	XLOC_010737	XLOC_010737
Upin_00016112	XLOC_010547	XLOC_010547
Upin_00016261	XLOC_010738	XLOC_010738
Upin_00016113	XLOC_010548	XLOC_010548
Upin_00016262	XLOC_010739	XLOC_010739
Upin_00016263	XLOC_010740	XLOC_010740
Upin_00016264	XLOC_010741	XLOC_010741
Upin_00016265	XLOC_010742	XLOC_010742
Upin_00016114	XLOC_010550	XLOC_010550
Upin_00016115	XLOC_010551	XLOC_010551
Upin_00016266	XLOC_010743	XLOC_010743
Upin_00016116	XLOC_010552	XLOC_010552
Upin_00016117	XLOC_010553	XLOC_010553
Upin_00016267	XLOC_010744	XLOC_010744
Upin_00016118	XLOC_010555	XLOC_010555
Upin_00016119	XLOC_010556	XLOC_010556
Upin_00016120	XLOC_010557	XLOC_010557
Upin_00016268	XLOC_010745	XLOC_010745
Upin_00016121	XLOC_010558	XLOC_010558
Upin_00016122	XLOC_010559	XLOC_010559
Upin_00016123	XLOC_010560	XLOC_010560
Upin_00016124	XLOC_010561	XLOC_010561
Upin_00016125	XLOC_010562	XLOC_010562
Upin_00016127	XLOC_010564	XLOC_010564
Upin_00016269	XLOC_010746	XLOC_010746
Upin_00016553	XLOC_010746	XLOC_010746
Upin_00016420	XLOC_010565	XLOC_010565
Upin_00016554	XLOC_010747	XLOC_010747
Upin_00016270	XLOC_010747	XLOC_010747
Upin_00016555	XLOC_010747	XLOC_010747
Upin_00016129	XLOC_010566	XLOC_010566
Upin_00016271	XLOC_010748	XLOC_010748
Upin_00016130	XLOC_010567	XLOC_010567
Upin_00016421	XLOC_010567	XLOC_010567
Upin_00016272	XLOC_010749	XLOC_010749
Upin_00016131	XLOC_010568	XLOC_010568
Upin_00016273	XLOC_010750	XLOC_010750
Upin_00016423	XLOC_010569	XLOC_010569
Upin_00016274	XLOC_010751	XLOC_010751
Upin_00016132	XLOC_010570	XLOC_010570
Upin_00016275	XLOC_010752	XLOC_010752
Upin_00016559	XLOC_010752	XLOC_010752
Upin_00016560	XLOC_010752	XLOC_010752
Upin_00016276	XLOC_010753	XLOC_010753
Upin_00016277	XLOC_010754	XLOC_010754
Upin_00016278	XLOC_010755	XLOC_010755
Upin_00016133	XLOC_010571	XLOC_010571
Upin_00016563	XLOC_010757	XLOC_010757
Upin_00016279	XLOC_010758	XLOC_010758
Upin_00016135	XLOC_010573	XLOC_010573
Upin_00016280	XLOC_010759	XLOC_010759
Upin_00016424	XLOC_010574	XLOC_010574
Upin_00016137	XLOC_010575	XLOC_010575
Upin_00016564	XLOC_010760	XLOC_010760
Upin_00016425	XLOC_010576	XLOC_010576
Upin_00016565	XLOC_010761	XLOC_010761
Upin_00016138	XLOC_010577	XLOC_010577
Upin_00016139	XLOC_010578	XLOC_010578
Upin_00016281	XLOC_010762	XLOC_010762
Upin_00016282	XLOC_010763	XLOC_010763
Upin_00016140	XLOC_010579	XLOC_010579
Upin_00016283	XLOC_010764	XLOC_010764
Upin_00016284	XLOC_010765	XLOC_010765
Upin_00016285	XLOC_010766	XLOC_010766
Upin_00016286	XLOC_010767	XLOC_010767
Upin_00016287	XLOC_010768	XLOC_010768
Upin_00016571	XLOC_010769	XLOC_010769
Upin_00016288	XLOC_010770	XLOC_010770
Upin_00016289	XLOC_010771	XLOC_010771
Upin_00016141	XLOC_010581	XLOC_010581
Upin_00016142	XLOC_010582	XLOC_010582
Upin_00016290	XLOC_010772	XLOC_010772
Upin_00016291	XLOC_010773	XLOC_010773
Upin_00016292	XLOC_010774	XLOC_010774
Upin_00016576	XLOC_010774	XLOC_010774
Upin_00016143	XLOC_010583	XLOC_010583
Upin_00016144	XLOC_010584	XLOC_010584
Upin_00016431	XLOC_010584	XLOC_010584
Upin_00016432	XLOC_010584	XLOC_010584
Upin_00016435	XLOC_010584	XLOC_010584
Upin_00016293	XLOC_010775	XLOC_010775
Upin_00016145	XLOC_010585	XLOC_010585
Upin_00016294	XLOC_010776	XLOC_010776
Upin_00016146	XLOC_010586	XLOC_010586
Upin_00016436	XLOC_010587	XLOC_010587
Upin_00016147	XLOC_010587	XLOC_010587
Upin_00016295	XLOC_010777	XLOC_010777
Upin_00016296	XLOC_010778	XLOC_010778
Upin_00016149	XLOC_010588	XLOC_010588
Upin_00016578	XLOC_010779	XLOC_010779
Upin_00016297	XLOC_010780	XLOC_010780
Upin_00016150	XLOC_010589	XLOC_010589
Upin_00016581	XLOC_010782	XLOC_010782
Upin_00016151	XLOC_010590	XLOC_010590
Upin_00016298	XLOC_010783	XLOC_010783
Upin_00016299	XLOC_010784	XLOC_010784
Upin_00016152	XLOC_010591	XLOC_010591
Upin_00016300	XLOC_010785	XLOC_010785
Upin_00016301	XLOC_010786	XLOC_010786
Upin_00016302	XLOC_010787	XLOC_010787
Upin_00016303	XLOC_010788	XLOC_010788
Upin_00016304	XLOC_010789	XLOC_010789
Upin_00016305	XLOC_010790	XLOC_010790
Upin_00016306	XLOC_010791	XLOC_010791
Upin_00016307	XLOC_010792	XLOC_010792
Upin_00016308	XLOC_010793	XLOC_010793
Upin_00016153	XLOC_010592	XLOC_010592
Upin_00016309	XLOC_010795	XLOC_010795
Upin_00016310	XLOC_010796	XLOC_010796
Upin_00016311	XLOC_010797	XLOC_010797
Upin_00016584	XLOC_010797	XLOC_010797
Upin_00016586	XLOC_010799	XLOC_010799
Upin_00016439	XLOC_010593	XLOC_010593
Upin_00016154	XLOC_010594	XLOC_010594
Upin_00016155	XLOC_010595	XLOC_010595
Upin_00016441	XLOC_010595	XLOC_010595
Upin_00016156	XLOC_010596	XLOC_010596
Upin_00016157	XLOC_010597	XLOC_010597
Upin_00016158	XLOC_010598	XLOC_010598
Upin_00016444	XLOC_010598	XLOC_010598
Upin_00016446	XLOC_010599	XLOC_010599
Upin_00016313	XLOC_010801	XLOC_010801
Upin_00016314	XLOC_010802	XLOC_010802
Upin_00016161	XLOC_010602	XLOC_010602
Upin_00016162	XLOC_010603	XLOC_010603
Upin_00016163	XLOC_010604	XLOC_010604
Upin_00016164	XLOC_010605	XLOC_010605
Upin_00016588	XLOC_010803	XLOC_010803
Upin_00016316	XLOC_010804	XLOC_010804
Upin_00016448	XLOC_010606	XLOC_010606
Upin_00016165	XLOC_010606	XLOC_010606
Upin_00016317	XLOC_010805	XLOC_010805
Upin_00016166	XLOC_010607	XLOC_010607
Upin_00016449	XLOC_010607	XLOC_010607
Upin_00016167	XLOC_010608	XLOC_010608
Upin_00016451	XLOC_010608	XLOC_010608
Upin_00016168	XLOC_010609	XLOC_010609
Upin_00016169	XLOC_010610	XLOC_010610
Upin_00016318	XLOC_010806	XLOC_010806
Upin_00016319	XLOC_010807	XLOC_010807
Upin_00016170	XLOC_010611	XLOC_010611
Upin_00016171	XLOC_010613	XLOC_010613
Upin_00016320	XLOC_010808	XLOC_010808
Upin_00016172	XLOC_010614	XLOC_010614
Upin_00016321	XLOC_010809	XLOC_010809
Upin_00016173	XLOC_010615	XLOC_010615
Upin_00016322	XLOC_010810	XLOC_010810
Upin_00016453	XLOC_010616	XLOC_010616
Upin_00016323	XLOC_010811	XLOC_010811
Upin_00016454	XLOC_010617	XLOC_010617
Upin_00016455	XLOC_010618	XLOC_010618
Upin_00016175	XLOC_010619	XLOC_010619
Upin_00016456	XLOC_010619	XLOC_010619
Upin_00016593	XLOC_010814	XLOC_010814
Upin_00016324	XLOC_010815	XLOC_010815
Upin_00016176	XLOC_010620	XLOC_010620
Upin_00016325	XLOC_010816	XLOC_010816
Upin_00016326	XLOC_010817	XLOC_010817
Upin_00016594	XLOC_010818	XLOC_010818
Upin_00016177	XLOC_010621	XLOC_010621
Upin_00016327	XLOC_010819	XLOC_010819
Upin_00016595	XLOC_010819	XLOC_010819
Upin_00016178	XLOC_010622	XLOC_010622
Upin_00016328	XLOC_010820	XLOC_010820
Upin_00016458	XLOC_010623	XLOC_010623
Upin_00016459	XLOC_010624	XLOC_010624
Upin_00016329	XLOC_010821	XLOC_010821
Upin_00016180	XLOC_010625	XLOC_010625
Upin_00016330	XLOC_010822	XLOC_010822
Upin_00016181	XLOC_010626	XLOC_010626
Upin_00016331	XLOC_010823	XLOC_010823
Upin_00016602	XLOC_010824	XLOC_010824
Upin_00016332	XLOC_010824	XLOC_010824
Upin_00016603	XLOC_010825	XLOC_010825
Upin_00016182	XLOC_010628	XLOC_010628
Upin_00016334	XLOC_010826	XLOC_010826
Upin_00016336	XLOC_010827	XLOC_010827
Upin_00016183	XLOC_010630	XLOC_010630
Upin_00016337	XLOC_010828	XLOC_010828
Upin_00016184	XLOC_010631	XLOC_010631
Upin_00016338	XLOC_010829	XLOC_010829
Upin_00016185	XLOC_010632	XLOC_010632
Upin_00016604	XLOC_010830	XLOC_010830
Upin_00016186	XLOC_010633	XLOC_010633
Upin_00016187	XLOC_010634	XLOC_010634
Upin_00016339	XLOC_010831	XLOC_010831
Upin_00016605	XLOC_010831	XLOC_010831
Upin_00016340	XLOC_010832	XLOC_010832
Upin_00016188	XLOC_010635	XLOC_010635
Upin_00016189	XLOC_010637	XLOC_010637
Upin_00016341	XLOC_010833	XLOC_010833
Upin_00016464	XLOC_010638	XLOC_010638
Upin_00016190	XLOC_010639	XLOC_010639
Upin_00016465	XLOC_010639	XLOC_010639
Upin_00016466	XLOC_010640	XLOC_010640
Upin_00016467	XLOC_010641	XLOC_010641
Upin_00016607	XLOC_010834	XLOC_010834
Upin_00016342	XLOC_010834	XLOC_010834
Upin_00016608	XLOC_010835	XLOC_010835
Upin_00016343	XLOC_010835	XLOC_010835
Upin_00016344	XLOC_010836	XLOC_010836
Upin_00016345	XLOC_010837	XLOC_010837
Upin_00016346	XLOC_010838	XLOC_010838
Upin_00016191	XLOC_010643	XLOC_010643
Upin_00016348	XLOC_010840	XLOC_010840
Upin_00016192	XLOC_010644	XLOC_010644
Upin_00016349	XLOC_010842	XLOC_010842
Upin_00016472	XLOC_010647	XLOC_010647
Upin_00016613	XLOC_010843	XLOC_010843
Upin_00016350	XLOC_010843	XLOC_010843
Upin_00016193	XLOC_010648	XLOC_010648
Upin_00016474	XLOC_010648	XLOC_010648
Upin_00016351	XLOC_010844	XLOC_010844
Upin_00016615	XLOC_010845	XLOC_010845
Upin_00016352	XLOC_010845	XLOC_010845
Upin_00016194	XLOC_010649	XLOC_010649
Upin_00016353	XLOC_010846	XLOC_010846
Upin_00016616	XLOC_010846	XLOC_010846
Upin_00016476	XLOC_010650	XLOC_010650
Upin_00016354	XLOC_010847	XLOC_010847
Upin_00016195	XLOC_010651	XLOC_010651
Upin_00016196	XLOC_010652	XLOC_010652
Upin_00016197	XLOC_010653	XLOC_010653
Upin_00016355	XLOC_010848	XLOC_010848
Upin_00016198	XLOC_010654	XLOC_010654
Upin_00016480	XLOC_010654	XLOC_010654
Upin_00016356	XLOC_010849	XLOC_010849
Upin_00016482	XLOC_010655	XLOC_010655
Upin_00016199	XLOC_010656	XLOC_010656
Upin_00016484	XLOC_010656	XLOC_010656
Upin_00016357	XLOC_010850	XLOC_010850
Upin_00016619	XLOC_010850	XLOC_010850
Upin_00016621	XLOC_010850	XLOC_010850
Upin_00016620	XLOC_010851	XLOC_010851
Upin_00016200	XLOC_010657	XLOC_010657
Upin_00016201	XLOC_010658	XLOC_010658
Upin_00016358	XLOC_010853	XLOC_010853
Upin_00016359	XLOC_010854	XLOC_010854
Upin_00016202	XLOC_010659	XLOC_010659
Upin_00016203	XLOC_010660	XLOC_010660
Upin_00016625	XLOC_010855	XLOC_010855
Upin_00017371	XLOC_010855	XLOC_010855
Upin_00017015	XLOC_011381	XLOC_011381
Upin_00016626	XLOC_010856	XLOC_010856
Upin_00016627	XLOC_010857	XLOC_010857
Upin_00016628	XLOC_010858	XLOC_010858
Upin_00016629	XLOC_010859	XLOC_010859
Upin_00016630	XLOC_010860	XLOC_010860
Upin_00017373	XLOC_010861	XLOC_010861
Upin_00016631	XLOC_010862	XLOC_010862
Upin_00017375	XLOC_010862	XLOC_010862
Upin_00017376	XLOC_010862	XLOC_010862
Upin_00017762	XLOC_011382	XLOC_011382
Upin_00017374	XLOC_010863	XLOC_010863
Upin_00016632	XLOC_010864	XLOC_010864
Upin_00017016	XLOC_011383	XLOC_011383
Upin_00017017	XLOC_011384	XLOC_011384
Upin_00016633	XLOC_010865	XLOC_010865
Upin_00016634	XLOC_010866	XLOC_010866
Upin_00017380	XLOC_010866	XLOC_010866
Upin_00016635	XLOC_010867	XLOC_010867
Upin_00016636	XLOC_010868	XLOC_010868
Upin_00017018	XLOC_011385	XLOC_011385
Upin_00017765	XLOC_011385	XLOC_011385
Upin_00016637	XLOC_010869	XLOC_010869
Upin_00017019	XLOC_011387	XLOC_011387
Upin_00017020	XLOC_011388	XLOC_011388
Upin_00016638	XLOC_010870	XLOC_010870
Upin_00016639	XLOC_010871	XLOC_010871
Upin_00016640	XLOC_010872	XLOC_010872
Upin_00017021	XLOC_011389	XLOC_011389
Upin_00017769	XLOC_011390	XLOC_011390
Upin_00017022	XLOC_011391	XLOC_011391
Upin_00017383	XLOC_010873	XLOC_010873
Upin_00017384	XLOC_010873	XLOC_010873
Upin_00016641	XLOC_010874	XLOC_010874
Upin_00016642	XLOC_010875	XLOC_010875
Upin_00016643	XLOC_010876	XLOC_010876
Upin_00016644	XLOC_010877	XLOC_010877
Upin_00016645	XLOC_010878	XLOC_010878
Upin_00016646	XLOC_010879	XLOC_010879
Upin_00017385	XLOC_010879	XLOC_010879
Upin_00017386	XLOC_010880	XLOC_010880
Upin_00016647	XLOC_010881	XLOC_010881
Upin_00017023	XLOC_011392	XLOC_011392
Upin_00017024	XLOC_011393	XLOC_011393
Upin_00017387	XLOC_010882	XLOC_010882
Upin_00017025	XLOC_011394	XLOC_011394
Upin_00017388	XLOC_010883	XLOC_010883
Upin_00017389	XLOC_010884	XLOC_010884
Upin_00017391	XLOC_010884	XLOC_010884
Upin_00017390	XLOC_010885	XLOC_010885
Upin_00017392	XLOC_010886	XLOC_010886
Upin_00017393	XLOC_010887	XLOC_010887
Upin_00016650	XLOC_010888	XLOC_010888
Upin_00017394	XLOC_010888	XLOC_010888
Upin_00017395	XLOC_010889	XLOC_010889
Upin_00017026	XLOC_011395	XLOC_011395
Upin_00016651	XLOC_010890	XLOC_010890
Upin_00017396	XLOC_010891	XLOC_010891
Upin_00017027	XLOC_011396	XLOC_011396
Upin_00016652	XLOC_010892	XLOC_010892
Upin_00017770	XLOC_011397	XLOC_011397
Upin_00017028	XLOC_011398	XLOC_011398
Upin_00016653	XLOC_010893	XLOC_010893
Upin_00016654	XLOC_010894	XLOC_010894
Upin_00017397	XLOC_010894	XLOC_010894
Upin_00016655	XLOC_010895	XLOC_010895
Upin_00017029	XLOC_011399	XLOC_011399
Upin_00016656	XLOC_010896	XLOC_010896
Upin_00017030	XLOC_011400	XLOC_011400
Upin_00017031	XLOC_011401	XLOC_011401
Upin_00017398	XLOC_010897	XLOC_010897
Upin_00017399	XLOC_010898	XLOC_010898
Upin_00017032	XLOC_011402	XLOC_011402
Upin_00017400	XLOC_010899	XLOC_010899
Upin_00017033	XLOC_011403	XLOC_011403
Upin_00016657	XLOC_010900	XLOC_010900
Upin_00016658	XLOC_010901	XLOC_010901
Upin_00016659	XLOC_010902	XLOC_010902
Upin_00017401	XLOC_010902	XLOC_010902
Upin_00017772	XLOC_011405	XLOC_011405
Upin_00017034	XLOC_011406	XLOC_011406
Upin_00017402	XLOC_010903	XLOC_010903
Upin_00017035	XLOC_011407	XLOC_011407
Upin_00016660	XLOC_010904	XLOC_010904
Upin_00017403	XLOC_010904	XLOC_010904
Upin_00016661	XLOC_010905	XLOC_010905
Upin_00017404	XLOC_010905	XLOC_010905
Upin_00017405	XLOC_010905	XLOC_010905
Upin_00017036	XLOC_011408	XLOC_011408
Upin_00017774	XLOC_011408	XLOC_011408
Upin_00017037	XLOC_011409	XLOC_011409
Upin_00017406	XLOC_010906	XLOC_010906
Upin_00016662	XLOC_010907	XLOC_010907
Upin_00017407	XLOC_010907	XLOC_010907
Upin_00016663	XLOC_010908	XLOC_010908
Upin_00017408	XLOC_010909	XLOC_010909
Upin_00017038	XLOC_011410	XLOC_011410
Upin_00016664	XLOC_010910	XLOC_010910
Upin_00017776	XLOC_011411	XLOC_011411
Upin_00017039	XLOC_011411	XLOC_011411
Upin_00016665	XLOC_010911	XLOC_010911
Upin_00017409	XLOC_010911	XLOC_010911
Upin_00017410	XLOC_010911	XLOC_010911
Upin_00016666	XLOC_010912	XLOC_010912
Upin_00017778	XLOC_011413	XLOC_011413
Upin_00016667	XLOC_010913	XLOC_010913
Upin_00017411	XLOC_010913	XLOC_010913
Upin_00016668	XLOC_010914	XLOC_010914
Upin_00017412	XLOC_010915	XLOC_010915
Upin_00017780	XLOC_011415	XLOC_011415
Upin_00017413	XLOC_010916	XLOC_010916
Upin_00016669	XLOC_010916	XLOC_010916
Upin_00017040	XLOC_011416	XLOC_011416
Upin_00016670	XLOC_010917	XLOC_010917
Upin_00017041	XLOC_011417	XLOC_011417
Upin_00016671	XLOC_010918	XLOC_010918
Upin_00017782	XLOC_011418	XLOC_011418
Upin_00017414	XLOC_010919	XLOC_010919
Upin_00017042	XLOC_011419	XLOC_011419
Upin_00016672	XLOC_010920	XLOC_010920
Upin_00017415	XLOC_010920	XLOC_010920
Upin_00017043	XLOC_011420	XLOC_011420
Upin_00017416	XLOC_010921	XLOC_010921
Upin_00016673	XLOC_010921	XLOC_010921
Upin_00017417	XLOC_010921	XLOC_010921
Upin_00017418	XLOC_010922	XLOC_010922
Upin_00017785	XLOC_011421	XLOC_011421
Upin_00017044	XLOC_011421	XLOC_011421
Upin_00017786	XLOC_011421	XLOC_011421
Upin_00017045	XLOC_011422	XLOC_011422
Upin_00016674	XLOC_010923	XLOC_010923
Upin_00017419	XLOC_010923	XLOC_010923
Upin_00017046	XLOC_011423	XLOC_011423
Upin_00017788	XLOC_011424	XLOC_011424
Upin_00016675	XLOC_010924	XLOC_010924
Upin_00017047	XLOC_011425	XLOC_011425
Upin_00016676	XLOC_010925	XLOC_010925
Upin_00016677	XLOC_010926	XLOC_010926
Upin_00016678	XLOC_010927	XLOC_010927
Upin_00017790	XLOC_011426	XLOC_011426
Upin_00016679	XLOC_010928	XLOC_010928
Upin_00017049	XLOC_011427	XLOC_011427
Upin_00017420	XLOC_010929	XLOC_010929
Upin_00017421	XLOC_010930	XLOC_010930
Upin_00016680	XLOC_010931	XLOC_010931
Upin_00016681	XLOC_010932	XLOC_010932
Upin_00017792	XLOC_011428	XLOC_011428
Upin_00016682	XLOC_010933	XLOC_010933
Upin_00017422	XLOC_010933	XLOC_010933
Upin_00016683	XLOC_010934	XLOC_010934
Upin_00016684	XLOC_010934	XLOC_010934
Upin_00017423	XLOC_010935	XLOC_010935
Upin_00017050	XLOC_011429	XLOC_011429
Upin_00016685	XLOC_010936	XLOC_010936
Upin_00017794	XLOC_011430	XLOC_011430
Upin_00017796	XLOC_011430	XLOC_011430
Upin_00017797	XLOC_011431	XLOC_011431
Upin_00017054	XLOC_011431	XLOC_011431
Upin_00017055	XLOC_011432	XLOC_011432
Upin_00016686	XLOC_010937	XLOC_010937
Upin_00016687	XLOC_010938	XLOC_010938
Upin_00017798	XLOC_011433	XLOC_011433
Upin_00017056	XLOC_011434	XLOC_011434
Upin_00017057	XLOC_011435	XLOC_011435
Upin_00017058	XLOC_011436	XLOC_011436
Upin_00017059	XLOC_011437	XLOC_011437
Upin_00016688	XLOC_010939	XLOC_010939
Upin_00017424	XLOC_010939	XLOC_010939
Upin_00016689	XLOC_010940	XLOC_010940
Upin_00016690	XLOC_010941	XLOC_010941
Upin_00017060	XLOC_011438	XLOC_011438
Upin_00016691	XLOC_010942	XLOC_010942
Upin_00017061	XLOC_011439	XLOC_011439
Upin_00017062	XLOC_011440	XLOC_011440
Upin_00016692	XLOC_010943	XLOC_010943
Upin_00016693	XLOC_010944	XLOC_010944
Upin_00017802	XLOC_011441	XLOC_011441
Upin_00016694	XLOC_010945	XLOC_010945
Upin_00017803	XLOC_011442	XLOC_011442
Upin_00017064	XLOC_011443	XLOC_011443
Upin_00016695	XLOC_010946	XLOC_010946
Upin_00017425	XLOC_010946	XLOC_010946
Upin_00017065	XLOC_011446	XLOC_011446
Upin_00017426	XLOC_010947	XLOC_010947
Upin_00016697	XLOC_010947	XLOC_010947
Upin_00017427	XLOC_010947	XLOC_010947
Upin_00017428	XLOC_010947	XLOC_010947
Upin_00016698	XLOC_010948	XLOC_010948
Upin_00017429	XLOC_010949	XLOC_010949
Upin_00017430	XLOC_010950	XLOC_010950
Upin_00017431	XLOC_010951	XLOC_010951
Upin_00016699	XLOC_010952	XLOC_010952
Upin_00017432	XLOC_010952	XLOC_010952
Upin_00017066	XLOC_011449	XLOC_011449
Upin_00016700	XLOC_010953	XLOC_010953
Upin_00017433	XLOC_010953	XLOC_010953
Upin_00017434	XLOC_010954	XLOC_010954
Upin_00017067	XLOC_011450	XLOC_011450
Upin_00017811	XLOC_011451	XLOC_011451
Upin_00016701	XLOC_010955	XLOC_010955
Upin_00017069	XLOC_011452	XLOC_011452
Upin_00017812	XLOC_011452	XLOC_011452
Upin_00017814	XLOC_011453	XLOC_011453
Upin_00016702	XLOC_010956	XLOC_010956
Upin_00016703	XLOC_010957	XLOC_010957
Upin_00016704	XLOC_010958	XLOC_010958
Upin_00017070	XLOC_011455	XLOC_011455
Upin_00017071	XLOC_011456	XLOC_011456
Upin_00016705	XLOC_010959	XLOC_010959
Upin_00017435	XLOC_010959	XLOC_010959
Upin_00016706	XLOC_010960	XLOC_010960
Upin_00017436	XLOC_010961	XLOC_010961
Upin_00017437	XLOC_010962	XLOC_010962
Upin_00017438	XLOC_010963	XLOC_010963
Upin_00016707	XLOC_010963	XLOC_010963
Upin_00017440	XLOC_010963	XLOC_010963
Upin_00017439	XLOC_010964	XLOC_010964
Upin_00017072	XLOC_011458	XLOC_011458
Upin_00017818	XLOC_011458	XLOC_011458
Upin_00016708	XLOC_010965	XLOC_010965
Upin_00017441	XLOC_010965	XLOC_010965
Upin_00017073	XLOC_011459	XLOC_011459
Upin_00017820	XLOC_011459	XLOC_011459
Upin_00017442	XLOC_010966	XLOC_010966
Upin_00017074	XLOC_011460	XLOC_011460
Upin_00017823	XLOC_011461	XLOC_011461
Upin_00017075	XLOC_011461	XLOC_011461
Upin_00017076	XLOC_011464	XLOC_011464
Upin_00017826	XLOC_011464	XLOC_011464
Upin_00016710	XLOC_010967	XLOC_010967
Upin_00017443	XLOC_010968	XLOC_010968
Upin_00017077	XLOC_011465	XLOC_011465
Upin_00016711	XLOC_010969	XLOC_010969
Upin_00016712	XLOC_010970	XLOC_010970
Upin_00017444	XLOC_010970	XLOC_010970
Upin_00017078	XLOC_011467	XLOC_011467
Upin_00016713	XLOC_010971	XLOC_010971
Upin_00017445	XLOC_010971	XLOC_010971
Upin_00017446	XLOC_010971	XLOC_010971
Upin_00017447	XLOC_010971	XLOC_010971
Upin_00016714	XLOC_010972	XLOC_010972
Upin_00017829	XLOC_011468	XLOC_011468
Upin_00017079	XLOC_011468	XLOC_011468
Upin_00016715	XLOC_010973	XLOC_010973
Upin_00016716	XLOC_010974	XLOC_010974
Upin_00017448	XLOC_010974	XLOC_010974
Upin_00016717	XLOC_010975	XLOC_010975
Upin_00017449	XLOC_010975	XLOC_010975
Upin_00017450	XLOC_010976	XLOC_010976
Upin_00016718	XLOC_010977	XLOC_010977
Upin_00017080	XLOC_011469	XLOC_011469
Upin_00017830	XLOC_011469	XLOC_011469
Upin_00017831	XLOC_011469	XLOC_011469
Upin_00017081	XLOC_011470	XLOC_011470
Upin_00017082	XLOC_011471	XLOC_011471
Upin_00016719	XLOC_010978	XLOC_010978
Upin_00017083	XLOC_011473	XLOC_011473
Upin_00016720	XLOC_010979	XLOC_010979
Upin_00016721	XLOC_010980	XLOC_010980
Upin_00017451	XLOC_010980	XLOC_010980
Upin_00017084	XLOC_011474	XLOC_011474
Upin_00016722	XLOC_010981	XLOC_010981
Upin_00017452	XLOC_010982	XLOC_010982
Upin_00017085	XLOC_011475	XLOC_011475
Upin_00017453	XLOC_010983	XLOC_010983
Upin_00017454	XLOC_010983	XLOC_010983
Upin_00016724	XLOC_010984	XLOC_010984
Upin_00017086	XLOC_011476	XLOC_011476
Upin_00017087	XLOC_011477	XLOC_011477
Upin_00016726	XLOC_010985	XLOC_010985
Upin_00017088	XLOC_011478	XLOC_011478
Upin_00017089	XLOC_011479	XLOC_011479
Upin_00016727	XLOC_010986	XLOC_010986
Upin_00017090	XLOC_011480	XLOC_011480
Upin_00016728	XLOC_010987	XLOC_010987
Upin_00016729	XLOC_010988	XLOC_010988
Upin_00017836	XLOC_011481	XLOC_011481
Upin_00017837	XLOC_011482	XLOC_011482
Upin_00017091	XLOC_011482	XLOC_011482
Upin_00017092	XLOC_011483	XLOC_011483
Upin_00016730	XLOC_010989	XLOC_010989
Upin_00017093	XLOC_011484	XLOC_011484
Upin_00017455	XLOC_010990	XLOC_010990
Upin_00016731	XLOC_010991	XLOC_010991
Upin_00016732	XLOC_010992	XLOC_010992
Upin_00017094	XLOC_011485	XLOC_011485
Upin_00016733	XLOC_010993	XLOC_010993
Upin_00017456	XLOC_010993	XLOC_010993
Upin_00017457	XLOC_010993	XLOC_010993
Upin_00017840	XLOC_011486	XLOC_011486
Upin_00017841	XLOC_011487	XLOC_011487
Upin_00017458	XLOC_010994	XLOC_010994
Upin_00017459	XLOC_010995	XLOC_010995
Upin_00016735	XLOC_010996	XLOC_010996
Upin_00017460	XLOC_010996	XLOC_010996
Upin_00017461	XLOC_010997	XLOC_010997
Upin_00017462	XLOC_010998	XLOC_010998
Upin_00017463	XLOC_010999	XLOC_010999
Upin_00017095	XLOC_011488	XLOC_011488
Upin_00016737	XLOC_011000	XLOC_011000
Upin_00017464	XLOC_011000	XLOC_011000
Upin_00016738	XLOC_011001	XLOC_011001
Upin_00017096	XLOC_011489	XLOC_011489
Upin_00017842	XLOC_011489	XLOC_011489
Upin_00017465	XLOC_011002	XLOC_011002
Upin_00016739	XLOC_011002	XLOC_011002
Upin_00016740	XLOC_011003	XLOC_011003
Upin_00017467	XLOC_011003	XLOC_011003
Upin_00017844	XLOC_011491	XLOC_011491
Upin_00017845	XLOC_011492	XLOC_011492
Upin_00017097	XLOC_011493	XLOC_011493
Upin_00016741	XLOC_011004	XLOC_011004
Upin_00017847	XLOC_011494	XLOC_011494
Upin_00016742	XLOC_011005	XLOC_011005
Upin_00017848	XLOC_011495	XLOC_011495
Upin_00017099	XLOC_011496	XLOC_011496
Upin_00017850	XLOC_011496	XLOC_011496
Upin_00017470	XLOC_011006	XLOC_011006
Upin_00016743	XLOC_011007	XLOC_011007
Upin_00017852	XLOC_011498	XLOC_011498
Upin_00017854	XLOC_011500	XLOC_011500
Upin_00017100	XLOC_011502	XLOC_011502
Upin_00017101	XLOC_011503	XLOC_011503
Upin_00017857	XLOC_011503	XLOC_011503
Upin_00017471	XLOC_011008	XLOC_011008
Upin_00016744	XLOC_011009	XLOC_011009
Upin_00017472	XLOC_011009	XLOC_011009
Upin_00017473	XLOC_011009	XLOC_011009
Upin_00017102	XLOC_011505	XLOC_011505
Upin_00017103	XLOC_011506	XLOC_011506
Upin_00017104	XLOC_011507	XLOC_011507
Upin_00017474	XLOC_011010	XLOC_011010
Upin_00016745	XLOC_011011	XLOC_011011
Upin_00016746	XLOC_011012	XLOC_011012
Upin_00017475	XLOC_011013	XLOC_011013
Upin_00017105	XLOC_011508	XLOC_011508
Upin_00017476	XLOC_011014	XLOC_011014
Upin_00017864	XLOC_011509	XLOC_011509
Upin_00017477	XLOC_011015	XLOC_011015
Upin_00017478	XLOC_011016	XLOC_011016
Upin_00016749	XLOC_011017	XLOC_011017
Upin_00017865	XLOC_011510	XLOC_011510
Upin_00017106	XLOC_011511	XLOC_011511
Upin_00017479	XLOC_011018	XLOC_011018
Upin_00017480	XLOC_011019	XLOC_011019
Upin_00017107	XLOC_011512	XLOC_011512
Upin_00017866	XLOC_011512	XLOC_011512
Upin_00017867	XLOC_011512	XLOC_011512
Upin_00017868	XLOC_011512	XLOC_011512
Upin_00017869	XLOC_011512	XLOC_011512
Upin_00017481	XLOC_011020	XLOC_011020
Upin_00017482	XLOC_011021	XLOC_011021
Upin_00017108	XLOC_011513	XLOC_011513
Upin_00017483	XLOC_011022	XLOC_011022
Upin_00016751	XLOC_011022	XLOC_011022
Upin_00017484	XLOC_011023	XLOC_011023
Upin_00017485	XLOC_011024	XLOC_011024
Upin_00016752	XLOC_011024	XLOC_011024
Upin_00017486	XLOC_011024	XLOC_011024
Upin_00017109	XLOC_011516	XLOC_011516
Upin_00017873	XLOC_011516	XLOC_011516
Upin_00016753	XLOC_011025	XLOC_011025
Upin_00017110	XLOC_011517	XLOC_011517
Upin_00017876	XLOC_011517	XLOC_011517
Upin_00016754	XLOC_011026	XLOC_011026
Upin_00017487	XLOC_011026	XLOC_011026
Upin_00017488	XLOC_011026	XLOC_011026
Upin_00017111	XLOC_011518	XLOC_011518
Upin_00017877	XLOC_011519	XLOC_011519
Upin_00017112	XLOC_011520	XLOC_011520
Upin_00017878	XLOC_011520	XLOC_011520
Upin_00017489	XLOC_011027	XLOC_011027
Upin_00017490	XLOC_011028	XLOC_011028
Upin_00016755	XLOC_011028	XLOC_011028
Upin_00017491	XLOC_011028	XLOC_011028
Upin_00017113	XLOC_011521	XLOC_011521
Upin_00016756	XLOC_011029	XLOC_011029
Upin_00017114	XLOC_011522	XLOC_011522
Upin_00017881	XLOC_011522	XLOC_011522
Upin_00017115	XLOC_011523	XLOC_011523
Upin_00016757	XLOC_011030	XLOC_011030
Upin_00017492	XLOC_011030	XLOC_011030
Upin_00017493	XLOC_011030	XLOC_011030
Upin_00017494	XLOC_011031	XLOC_011031
Upin_00016758	XLOC_011033	XLOC_011033
Upin_00017496	XLOC_011033	XLOC_011033
Upin_00016759	XLOC_011034	XLOC_011034
Upin_00016760	XLOC_011035	XLOC_011035
Upin_00016761	XLOC_011036	XLOC_011036
Upin_00016762	XLOC_011037	XLOC_011037
Upin_00017116	XLOC_011525	XLOC_011525
Upin_00017117	XLOC_011526	XLOC_011526
Upin_00017884	XLOC_011526	XLOC_011526
Upin_00017498	XLOC_011039	XLOC_011039
Upin_00017499	XLOC_011040	XLOC_011040
Upin_00016763	XLOC_011041	XLOC_011041
Upin_00016764	XLOC_011042	XLOC_011042
Upin_00016765	XLOC_011043	XLOC_011043
Upin_00016766	XLOC_011044	XLOC_011044
Upin_00017118	XLOC_011527	XLOC_011527
Upin_00017500	XLOC_011045	XLOC_011045
Upin_00017119	XLOC_011528	XLOC_011528
Upin_00017888	XLOC_011528	XLOC_011528
Upin_00017501	XLOC_011046	XLOC_011046
Upin_00016767	XLOC_011047	XLOC_011047
Upin_00017120	XLOC_011529	XLOC_011529
Upin_00016768	XLOC_011048	XLOC_011048
Upin_00017502	XLOC_011048	XLOC_011048
Upin_00017890	XLOC_011530	XLOC_011530
Upin_00017121	XLOC_011531	XLOC_011531
Upin_00017503	XLOC_011049	XLOC_011049
Upin_00017122	XLOC_011532	XLOC_011532
Upin_00016769	XLOC_011050	XLOC_011050
Upin_00017504	XLOC_011051	XLOC_011051
Upin_00017123	XLOC_011534	XLOC_011534
Upin_00016770	XLOC_011052	XLOC_011052
Upin_00017124	XLOC_011535	XLOC_011535
Upin_00016771	XLOC_011053	XLOC_011053
Upin_00016772	XLOC_011054	XLOC_011054
Upin_00017506	XLOC_011054	XLOC_011054
Upin_00016773	XLOC_011055	XLOC_011055
Upin_00017507	XLOC_011056	XLOC_011056
Upin_00017125	XLOC_011536	XLOC_011536
Upin_00017508	XLOC_011057	XLOC_011057
Upin_00016774	XLOC_011058	XLOC_011058
Upin_00017126	XLOC_011537	XLOC_011537
Upin_00017127	XLOC_011538	XLOC_011538
Upin_00016775	XLOC_011059	XLOC_011059
Upin_00017509	XLOC_011059	XLOC_011059
Upin_00017895	XLOC_011539	XLOC_011539
Upin_00016776	XLOC_011060	XLOC_011060
Upin_00017510	XLOC_011060	XLOC_011060
Upin_00017128	XLOC_011540	XLOC_011540
Upin_00017129	XLOC_011541	XLOC_011541
Upin_00016777	XLOC_011061	XLOC_011061
Upin_00017897	XLOC_011542	XLOC_011542
Upin_00016778	XLOC_011062	XLOC_011062
Upin_00017511	XLOC_011062	XLOC_011062
Upin_00017512	XLOC_011062	XLOC_011062
Upin_00016779	XLOC_011063	XLOC_011063
Upin_00017513	XLOC_011064	XLOC_011064
Upin_00017514	XLOC_011065	XLOC_011065
Upin_00016781	XLOC_011066	XLOC_011066
Upin_00017130	XLOC_011543	XLOC_011543
Upin_00017131	XLOC_011544	XLOC_011544
Upin_00016782	XLOC_011067	XLOC_011067
Upin_00017132	XLOC_011547	XLOC_011547
Upin_00016783	XLOC_011068	XLOC_011068
Upin_00017901	XLOC_011548	XLOC_011548
Upin_00016784	XLOC_011069	XLOC_011069
Upin_00017515	XLOC_011069	XLOC_011069
Upin_00017902	XLOC_011549	XLOC_011549
Upin_00017133	XLOC_011549	XLOC_011549
Upin_00016785	XLOC_011070	XLOC_011070
Upin_00017134	XLOC_011550	XLOC_011550
Upin_00017135	XLOC_011551	XLOC_011551
Upin_00017136	XLOC_011552	XLOC_011552
Upin_00017516	XLOC_011071	XLOC_011071
Upin_00017517	XLOC_011071	XLOC_011071
Upin_00017137	XLOC_011553	XLOC_011553
Upin_00017138	XLOC_011554	XLOC_011554
Upin_00017903	XLOC_011554	XLOC_011554
Upin_00016786	XLOC_011072	XLOC_011072
Upin_00017518	XLOC_011072	XLOC_011072
Upin_00016787	XLOC_011073	XLOC_011073
Upin_00017139	XLOC_011555	XLOC_011555
Upin_00016788	XLOC_011074	XLOC_011074
Upin_00017519	XLOC_011074	XLOC_011074
Upin_00016789	XLOC_011075	XLOC_011075
Upin_00017520	XLOC_011075	XLOC_011075
Upin_00017904	XLOC_011556	XLOC_011556
Upin_00017140	XLOC_011556	XLOC_011556
Upin_00016790	XLOC_011076	XLOC_011076
Upin_00016791	XLOC_011077	XLOC_011077
Upin_00017141	XLOC_011557	XLOC_011557
Upin_00017521	XLOC_011078	XLOC_011078
Upin_00017142	XLOC_011558	XLOC_011558
Upin_00017905	XLOC_011558	XLOC_011558
Upin_00016792	XLOC_011079	XLOC_011079
Upin_00016793	XLOC_011080	XLOC_011080
Upin_00017143	XLOC_011559	XLOC_011559
Upin_00017144	XLOC_011560	XLOC_011560
Upin_00017522	XLOC_011081	XLOC_011081
Upin_00016794	XLOC_011082	XLOC_011082
Upin_00017907	XLOC_011561	XLOC_011561
Upin_00016795	XLOC_011083	XLOC_011083
Upin_00017523	XLOC_011083	XLOC_011083
Upin_00017145	XLOC_011562	XLOC_011562
Upin_00017146	XLOC_011563	XLOC_011563
Upin_00017909	XLOC_011564	XLOC_011564
Upin_00017147	XLOC_011564	XLOC_011564
Upin_00017524	XLOC_011084	XLOC_011084
Upin_00017148	XLOC_011565	XLOC_011565
Upin_00017913	XLOC_011566	XLOC_011566
Upin_00017149	XLOC_011567	XLOC_011567
Upin_00017915	XLOC_011567	XLOC_011567
Upin_00016796	XLOC_011085	XLOC_011085
Upin_00017525	XLOC_011085	XLOC_011085
Upin_00017150	XLOC_011568	XLOC_011568
Upin_00017151	XLOC_011569	XLOC_011569
Upin_00016797	XLOC_011086	XLOC_011086
Upin_00017526	XLOC_011086	XLOC_011086
Upin_00017527	XLOC_011086	XLOC_011086
Upin_00017152	XLOC_011570	XLOC_011570
Upin_00017153	XLOC_011571	XLOC_011571
Upin_00017154	XLOC_011572	XLOC_011572
Upin_00017155	XLOC_011573	XLOC_011573
Upin_00016798	XLOC_011087	XLOC_011087
Upin_00017156	XLOC_011574	XLOC_011574
Upin_00017529	XLOC_011088	XLOC_011088
Upin_00016799	XLOC_011089	XLOC_011089
Upin_00017530	XLOC_011090	XLOC_011090
Upin_00016800	XLOC_011090	XLOC_011090
Upin_00017918	XLOC_011575	XLOC_011575
Upin_00017531	XLOC_011091	XLOC_011091
Upin_00017532	XLOC_011092	XLOC_011092
Upin_00017533	XLOC_011093	XLOC_011093
Upin_00017157	XLOC_011576	XLOC_011576
Upin_00016802	XLOC_011094	XLOC_011094
Upin_00016803	XLOC_011095	XLOC_011095
Upin_00017158	XLOC_011577	XLOC_011577
Upin_00016804	XLOC_011096	XLOC_011096
Upin_00017919	XLOC_011578	XLOC_011578
Upin_00017159	XLOC_011579	XLOC_011579
Upin_00017920	XLOC_011580	XLOC_011580
Upin_00017921	XLOC_011581	XLOC_011581
Upin_00017922	XLOC_011582	XLOC_011582
Upin_00017923	XLOC_011583	XLOC_011583
Upin_00017924	XLOC_011584	XLOC_011584
Upin_00017925	XLOC_011585	XLOC_011585
Upin_00017926	XLOC_011586	XLOC_011586
Upin_00017160	XLOC_011587	XLOC_011587
Upin_00017927	XLOC_011587	XLOC_011587
Upin_00017928	XLOC_011587	XLOC_011587
Upin_00016805	XLOC_011097	XLOC_011097
Upin_00017534	XLOC_011097	XLOC_011097
Upin_00017535	XLOC_011097	XLOC_011097
Upin_00017536	XLOC_011097	XLOC_011097
Upin_00017537	XLOC_011097	XLOC_011097
Upin_00016806	XLOC_011098	XLOC_011098
Upin_00016807	XLOC_011099	XLOC_011099
Upin_00017161	XLOC_011588	XLOC_011588
Upin_00017931	XLOC_011588	XLOC_011588
Upin_00017934	XLOC_011589	XLOC_011589
Upin_00017162	XLOC_011589	XLOC_011589
Upin_00017935	XLOC_011590	XLOC_011590
Upin_00017538	XLOC_011100	XLOC_011100
Upin_00016808	XLOC_011100	XLOC_011100
Upin_00016809	XLOC_011101	XLOC_011101
Upin_00017936	XLOC_011591	XLOC_011591
Upin_00016810	XLOC_011102	XLOC_011102
Upin_00017163	XLOC_011592	XLOC_011592
Upin_00017164	XLOC_011593	XLOC_011593
Upin_00017165	XLOC_011594	XLOC_011594
Upin_00016811	XLOC_011103	XLOC_011103
Upin_00017539	XLOC_011104	XLOC_011104
Upin_00017938	XLOC_011595	XLOC_011595
Upin_00017939	XLOC_011596	XLOC_011596
Upin_00017166	XLOC_011596	XLOC_011596
Upin_00017540	XLOC_011105	XLOC_011105
Upin_00016812	XLOC_011105	XLOC_011105
Upin_00017167	XLOC_011597	XLOC_011597
Upin_00017941	XLOC_011597	XLOC_011597
Upin_00017942	XLOC_011597	XLOC_011597
Upin_00017943	XLOC_011598	XLOC_011598
Upin_00017944	XLOC_011599	XLOC_011599
Upin_00017168	XLOC_011599	XLOC_011599
Upin_00017543	XLOC_011107	XLOC_011107
Upin_00016813	XLOC_011107	XLOC_011107
Upin_00017544	XLOC_011107	XLOC_011107
Upin_00017945	XLOC_011600	XLOC_011600
Upin_00016814	XLOC_011108	XLOC_011108
Upin_00016815	XLOC_011109	XLOC_011109
Upin_00016816	XLOC_011110	XLOC_011110
Upin_00017545	XLOC_011111	XLOC_011111
Upin_00016818	XLOC_011112	XLOC_011112
Upin_00017546	XLOC_011112	XLOC_011112
Upin_00016819	XLOC_011113	XLOC_011113
Upin_00017547	XLOC_011113	XLOC_011113
Upin_00016820	XLOC_011114	XLOC_011114
Upin_00017548	XLOC_011114	XLOC_011114
Upin_00017549	XLOC_011115	XLOC_011115
Upin_00016821	XLOC_011116	XLOC_011116
Upin_00017169	XLOC_011601	XLOC_011601
Upin_00017947	XLOC_011601	XLOC_011601
Upin_00017550	XLOC_011117	XLOC_011117
Upin_00016823	XLOC_011118	XLOC_011118
Upin_00017948	XLOC_011602	XLOC_011602
Upin_00017551	XLOC_011119	XLOC_011119
Upin_00016824	XLOC_011119	XLOC_011119
Upin_00017170	XLOC_011603	XLOC_011603
Upin_00017949	XLOC_011604	XLOC_011604
Upin_00017171	XLOC_011604	XLOC_011604
Upin_00017172	XLOC_011605	XLOC_011605
Upin_00016825	XLOC_011120	XLOC_011120
Upin_00016826	XLOC_011121	XLOC_011121
Upin_00017552	XLOC_011121	XLOC_011121
Upin_00016827	XLOC_011122	XLOC_011122
Upin_00017173	XLOC_011608	XLOC_011608
Upin_00017553	XLOC_011123	XLOC_011123
Upin_00016829	XLOC_011123	XLOC_011123
Upin_00016828	XLOC_011123	XLOC_011123
Upin_00017174	XLOC_011609	XLOC_011609
Upin_00017175	XLOC_011610	XLOC_011610
Upin_00016830	XLOC_011124	XLOC_011124
Upin_00017554	XLOC_011125	XLOC_011125
Upin_00016831	XLOC_011125	XLOC_011125
Upin_00017177	XLOC_011611	XLOC_011611
Upin_00016832	XLOC_011126	XLOC_011126
Upin_00017178	XLOC_011612	XLOC_011612
Upin_00017954	XLOC_011612	XLOC_011612
Upin_00016833	XLOC_011127	XLOC_011127
Upin_00017180	XLOC_011615	XLOC_011615
Upin_00017956	XLOC_011615	XLOC_011615
Upin_00017957	XLOC_011615	XLOC_011615
Upin_00017556	XLOC_011129	XLOC_011129
Upin_00017181	XLOC_011616	XLOC_011616
Upin_00016834	XLOC_011130	XLOC_011130
Upin_00017182	XLOC_011617	XLOC_011617
Upin_00017557	XLOC_011131	XLOC_011131
Upin_00017183	XLOC_011618	XLOC_011618
Upin_00017958	XLOC_011619	XLOC_011619
Upin_00017184	XLOC_011620	XLOC_011620
Upin_00016836	XLOC_011132	XLOC_011132
Upin_00017185	XLOC_011621	XLOC_011621
Upin_00016837	XLOC_011133	XLOC_011133
Upin_00017960	XLOC_011622	XLOC_011622
Upin_00016838	XLOC_011134	XLOC_011134
Upin_00017558	XLOC_011134	XLOC_011134
Upin_00017559	XLOC_011135	XLOC_011135
Upin_00017187	XLOC_011623	XLOC_011623
Upin_00017560	XLOC_011136	XLOC_011136
Upin_00016839	XLOC_011136	XLOC_011136
Upin_00017961	XLOC_011624	XLOC_011624
Upin_00017188	XLOC_011624	XLOC_011624
Upin_00016841	XLOC_011139	XLOC_011139
Upin_00017962	XLOC_011625	XLOC_011625
Upin_00017562	XLOC_011140	XLOC_011140
Upin_00017563	XLOC_011141	XLOC_011141
Upin_00017963	XLOC_011626	XLOC_011626
Upin_00017190	XLOC_011627	XLOC_011627
Upin_00017564	XLOC_011142	XLOC_011142
Upin_00016842	XLOC_011142	XLOC_011142
Upin_00017565	XLOC_011142	XLOC_011142
Upin_00017566	XLOC_011142	XLOC_011142
Upin_00017191	XLOC_011628	XLOC_011628
Upin_00016843	XLOC_011143	XLOC_011143
Upin_00017192	XLOC_011629	XLOC_011629
Upin_00017567	XLOC_011144	XLOC_011144
Upin_00017568	XLOC_011145	XLOC_011145
Upin_00017569	XLOC_011146	XLOC_011146
Upin_00016845	XLOC_011146	XLOC_011146
Upin_00017570	XLOC_011147	XLOC_011147
Upin_00017965	XLOC_011630	XLOC_011630
Upin_00017571	XLOC_011148	XLOC_011148
Upin_00017572	XLOC_011149	XLOC_011149
Upin_00017966	XLOC_011631	XLOC_011631
Upin_00016846	XLOC_011150	XLOC_011150
Upin_00017967	XLOC_011632	XLOC_011632
Upin_00017573	XLOC_011151	XLOC_011151
Upin_00017574	XLOC_011152	XLOC_011152
Upin_00017194	XLOC_011633	XLOC_011633
Upin_00017969	XLOC_011634	XLOC_011634
Upin_00017195	XLOC_011634	XLOC_011634
Upin_00016847	XLOC_011153	XLOC_011153
Upin_00016848	XLOC_011154	XLOC_011154
Upin_00017196	XLOC_011635	XLOC_011635
Upin_00017576	XLOC_011155	XLOC_011155
Upin_00017197	XLOC_011636	XLOC_011636
Upin_00017577	XLOC_011156	XLOC_011156
Upin_00016850	XLOC_011157	XLOC_011157
Upin_00017578	XLOC_011157	XLOC_011157
Upin_00017198	XLOC_011637	XLOC_011637
Upin_00017199	XLOC_011638	XLOC_011638
Upin_00017200	XLOC_011639	XLOC_011639
Upin_00016851	XLOC_011158	XLOC_011158
Upin_00016852	XLOC_011159	XLOC_011159
Upin_00017580	XLOC_011159	XLOC_011159
Upin_00016853	XLOC_011160	XLOC_011160
Upin_00017581	XLOC_011161	XLOC_011161
Upin_00017582	XLOC_011162	XLOC_011162
Upin_00017583	XLOC_011163	XLOC_011163
Upin_00017584	XLOC_011164	XLOC_011164
Upin_00017974	XLOC_011641	XLOC_011641
Upin_00017585	XLOC_011166	XLOC_011166
Upin_00017201	XLOC_011642	XLOC_011642
Upin_00017202	XLOC_011643	XLOC_011643
Upin_00017203	XLOC_011644	XLOC_011644
Upin_00017586	XLOC_011167	XLOC_011167
Upin_00017204	XLOC_011645	XLOC_011645
Upin_00017976	XLOC_011646	XLOC_011646
Upin_00017205	XLOC_011647	XLOC_011647
Upin_00016856	XLOC_011168	XLOC_011168
Upin_00017206	XLOC_011648	XLOC_011648
Upin_00016857	XLOC_011169	XLOC_011169
Upin_00017587	XLOC_011169	XLOC_011169
Upin_00017588	XLOC_011169	XLOC_011169
Upin_00017589	XLOC_011169	XLOC_011169
Upin_00016858	XLOC_011170	XLOC_011170
Upin_00016859	XLOC_011171	XLOC_011171
Upin_00017590	XLOC_011172	XLOC_011172
Upin_00017208	XLOC_011650	XLOC_011650
Upin_00016860	XLOC_011173	XLOC_011173
Upin_00017591	XLOC_011173	XLOC_011173
Upin_00017209	XLOC_011651	XLOC_011651
Upin_00016861	XLOC_011174	XLOC_011174
Upin_00017210	XLOC_011652	XLOC_011652
Upin_00017211	XLOC_011653	XLOC_011653
Upin_00017212	XLOC_011654	XLOC_011654
Upin_00017213	XLOC_011655	XLOC_011655
Upin_00016862	XLOC_011175	XLOC_011175
Upin_00017214	XLOC_011656	XLOC_011656
Upin_00017979	XLOC_011656	XLOC_011656
Upin_00017592	XLOC_011176	XLOC_011176
Upin_00017593	XLOC_011177	XLOC_011177
Upin_00017980	XLOC_011657	XLOC_011657
Upin_00017215	XLOC_011658	XLOC_011658
Upin_00017594	XLOC_011178	XLOC_011178
Upin_00016863	XLOC_011178	XLOC_011178
Upin_00017216	XLOC_011660	XLOC_011660
Upin_00016864	XLOC_011179	XLOC_011179
Upin_00017595	XLOC_011179	XLOC_011179
Upin_00017596	XLOC_011179	XLOC_011179
Upin_00017217	XLOC_011661	XLOC_011661
Upin_00017597	XLOC_011180	XLOC_011180
Upin_00016865	XLOC_011180	XLOC_011180
Upin_00017218	XLOC_011662	XLOC_011662
Upin_00017984	XLOC_011662	XLOC_011662
Upin_00016866	XLOC_011181	XLOC_011181
Upin_00017598	XLOC_011181	XLOC_011181
Upin_00017219	XLOC_011663	XLOC_011663
Upin_00017985	XLOC_011664	XLOC_011664
Upin_00017986	XLOC_011665	XLOC_011665
Upin_00017987	XLOC_011666	XLOC_011666
Upin_00017988	XLOC_011667	XLOC_011667
Upin_00017222	XLOC_011668	XLOC_011668
Upin_00017989	XLOC_011669	XLOC_011669
Upin_00017223	XLOC_011669	XLOC_011669
Upin_00017990	XLOC_011669	XLOC_011669
Upin_00017991	XLOC_011669	XLOC_011669
Upin_00016867	XLOC_011182	XLOC_011182
Upin_00017599	XLOC_011182	XLOC_011182
Upin_00017992	XLOC_011670	XLOC_011670
Upin_00017224	XLOC_011671	XLOC_011671
Upin_00017225	XLOC_011672	XLOC_011672
Upin_00016868	XLOC_011183	XLOC_011183
Upin_00017600	XLOC_011183	XLOC_011183
Upin_00016869	XLOC_011184	XLOC_011184
Upin_00017226	XLOC_011673	XLOC_011673
Upin_00017602	XLOC_011185	XLOC_011185
Upin_00016870	XLOC_011185	XLOC_011185
Upin_00017994	XLOC_011674	XLOC_011674
Upin_00017227	XLOC_011674	XLOC_011674
Upin_00017995	XLOC_011674	XLOC_011674
Upin_00017228	XLOC_011675	XLOC_011675
Upin_00017996	XLOC_011676	XLOC_011676
Upin_00017230	XLOC_011677	XLOC_011677
Upin_00017998	XLOC_011678	XLOC_011678
Upin_00017231	XLOC_011678	XLOC_011678
Upin_00017603	XLOC_011186	XLOC_011186
Upin_00017232	XLOC_011679	XLOC_011679
Upin_00017999	XLOC_011680	XLOC_011680
Upin_00018000	XLOC_011681	XLOC_011681
Upin_00016871	XLOC_011187	XLOC_011187
Upin_00017233	XLOC_011682	XLOC_011682
Upin_00018001	XLOC_011682	XLOC_011682
Upin_00016872	XLOC_011188	XLOC_011188
Upin_00018002	XLOC_011683	XLOC_011683
Upin_00017234	XLOC_011684	XLOC_011684
Upin_00018003	XLOC_011685	XLOC_011685
Upin_00017235	XLOC_011685	XLOC_011685
Upin_00016873	XLOC_011189	XLOC_011189
Upin_00017604	XLOC_011189	XLOC_011189
Upin_00017236	XLOC_011686	XLOC_011686
Upin_00018004	XLOC_011686	XLOC_011686
Upin_00017605	XLOC_011190	XLOC_011190
Upin_00018005	XLOC_011687	XLOC_011687
Upin_00017237	XLOC_011687	XLOC_011687
Upin_00017606	XLOC_011191	XLOC_011191
Upin_00016875	XLOC_011191	XLOC_011191
Upin_00017607	XLOC_011191	XLOC_011191
Upin_00017608	XLOC_011191	XLOC_011191
Upin_00017609	XLOC_011191	XLOC_011191
Upin_00017610	XLOC_011192	XLOC_011192
Upin_00017238	XLOC_011688	XLOC_011688
Upin_00018006	XLOC_011688	XLOC_011688
Upin_00016876	XLOC_011193	XLOC_011193
Upin_00017239	XLOC_011689	XLOC_011689
Upin_00018007	XLOC_011689	XLOC_011689
Upin_00017240	XLOC_011690	XLOC_011690
Upin_00017611	XLOC_011194	XLOC_011194
Upin_00018008	XLOC_011691	XLOC_011691
Upin_00017241	XLOC_011692	XLOC_011692
Upin_00018009	XLOC_011692	XLOC_011692
Upin_00018010	XLOC_011693	XLOC_011693
Upin_00018011	XLOC_011694	XLOC_011694
Upin_00016878	XLOC_011195	XLOC_011195
Upin_00017612	XLOC_011195	XLOC_011195
Upin_00018012	XLOC_011695	XLOC_011695
Upin_00017242	XLOC_011695	XLOC_011695
Upin_00017614	XLOC_011197	XLOC_011197
Upin_00017243	XLOC_011696	XLOC_011696
Upin_00017244	XLOC_011697	XLOC_011697
Upin_00017245	XLOC_011698	XLOC_011698
Upin_00017246	XLOC_011699	XLOC_011699
Upin_00017247	XLOC_011700	XLOC_011700
Upin_00018013	XLOC_011701	XLOC_011701
Upin_00017615	XLOC_011198	XLOC_011198
Upin_00018014	XLOC_011702	XLOC_011702
Upin_00016880	XLOC_011199	XLOC_011199
Upin_00017616	XLOC_011199	XLOC_011199
Upin_00018015	XLOC_011703	XLOC_011703
Upin_00017248	XLOC_011703	XLOC_011703
Upin_00016881	XLOC_011200	XLOC_011200
Upin_00018016	XLOC_011704	XLOC_011704
Upin_00017249	XLOC_011705	XLOC_011705
Upin_00018017	XLOC_011706	XLOC_011706
Upin_00018018	XLOC_011707	XLOC_011707
Upin_00017617	XLOC_011201	XLOC_011201
Upin_00016882	XLOC_011201	XLOC_011201
Upin_00018019	XLOC_011708	XLOC_011708
Upin_00017250	XLOC_011708	XLOC_011708
Upin_00018020	XLOC_011708	XLOC_011708
Upin_00017618	XLOC_011202	XLOC_011202
Upin_00016883	XLOC_011203	XLOC_011203
Upin_00017619	XLOC_011203	XLOC_011203
Upin_00017251	XLOC_011709	XLOC_011709
Upin_00016884	XLOC_011204	XLOC_011204
Upin_00017252	XLOC_011710	XLOC_011710
Upin_00018021	XLOC_011710	XLOC_011710
Upin_00017253	XLOC_011711	XLOC_011711
Upin_00018022	XLOC_011711	XLOC_011711
Upin_00017620	XLOC_011205	XLOC_011205
Upin_00016885	XLOC_011206	XLOC_011206
Upin_00017621	XLOC_011206	XLOC_011206
Upin_00017622	XLOC_011207	XLOC_011207
Upin_00016886	XLOC_011208	XLOC_011208
Upin_00017623	XLOC_011208	XLOC_011208
Upin_00018023	XLOC_011712	XLOC_011712
Upin_00017624	XLOC_011209	XLOC_011209
Upin_00016887	XLOC_011209	XLOC_011209
Upin_00017625	XLOC_011210	XLOC_011210
Upin_00017626	XLOC_011211	XLOC_011211
Upin_00017627	XLOC_011212	XLOC_011212
Upin_00017255	XLOC_011713	XLOC_011713
Upin_00016888	XLOC_011213	XLOC_011213
Upin_00018024	XLOC_011714	XLOC_011714
Upin_00016889	XLOC_011214	XLOC_011214
Upin_00017256	XLOC_011715	XLOC_011715
Upin_00017257	XLOC_011716	XLOC_011716
Upin_00016890	XLOC_011215	XLOC_011215
Upin_00016891	XLOC_011216	XLOC_011216
Upin_00017258	XLOC_011717	XLOC_011717
Upin_00018025	XLOC_011718	XLOC_011718
Upin_00016892	XLOC_011217	XLOC_011217
Upin_00017259	XLOC_011719	XLOC_011719
Upin_00018026	XLOC_011719	XLOC_011719
Upin_00018027	XLOC_011719	XLOC_011719
Upin_00016893	XLOC_011218	XLOC_011218
Upin_00017628	XLOC_011218	XLOC_011218
Upin_00018028	XLOC_011720	XLOC_011720
Upin_00016894	XLOC_011219	XLOC_011219
Upin_00017260	XLOC_011721	XLOC_011721
Upin_00018029	XLOC_011721	XLOC_011721
Upin_00017629	XLOC_011220	XLOC_011220
Upin_00017630	XLOC_011221	XLOC_011221
Upin_00017261	XLOC_011722	XLOC_011722
Upin_00017262	XLOC_011723	XLOC_011723
Upin_00017263	XLOC_011724	XLOC_011724
Upin_00017264	XLOC_011725	XLOC_011725
Upin_00018030	XLOC_011725	XLOC_011725
Upin_00016895	XLOC_011222	XLOC_011222
Upin_00017631	XLOC_011222	XLOC_011222
Upin_00018031	XLOC_011726	XLOC_011726
Upin_00017265	XLOC_011726	XLOC_011726
Upin_00017267	XLOC_011728	XLOC_011728
Upin_00017632	XLOC_011223	XLOC_011223
Upin_00018032	XLOC_011729	XLOC_011729
Upin_00017268	XLOC_011729	XLOC_011729
Upin_00018033	XLOC_011729	XLOC_011729
Upin_00016896	XLOC_011224	XLOC_011224
Upin_00017633	XLOC_011225	XLOC_011225
Upin_00016897	XLOC_011226	XLOC_011226
Upin_00017634	XLOC_011226	XLOC_011226
Upin_00018034	XLOC_011730	XLOC_011730
Upin_00016899	XLOC_011227	XLOC_011227
Upin_00017635	XLOC_011228	XLOC_011228
Upin_00016900	XLOC_011228	XLOC_011228
Upin_00018035	XLOC_011731	XLOC_011731
Upin_00018036	XLOC_011732	XLOC_011732
Upin_00017269	XLOC_011732	XLOC_011732
Upin_00017636	XLOC_011229	XLOC_011229
Upin_00016901	XLOC_011230	XLOC_011230
Upin_00017637	XLOC_011230	XLOC_011230
Upin_00017638	XLOC_011231	XLOC_011231
Upin_00017270	XLOC_011733	XLOC_011733
Upin_00016902	XLOC_011232	XLOC_011232
Upin_00017639	XLOC_011232	XLOC_011232
Upin_00017271	XLOC_011734	XLOC_011734
Upin_00018037	XLOC_011734	XLOC_011734
Upin_00018038	XLOC_011735	XLOC_011735
Upin_00017640	XLOC_011233	XLOC_011233
Upin_00016903	XLOC_011233	XLOC_011233
Upin_00017272	XLOC_011736	XLOC_011736
Upin_00018039	XLOC_011736	XLOC_011736
Upin_00016904	XLOC_011234	XLOC_011234
Upin_00017641	XLOC_011234	XLOC_011234
Upin_00017642	XLOC_011234	XLOC_011234
Upin_00016905	XLOC_011235	XLOC_011235
Upin_00018040	XLOC_011737	XLOC_011737
Upin_00016906	XLOC_011236	XLOC_011236
Upin_00017643	XLOC_011236	XLOC_011236
Upin_00017644	XLOC_011237	XLOC_011237
Upin_00018041	XLOC_011738	XLOC_011738
Upin_00017274	XLOC_011738	XLOC_011738
Upin_00017275	XLOC_011739	XLOC_011739
Upin_00016907	XLOC_011238	XLOC_011238
Upin_00017645	XLOC_011238	XLOC_011238
Upin_00017276	XLOC_011740	XLOC_011740
Upin_00018042	XLOC_011741	XLOC_011741
Upin_00018043	XLOC_011742	XLOC_011742
Upin_00018044	XLOC_011743	XLOC_011743
Upin_00018045	XLOC_011744	XLOC_011744
Upin_00017277	XLOC_011745	XLOC_011745
Upin_00017279	XLOC_011746	XLOC_011746
Upin_00018046	XLOC_011746	XLOC_011746
Upin_00018047	XLOC_011747	XLOC_011747
Upin_00017646	XLOC_011239	XLOC_011239
Upin_00017647	XLOC_011240	XLOC_011240
Upin_00017280	XLOC_011748	XLOC_011748
Upin_00016908	XLOC_011241	XLOC_011241
Upin_00016909	XLOC_011242	XLOC_011242
Upin_00016910	XLOC_011243	XLOC_011243
Upin_00017281	XLOC_011749	XLOC_011749
Upin_00016911	XLOC_011244	XLOC_011244
Upin_00017282	XLOC_011750	XLOC_011750
Upin_00018049	XLOC_011750	XLOC_011750
Upin_00017648	XLOC_011245	XLOC_011245
Upin_00018050	XLOC_011751	XLOC_011751
Upin_00018051	XLOC_011751	XLOC_011751
Upin_00017283	XLOC_011752	XLOC_011752
Upin_00017284	XLOC_011753	XLOC_011753
Upin_00018052	XLOC_011754	XLOC_011754
Upin_00016912	XLOC_011246	XLOC_011246
Upin_00017649	XLOC_011247	XLOC_011247
Upin_00016915	XLOC_011248	XLOC_011248
Upin_00017650	XLOC_011249	XLOC_011249
Upin_00016916	XLOC_011249	XLOC_011249
Upin_00017285	XLOC_011755	XLOC_011755
Upin_00018053	XLOC_011755	XLOC_011755
Upin_00016917	XLOC_011250	XLOC_011250
Upin_00017651	XLOC_011250	XLOC_011250
Upin_00017652	XLOC_011250	XLOC_011250
Upin_00017653	XLOC_011250	XLOC_011250
Upin_00017654	XLOC_011251	XLOC_011251
Upin_00017286	XLOC_011756	XLOC_011756
Upin_00016918	XLOC_011252	XLOC_011252
Upin_00017655	XLOC_011252	XLOC_011252
Upin_00017657	XLOC_011252	XLOC_011252
Upin_00017658	XLOC_011252	XLOC_011252
Upin_00017659	XLOC_011252	XLOC_011252
Upin_00017656	XLOC_011253	XLOC_011253
Upin_00016919	XLOC_011254	XLOC_011254
Upin_00018054	XLOC_011757	XLOC_011757
Upin_00017287	XLOC_011758	XLOC_011758
Upin_00018055	XLOC_011758	XLOC_011758
Upin_00018056	XLOC_011759	XLOC_011759
Upin_00016920	XLOC_011255	XLOC_011255
Upin_00017661	XLOC_011255	XLOC_011255
Upin_00018057	XLOC_011760	XLOC_011760
Upin_00017288	XLOC_011761	XLOC_011761
Upin_00017289	XLOC_011762	XLOC_011762
Upin_00018058	XLOC_011762	XLOC_011762
Upin_00017662	XLOC_011256	XLOC_011256
Upin_00017663	XLOC_011257	XLOC_011257
Upin_00017290	XLOC_011763	XLOC_011763
Upin_00016921	XLOC_011258	XLOC_011258
Upin_00017291	XLOC_011764	XLOC_011764
Upin_00017292	XLOC_011765	XLOC_011765
Upin_00016922	XLOC_011259	XLOC_011259
Upin_00017664	XLOC_011260	XLOC_011260
Upin_00016923	XLOC_011261	XLOC_011261
Upin_00017665	XLOC_011261	XLOC_011261
Upin_00016924	XLOC_011262	XLOC_011262
Upin_00017293	XLOC_011766	XLOC_011766
Upin_00016925	XLOC_011263	XLOC_011263
Upin_00017666	XLOC_011263	XLOC_011263
Upin_00017667	XLOC_011264	XLOC_011264
Upin_00017294	XLOC_011767	XLOC_011767
Upin_00018062	XLOC_011768	XLOC_011768
Upin_00017295	XLOC_011768	XLOC_011768
Upin_00017296	XLOC_011769	XLOC_011769
Upin_00018063	XLOC_011770	XLOC_011770
Upin_00016926	XLOC_011265	XLOC_011265
Upin_00017668	XLOC_011266	XLOC_011266
Upin_00017669	XLOC_011267	XLOC_011267
Upin_00017670	XLOC_011267	XLOC_011267
Upin_00016928	XLOC_011268	XLOC_011268
Upin_00017671	XLOC_011268	XLOC_011268
Upin_00016929	XLOC_011269	XLOC_011269
Upin_00018064	XLOC_011771	XLOC_011771
Upin_00016930	XLOC_011270	XLOC_011270
Upin_00017672	XLOC_011271	XLOC_011271
Upin_00017298	XLOC_011772	XLOC_011772
Upin_00018065	XLOC_011772	XLOC_011772
Upin_00017673	XLOC_011272	XLOC_011272
Upin_00017674	XLOC_011273	XLOC_011273
Upin_00016931	XLOC_011274	XLOC_011274
Upin_00017675	XLOC_011274	XLOC_011274
Upin_00017676	XLOC_011275	XLOC_011275
Upin_00017677	XLOC_011276	XLOC_011276
Upin_00016932	XLOC_011277	XLOC_011277
Upin_00017678	XLOC_011277	XLOC_011277
Upin_00017679	XLOC_011277	XLOC_011277
Upin_00016933	XLOC_011278	XLOC_011278
Upin_00017299	XLOC_011773	XLOC_011773
Upin_00018066	XLOC_011773	XLOC_011773
Upin_00017680	XLOC_011279	XLOC_011279
Upin_00016934	XLOC_011280	XLOC_011280
Upin_00017300	XLOC_011774	XLOC_011774
Upin_00018067	XLOC_011775	XLOC_011775
Upin_00017301	XLOC_011775	XLOC_011775
Upin_00018068	XLOC_011775	XLOC_011775
Upin_00016935	XLOC_011281	XLOC_011281
Upin_00017681	XLOC_011281	XLOC_011281
Upin_00016936	XLOC_011282	XLOC_011282
Upin_00017682	XLOC_011282	XLOC_011282
Upin_00017683	XLOC_011282	XLOC_011282
Upin_00017684	XLOC_011282	XLOC_011282
Upin_00018069	XLOC_011776	XLOC_011776
Upin_00017302	XLOC_011776	XLOC_011776
Upin_00017685	XLOC_011283	XLOC_011283
Upin_00017303	XLOC_011777	XLOC_011777
Upin_00016937	XLOC_011284	XLOC_011284
Upin_00016938	XLOC_011285	XLOC_011285
Upin_00018070	XLOC_011778	XLOC_011778
Upin_00017306	XLOC_011779	XLOC_011779
Upin_00016939	XLOC_011286	XLOC_011286
Upin_00017686	XLOC_011286	XLOC_011286
Upin_00017687	XLOC_011287	XLOC_011287
Upin_00017688	XLOC_011288	XLOC_011288
Upin_00017689	XLOC_011289	XLOC_011289
Upin_00016940	XLOC_011289	XLOC_011289
Upin_00017690	XLOC_011291	XLOC_011291
Upin_00016942	XLOC_011292	XLOC_011292
Upin_00016943	XLOC_011293	XLOC_011293
Upin_00017692	XLOC_011293	XLOC_011293
Upin_00018071	XLOC_011781	XLOC_011781
Upin_00017694	XLOC_011294	XLOC_011294
Upin_00016944	XLOC_011295	XLOC_011295
Upin_00017309	XLOC_011783	XLOC_011783
Upin_00016945	XLOC_011296	XLOC_011296
Upin_00017310	XLOC_011784	XLOC_011784
Upin_00017311	XLOC_011785	XLOC_011785
Upin_00017312	XLOC_011786	XLOC_011786
Upin_00018072	XLOC_011786	XLOC_011786
Upin_00016946	XLOC_011298	XLOC_011298
Upin_00018073	XLOC_011787	XLOC_011787
Upin_00018074	XLOC_011788	XLOC_011788
Upin_00018075	XLOC_011789	XLOC_011789
Upin_00018076	XLOC_011790	XLOC_011790
Upin_00017313	XLOC_011791	XLOC_011791
Upin_00017697	XLOC_011299	XLOC_011299
Upin_00017699	XLOC_011300	XLOC_011300
Upin_00017314	XLOC_011793	XLOC_011793
Upin_00016949	XLOC_011301	XLOC_011301
Upin_00017315	XLOC_011794	XLOC_011794
Upin_00018078	XLOC_011794	XLOC_011794
Upin_00017700	XLOC_011302	XLOC_011302
Upin_00018079	XLOC_011795	XLOC_011795
Upin_00017316	XLOC_011796	XLOC_011796
Upin_00018082	XLOC_011796	XLOC_011796
Upin_00017701	XLOC_011303	XLOC_011303
Upin_00018083	XLOC_011797	XLOC_011797
Upin_00017703	XLOC_011304	XLOC_011304
Upin_00017704	XLOC_011305	XLOC_011305
Upin_00017705	XLOC_011306	XLOC_011306
Upin_00017706	XLOC_011307	XLOC_011307
Upin_00016952	XLOC_011307	XLOC_011307
Upin_00016953	XLOC_011308	XLOC_011308
Upin_00017317	XLOC_011798	XLOC_011798
Upin_00016954	XLOC_011309	XLOC_011309
Upin_00016955	XLOC_011310	XLOC_011310
Upin_00017708	XLOC_011310	XLOC_011310
Upin_00017709	XLOC_011311	XLOC_011311
Upin_00016956	XLOC_011312	XLOC_011312
Upin_00017710	XLOC_011312	XLOC_011312
Upin_00016957	XLOC_011313	XLOC_011313
Upin_00017711	XLOC_011313	XLOC_011313
Upin_00017713	XLOC_011313	XLOC_011313
Upin_00017714	XLOC_011313	XLOC_011313
Upin_00017715	XLOC_011314	XLOC_011314
Upin_00017318	XLOC_011799	XLOC_011799
Upin_00018084	XLOC_011799	XLOC_011799
Upin_00018085	XLOC_011800	XLOC_011800
Upin_00017716	XLOC_011315	XLOC_011315
Upin_00016960	XLOC_011316	XLOC_011316
Upin_00017717	XLOC_011316	XLOC_011316
Upin_00018086	XLOC_011801	XLOC_011801
Upin_00017319	XLOC_011801	XLOC_011801
Upin_00018087	XLOC_011801	XLOC_011801
Upin_00018088	XLOC_011801	XLOC_011801
Upin_00016961	XLOC_011317	XLOC_011317
Upin_00016962	XLOC_011318	XLOC_011318
Upin_00017718	XLOC_011319	XLOC_011319
Upin_00018089	XLOC_011802	XLOC_011802
Upin_00017320	XLOC_011802	XLOC_011802
Upin_00017719	XLOC_011320	XLOC_011320
Upin_00017721	XLOC_011322	XLOC_011322
Upin_00016963	XLOC_011323	XLOC_011323
Upin_00017723	XLOC_011324	XLOC_011324
Upin_00017321	XLOC_011803	XLOC_011803
Upin_00018090	XLOC_011803	XLOC_011803
Upin_00017724	XLOC_011325	XLOC_011325
Upin_00016964	XLOC_011326	XLOC_011326
Upin_00018091	XLOC_011804	XLOC_011804
Upin_00017322	XLOC_011805	XLOC_011805
Upin_00018092	XLOC_011806	XLOC_011806
Upin_00016965	XLOC_011327	XLOC_011327
Upin_00018093	XLOC_011807	XLOC_011807
Upin_00016966	XLOC_011328	XLOC_011328
Upin_00017729	XLOC_011328	XLOC_011328
Upin_00017730	XLOC_011328	XLOC_011328
Upin_00018094	XLOC_011808	XLOC_011808
Upin_00016967	XLOC_011329	XLOC_011329
Upin_00018095	XLOC_011809	XLOC_011809
Upin_00017324	XLOC_011809	XLOC_011809
Upin_00018096	XLOC_011809	XLOC_011809
Upin_00018097	XLOC_011809	XLOC_011809
Upin_00018098	XLOC_011810	XLOC_011810
Upin_00017325	XLOC_011811	XLOC_011811
Upin_00018099	XLOC_011811	XLOC_011811
Upin_00017326	XLOC_011812	XLOC_011812
Upin_00016968	XLOC_011330	XLOC_011330
Upin_00017733	XLOC_011330	XLOC_011330
Upin_00018100	XLOC_011813	XLOC_011813
Upin_00017327	XLOC_011813	XLOC_011813
Upin_00018101	XLOC_011814	XLOC_011814
Upin_00017328	XLOC_011814	XLOC_011814
Upin_00016969	XLOC_011331	XLOC_011331
Upin_00016970	XLOC_011332	XLOC_011332
Upin_00018102	XLOC_011815	XLOC_011815
Upin_00017329	XLOC_011815	XLOC_011815
Upin_00018103	XLOC_011816	XLOC_011816
Upin_00016971	XLOC_011333	XLOC_011333
Upin_00017736	XLOC_011333	XLOC_011333
Upin_00017737	XLOC_011333	XLOC_011333
Upin_00017331	XLOC_011817	XLOC_011817
Upin_00018104	XLOC_011817	XLOC_011817
Upin_00017738	XLOC_011334	XLOC_011334
Upin_00017332	XLOC_011818	XLOC_011818
Upin_00018105	XLOC_011819	XLOC_011819
Upin_00017333	XLOC_011819	XLOC_011819
Upin_00018106	XLOC_011820	XLOC_011820
Upin_00016973	XLOC_011335	XLOC_011335
Upin_00016974	XLOC_011336	XLOC_011336
Upin_00017334	XLOC_011821	XLOC_011821
Upin_00018107	XLOC_011821	XLOC_011821
Upin_00018108	XLOC_011821	XLOC_011821
Upin_00016975	XLOC_011337	XLOC_011337
Upin_00017335	XLOC_011822	XLOC_011822
Upin_00017740	XLOC_011338	XLOC_011338
Upin_00016976	XLOC_011339	XLOC_011339
Upin_00017336	XLOC_011823	XLOC_011823
Upin_00017337	XLOC_011824	XLOC_011824
Upin_00017742	XLOC_011340	XLOC_011340
Upin_00017338	XLOC_011825	XLOC_011825
Upin_00016977	XLOC_011341	XLOC_011341
Upin_00016978	XLOC_011342	XLOC_011342
Upin_00017340	XLOC_011827	XLOC_011827
Upin_00017744	XLOC_011343	XLOC_011343
Upin_00016979	XLOC_011344	XLOC_011344
Upin_00017341	XLOC_011828	XLOC_011828
Upin_00018109	XLOC_011828	XLOC_011828
Upin_00017342	XLOC_011829	XLOC_011829
Upin_00018110	XLOC_011829	XLOC_011829
Upin_00018111	XLOC_011829	XLOC_011829
Upin_00016980	XLOC_011345	XLOC_011345
Upin_00017343	XLOC_011830	XLOC_011830
Upin_00018112	XLOC_011830	XLOC_011830
Upin_00017344	XLOC_011831	XLOC_011831
Upin_00018113	XLOC_011831	XLOC_011831
Upin_00018114	XLOC_011831	XLOC_011831
Upin_00016981	XLOC_011346	XLOC_011346
Upin_00018115	XLOC_011832	XLOC_011832
Upin_00018116	XLOC_011832	XLOC_011832
Upin_00017345	XLOC_011833	XLOC_011833
Upin_00017346	XLOC_011834	XLOC_011834
Upin_00018118	XLOC_011835	XLOC_011835
Upin_00016982	XLOC_011347	XLOC_011347
Upin_00016983	XLOC_011348	XLOC_011348
Upin_00016984	XLOC_011349	XLOC_011349
Upin_00017747	XLOC_011349	XLOC_011349
Upin_00018119	XLOC_011836	XLOC_011836
Upin_00017748	XLOC_011350	XLOC_011350
Upin_00017348	XLOC_011837	XLOC_011837
Upin_00018120	XLOC_011837	XLOC_011837
Upin_00017749	XLOC_011351	XLOC_011351
Upin_00016987	XLOC_011352	XLOC_011352
Upin_00016988	XLOC_011353	XLOC_011353
Upin_00018121	XLOC_011838	XLOC_011838
Upin_00018122	XLOC_011839	XLOC_011839
Upin_00018123	XLOC_011839	XLOC_011839
Upin_00017751	XLOC_011354	XLOC_011354
Upin_00017350	XLOC_011840	XLOC_011840
Upin_00016990	XLOC_011355	XLOC_011355
Upin_00017752	XLOC_011355	XLOC_011355
Upin_00016991	XLOC_011356	XLOC_011356
Upin_00017351	XLOC_011841	XLOC_011841
Upin_00016992	XLOC_011357	XLOC_011357
Upin_00018124	XLOC_011842	XLOC_011842
Upin_00017352	XLOC_011843	XLOC_011843
Upin_00018125	XLOC_011843	XLOC_011843
Upin_00016993	XLOC_011358	XLOC_011358
Upin_00017753	XLOC_011358	XLOC_011358
Upin_00017353	XLOC_011844	XLOC_011844
Upin_00016994	XLOC_011359	XLOC_011359
Upin_00017354	XLOC_011845	XLOC_011845
Upin_00016995	XLOC_011360	XLOC_011360
Upin_00017754	XLOC_011360	XLOC_011360
Upin_00016996	XLOC_011361	XLOC_011361
Upin_00018126	XLOC_011846	XLOC_011846
Upin_00017755	XLOC_011362	XLOC_011362
Upin_00017756	XLOC_011363	XLOC_011363
Upin_00016998	XLOC_011364	XLOC_011364
Upin_00018128	XLOC_011848	XLOC_011848
Upin_00017355	XLOC_011849	XLOC_011849
Upin_00016999	XLOC_011365	XLOC_011365
Upin_00017000	XLOC_011366	XLOC_011366
Upin_00018129	XLOC_011850	XLOC_011850
Upin_00017356	XLOC_011850	XLOC_011850
Upin_00017357	XLOC_011851	XLOC_011851
Upin_00017358	XLOC_011852	XLOC_011852
Upin_00017359	XLOC_011853	XLOC_011853
Upin_00017360	XLOC_011854	XLOC_011854
Upin_00017361	XLOC_011855	XLOC_011855
Upin_00017362	XLOC_011856	XLOC_011856
Upin_00017001	XLOC_011368	XLOC_011368
Upin_00017758	XLOC_011368	XLOC_011368
Upin_00017002	XLOC_011369	XLOC_011369
Upin_00017363	XLOC_011857	XLOC_011857
Upin_00017003	XLOC_011370	XLOC_011370
Upin_00017364	XLOC_011858	XLOC_011858
Upin_00017365	XLOC_011859	XLOC_011859
Upin_00017366	XLOC_011860	XLOC_011860
Upin_00017004	XLOC_011371	XLOC_011371
Upin_00017759	XLOC_011371	XLOC_011371
Upin_00017005	XLOC_011372	XLOC_011372
Upin_00018131	XLOC_011861	XLOC_011861
Upin_00017760	XLOC_011373	XLOC_011373
Upin_00017008	XLOC_011374	XLOC_011374
Upin_00017761	XLOC_011374	XLOC_011374
Upin_00017009	XLOC_011375	XLOC_011375
Upin_00017010	XLOC_011376	XLOC_011376
Upin_00017011	XLOC_011377	XLOC_011377
Upin_00017012	XLOC_011378	XLOC_011378
Upin_00017367	XLOC_011862	XLOC_011862
Upin_00017013	XLOC_011379	XLOC_011379
Upin_00018132	XLOC_011863	XLOC_011863
Upin_00017014	XLOC_011380	XLOC_011380
Upin_00017368	XLOC_011864	XLOC_011864
Upin_00017369	XLOC_011865	XLOC_011865
Upin_00017370	XLOC_011866	XLOC_011866
Upin_00018133	XLOC_011867	XLOC_011867
Upin_00018597	XLOC_011867	XLOC_011867
Upin_00018134	XLOC_011868	XLOC_011868
Upin_00018598	XLOC_011869	XLOC_011869
Upin_00018135	XLOC_011870	XLOC_011870
Upin_00018136	XLOC_011871	XLOC_011871
Upin_00018599	XLOC_011872	XLOC_011872
Upin_00018137	XLOC_011873	XLOC_011873
Upin_00018794	XLOC_012155	XLOC_012155
Upin_00018138	XLOC_011874	XLOC_011874
Upin_00018795	XLOC_012156	XLOC_012156
Upin_00018139	XLOC_011875	XLOC_011875
Upin_00018140	XLOC_011876	XLOC_011876
Upin_00018353	XLOC_012157	XLOC_012157
Upin_00018600	XLOC_011877	XLOC_011877
Upin_00018354	XLOC_012158	XLOC_012158
Upin_00018601	XLOC_011878	XLOC_011878
Upin_00018355	XLOC_012160	XLOC_012160
Upin_00018141	XLOC_011879	XLOC_011879
Upin_00018356	XLOC_012161	XLOC_012161
Upin_00018142	XLOC_011880	XLOC_011880
Upin_00018143	XLOC_011881	XLOC_011881
Upin_00018357	XLOC_012162	XLOC_012162
Upin_00018144	XLOC_011882	XLOC_011882
Upin_00018602	XLOC_011883	XLOC_011883
Upin_00018603	XLOC_011884	XLOC_011884
Upin_00018146	XLOC_011884	XLOC_011884
Upin_00018604	XLOC_011884	XLOC_011884
Upin_00018605	XLOC_011884	XLOC_011884
Upin_00018799	XLOC_012164	XLOC_012164
Upin_00018358	XLOC_012164	XLOC_012164
Upin_00018147	XLOC_011885	XLOC_011885
Upin_00018148	XLOC_011886	XLOC_011886
Upin_00018359	XLOC_012165	XLOC_012165
Upin_00018360	XLOC_012166	XLOC_012166
Upin_00018149	XLOC_011887	XLOC_011887
Upin_00018361	XLOC_012167	XLOC_012167
Upin_00018150	XLOC_011888	XLOC_011888
Upin_00018362	XLOC_012168	XLOC_012168
Upin_00018151	XLOC_011889	XLOC_011889
Upin_00018608	XLOC_011889	XLOC_011889
Upin_00018609	XLOC_011889	XLOC_011889
Upin_00018610	XLOC_011889	XLOC_011889
Upin_00018611	XLOC_011889	XLOC_011889
Upin_00018612	XLOC_011889	XLOC_011889
Upin_00018152	XLOC_011890	XLOC_011890
Upin_00018363	XLOC_012169	XLOC_012169
Upin_00018802	XLOC_012170	XLOC_012170
Upin_00018613	XLOC_011891	XLOC_011891
Upin_00018153	XLOC_011891	XLOC_011891
Upin_00018614	XLOC_011891	XLOC_011891
Upin_00018364	XLOC_012171	XLOC_012171
Upin_00018154	XLOC_011892	XLOC_011892
Upin_00018615	XLOC_011892	XLOC_011892
Upin_00018365	XLOC_012172	XLOC_012172
Upin_00018366	XLOC_012173	XLOC_012173
Upin_00018156	XLOC_011893	XLOC_011893
Upin_00018616	XLOC_011893	XLOC_011893
Upin_00018367	XLOC_012174	XLOC_012174
Upin_00018804	XLOC_012175	XLOC_012175
Upin_00018617	XLOC_011894	XLOC_011894
Upin_00018368	XLOC_012176	XLOC_012176
Upin_00018806	XLOC_012177	XLOC_012177
Upin_00018157	XLOC_011896	XLOC_011896
Upin_00018370	XLOC_012178	XLOC_012178
Upin_00018619	XLOC_011897	XLOC_011897
Upin_00018807	XLOC_012179	XLOC_012179
Upin_00018371	XLOC_012179	XLOC_012179
Upin_00018372	XLOC_012180	XLOC_012180
Upin_00018808	XLOC_012180	XLOC_012180
Upin_00018158	XLOC_011898	XLOC_011898
Upin_00018159	XLOC_011899	XLOC_011899
Upin_00018620	XLOC_011899	XLOC_011899
Upin_00018809	XLOC_012181	XLOC_012181
Upin_00018373	XLOC_012181	XLOC_012181
Upin_00018621	XLOC_011900	XLOC_011900
Upin_00018374	XLOC_012182	XLOC_012182
Upin_00018810	XLOC_012182	XLOC_012182
Upin_00018161	XLOC_011901	XLOC_011901
Upin_00018811	XLOC_012183	XLOC_012183
Upin_00018375	XLOC_012183	XLOC_012183
Upin_00018812	XLOC_012183	XLOC_012183
Upin_00018162	XLOC_011902	XLOC_011902
Upin_00018623	XLOC_011902	XLOC_011902
Upin_00018813	XLOC_012184	XLOC_012184
Upin_00018377	XLOC_012185	XLOC_012185
Upin_00018163	XLOC_011903	XLOC_011903
Upin_00018624	XLOC_011903	XLOC_011903
Upin_00018625	XLOC_011903	XLOC_011903
Upin_00018626	XLOC_011903	XLOC_011903
Upin_00018378	XLOC_012186	XLOC_012186
Upin_00018627	XLOC_011904	XLOC_011904
Upin_00018164	XLOC_011904	XLOC_011904
Upin_00018380	XLOC_012189	XLOC_012189
Upin_00018819	XLOC_012189	XLOC_012189
Upin_00018628	XLOC_011905	XLOC_011905
Upin_00018165	XLOC_011906	XLOC_011906
Upin_00018381	XLOC_012190	XLOC_012190
Upin_00018166	XLOC_011907	XLOC_011907
Upin_00018382	XLOC_012191	XLOC_012191
Upin_00018383	XLOC_012192	XLOC_012192
Upin_00018167	XLOC_011908	XLOC_011908
Upin_00018384	XLOC_012193	XLOC_012193
Upin_00018629	XLOC_011909	XLOC_011909
Upin_00018385	XLOC_012194	XLOC_012194
Upin_00018630	XLOC_011910	XLOC_011910
Upin_00018632	XLOC_011911	XLOC_011911
Upin_00018386	XLOC_012195	XLOC_012195
Upin_00018822	XLOC_012196	XLOC_012196
Upin_00018169	XLOC_011912	XLOC_011912
Upin_00018633	XLOC_011912	XLOC_011912
Upin_00018388	XLOC_012197	XLOC_012197
Upin_00018634	XLOC_011913	XLOC_011913
Upin_00018389	XLOC_012198	XLOC_012198
Upin_00018390	XLOC_012199	XLOC_012199
Upin_00018391	XLOC_012200	XLOC_012200
Upin_00018635	XLOC_011914	XLOC_011914
Upin_00018170	XLOC_011915	XLOC_011915
Upin_00018392	XLOC_012201	XLOC_012201
Upin_00018171	XLOC_011916	XLOC_011916
Upin_00018636	XLOC_011917	XLOC_011917
Upin_00018393	XLOC_012202	XLOC_012202
Upin_00018172	XLOC_011918	XLOC_011918
Upin_00018394	XLOC_012204	XLOC_012204
Upin_00018173	XLOC_011919	XLOC_011919
Upin_00018637	XLOC_011919	XLOC_011919
Upin_00018638	XLOC_011919	XLOC_011919
Upin_00018395	XLOC_012205	XLOC_012205
Upin_00018396	XLOC_012206	XLOC_012206
Upin_00018397	XLOC_012207	XLOC_012207
Upin_00018174	XLOC_011920	XLOC_011920
Upin_00018398	XLOC_012208	XLOC_012208
Upin_00018399	XLOC_012209	XLOC_012209
Upin_00018400	XLOC_012210	XLOC_012210
Upin_00018640	XLOC_011922	XLOC_011922
Upin_00018830	XLOC_012211	XLOC_012211
Upin_00018641	XLOC_011923	XLOC_011923
Upin_00018401	XLOC_012212	XLOC_012212
Upin_00018642	XLOC_011924	XLOC_011924
Upin_00018402	XLOC_012213	XLOC_012213
Upin_00018833	XLOC_012213	XLOC_012213
Upin_00018834	XLOC_012213	XLOC_012213
Upin_00018175	XLOC_011925	XLOC_011925
Upin_00018403	XLOC_012215	XLOC_012215
Upin_00018837	XLOC_012215	XLOC_012215
Upin_00018404	XLOC_012216	XLOC_012216
Upin_00018406	XLOC_012217	XLOC_012217
Upin_00018643	XLOC_011926	XLOC_011926
Upin_00018176	XLOC_011926	XLOC_011926
Upin_00018644	XLOC_011926	XLOC_011926
Upin_00018407	XLOC_012218	XLOC_012218
Upin_00018645	XLOC_011927	XLOC_011927
Upin_00018177	XLOC_011928	XLOC_011928
Upin_00018646	XLOC_011928	XLOC_011928
Upin_00018408	XLOC_012219	XLOC_012219
Upin_00018409	XLOC_012220	XLOC_012220
Upin_00018410	XLOC_012221	XLOC_012221
Upin_00018843	XLOC_012222	XLOC_012222
Upin_00018178	XLOC_011929	XLOC_011929
Upin_00018648	XLOC_011929	XLOC_011929
Upin_00018844	XLOC_012223	XLOC_012223
Upin_00018412	XLOC_012224	XLOC_012224
Upin_00018845	XLOC_012224	XLOC_012224
Upin_00018179	XLOC_011930	XLOC_011930
Upin_00018846	XLOC_012225	XLOC_012225
Upin_00018649	XLOC_011931	XLOC_011931
Upin_00018180	XLOC_011931	XLOC_011931
Upin_00018414	XLOC_012226	XLOC_012226
Upin_00018181	XLOC_011932	XLOC_011932
Upin_00018847	XLOC_012227	XLOC_012227
Upin_00018182	XLOC_011933	XLOC_011933
Upin_00018415	XLOC_012228	XLOC_012228
Upin_00018416	XLOC_012229	XLOC_012229
Upin_00018417	XLOC_012230	XLOC_012230
Upin_00018650	XLOC_011934	XLOC_011934
Upin_00018183	XLOC_011934	XLOC_011934
Upin_00018651	XLOC_011934	XLOC_011934
Upin_00018652	XLOC_011934	XLOC_011934
Upin_00018653	XLOC_011934	XLOC_011934
Upin_00018851	XLOC_012232	XLOC_012232
Upin_00018852	XLOC_012233	XLOC_012233
Upin_00018184	XLOC_011935	XLOC_011935
Upin_00018418	XLOC_012234	XLOC_012234
Upin_00018853	XLOC_012234	XLOC_012234
Upin_00018419	XLOC_012235	XLOC_012235
Upin_00018420	XLOC_012236	XLOC_012236
Upin_00018654	XLOC_011936	XLOC_011936
Upin_00018185	XLOC_011937	XLOC_011937
Upin_00018421	XLOC_012238	XLOC_012238
Upin_00018859	XLOC_012238	XLOC_012238
Upin_00018858	XLOC_012240	XLOC_012240
Upin_00018186	XLOC_011938	XLOC_011938
Upin_00018422	XLOC_012241	XLOC_012241
Upin_00018860	XLOC_012241	XLOC_012241
Upin_00018861	XLOC_012242	XLOC_012242
Upin_00018655	XLOC_011939	XLOC_011939
Upin_00018187	XLOC_011939	XLOC_011939
Upin_00018656	XLOC_011939	XLOC_011939
Upin_00018423	XLOC_012243	XLOC_012243
Upin_00018863	XLOC_012244	XLOC_012244
Upin_00018424	XLOC_012244	XLOC_012244
Upin_00018864	XLOC_012244	XLOC_012244
Upin_00018425	XLOC_012245	XLOC_012245
Upin_00018188	XLOC_011940	XLOC_011940
Upin_00018658	XLOC_011941	XLOC_011941
Upin_00018866	XLOC_012246	XLOC_012246
Upin_00018426	XLOC_012246	XLOC_012246
Upin_00018867	XLOC_012246	XLOC_012246
Upin_00018659	XLOC_011942	XLOC_011942
Upin_00018189	XLOC_011942	XLOC_011942
Upin_00018660	XLOC_011942	XLOC_011942
Upin_00018427	XLOC_012247	XLOC_012247
Upin_00018428	XLOC_012249	XLOC_012249
Upin_00018871	XLOC_012249	XLOC_012249
Upin_00018429	XLOC_012250	XLOC_012250
Upin_00018190	XLOC_011943	XLOC_011943
Upin_00018191	XLOC_011944	XLOC_011944
Upin_00018192	XLOC_011945	XLOC_011945
Upin_00018430	XLOC_012252	XLOC_012252
Upin_00018873	XLOC_012252	XLOC_012252
Upin_00018193	XLOC_011946	XLOC_011946
Upin_00018875	XLOC_012254	XLOC_012254
Upin_00018433	XLOC_012255	XLOC_012255
Upin_00018194	XLOC_011947	XLOC_011947
Upin_00018195	XLOC_011948	XLOC_011948
Upin_00018662	XLOC_011948	XLOC_011948
Upin_00018434	XLOC_012256	XLOC_012256
Upin_00018196	XLOC_011949	XLOC_011949
Upin_00018197	XLOC_011950	XLOC_011950
Upin_00018663	XLOC_011950	XLOC_011950
Upin_00018878	XLOC_012257	XLOC_012257
Upin_00018199	XLOC_011952	XLOC_011952
Upin_00018664	XLOC_011952	XLOC_011952
Upin_00018665	XLOC_011952	XLOC_011952
Upin_00018436	XLOC_012259	XLOC_012259
Upin_00018200	XLOC_011953	XLOC_011953
Upin_00018666	XLOC_011953	XLOC_011953
Upin_00018667	XLOC_011953	XLOC_011953
Upin_00018437	XLOC_012260	XLOC_012260
Upin_00018882	XLOC_012261	XLOC_012261
Upin_00018201	XLOC_011954	XLOC_011954
Upin_00018439	XLOC_012266	XLOC_012266
Upin_00018440	XLOC_012267	XLOC_012267
Upin_00018202	XLOC_011955	XLOC_011955
Upin_00018669	XLOC_011955	XLOC_011955
Upin_00018441	XLOC_012268	XLOC_012268
Upin_00018203	XLOC_011956	XLOC_011956
Upin_00018670	XLOC_011956	XLOC_011956
Upin_00018671	XLOC_011957	XLOC_011957
Upin_00018442	XLOC_012269	XLOC_012269
Upin_00018443	XLOC_012270	XLOC_012270
Upin_00018672	XLOC_011958	XLOC_011958
Upin_00018204	XLOC_011958	XLOC_011958
Upin_00018444	XLOC_012271	XLOC_012271
Upin_00018205	XLOC_011959	XLOC_011959
Upin_00018445	XLOC_012272	XLOC_012272
Upin_00018673	XLOC_011960	XLOC_011960
Upin_00018446	XLOC_012273	XLOC_012273
Upin_00018207	XLOC_011961	XLOC_011961
Upin_00018447	XLOC_012274	XLOC_012274
Upin_00018208	XLOC_011962	XLOC_011962
Upin_00018674	XLOC_011962	XLOC_011962
Upin_00018209	XLOC_011963	XLOC_011963
Upin_00018676	XLOC_011963	XLOC_011963
Upin_00018677	XLOC_011963	XLOC_011963
Upin_00018210	XLOC_011964	XLOC_011964
Upin_00018679	XLOC_011964	XLOC_011964
Upin_00018448	XLOC_012276	XLOC_012276
Upin_00018680	XLOC_011965	XLOC_011965
Upin_00018211	XLOC_011965	XLOC_011965
Upin_00018449	XLOC_012277	XLOC_012277
Upin_00018682	XLOC_011967	XLOC_011967
Upin_00018683	XLOC_011968	XLOC_011968
Upin_00018212	XLOC_011969	XLOC_011969
Upin_00018685	XLOC_011970	XLOC_011970
Upin_00018216	XLOC_011971	XLOC_011971
Upin_00018217	XLOC_011972	XLOC_011972
Upin_00018450	XLOC_012279	XLOC_012279
Upin_00018687	XLOC_011974	XLOC_011974
Upin_00018218	XLOC_011975	XLOC_011975
Upin_00018688	XLOC_011976	XLOC_011976
Upin_00018219	XLOC_011977	XLOC_011977
Upin_00018689	XLOC_011977	XLOC_011977
Upin_00018451	XLOC_012281	XLOC_012281
Upin_00018452	XLOC_012282	XLOC_012282
Upin_00018453	XLOC_012283	XLOC_012283
Upin_00018899	XLOC_012283	XLOC_012283
Upin_00018454	XLOC_012284	XLOC_012284
Upin_00018220	XLOC_011978	XLOC_011978
Upin_00018455	XLOC_012285	XLOC_012285
Upin_00018900	XLOC_012285	XLOC_012285
Upin_00018221	XLOC_011979	XLOC_011979
Upin_00018690	XLOC_011979	XLOC_011979
Upin_00018456	XLOC_012286	XLOC_012286
Upin_00018691	XLOC_011980	XLOC_011980
Upin_00018222	XLOC_011981	XLOC_011981
Upin_00018457	XLOC_012288	XLOC_012288
Upin_00018223	XLOC_011982	XLOC_011982
Upin_00018904	XLOC_012289	XLOC_012289
Upin_00018224	XLOC_011983	XLOC_011983
Upin_00018692	XLOC_011983	XLOC_011983
Upin_00018693	XLOC_011983	XLOC_011983
Upin_00018458	XLOC_012291	XLOC_012291
Upin_00018225	XLOC_011984	XLOC_011984
Upin_00018459	XLOC_012292	XLOC_012292
Upin_00018907	XLOC_012293	XLOC_012293
Upin_00018226	XLOC_011985	XLOC_011985
Upin_00018695	XLOC_011987	XLOC_011987
Upin_00018228	XLOC_011988	XLOC_011988
Upin_00018696	XLOC_011989	XLOC_011989
Upin_00018460	XLOC_012294	XLOC_012294
Upin_00018229	XLOC_011990	XLOC_011990
Upin_00018230	XLOC_011991	XLOC_011991
Upin_00018697	XLOC_011992	XLOC_011992
Upin_00018461	XLOC_012295	XLOC_012295
Upin_00018462	XLOC_012296	XLOC_012296
Upin_00018231	XLOC_011993	XLOC_011993
Upin_00018909	XLOC_012298	XLOC_012298
Upin_00018463	XLOC_012298	XLOC_012298
Upin_00018232	XLOC_011994	XLOC_011994
Upin_00018464	XLOC_012299	XLOC_012299
Upin_00018698	XLOC_011995	XLOC_011995
Upin_00018233	XLOC_011995	XLOC_011995
Upin_00018699	XLOC_011995	XLOC_011995
Upin_00018911	XLOC_012300	XLOC_012300
Upin_00018912	XLOC_012301	XLOC_012301
Upin_00018234	XLOC_011996	XLOC_011996
Upin_00018700	XLOC_011996	XLOC_011996
Upin_00018235	XLOC_011997	XLOC_011997
Upin_00018914	XLOC_012303	XLOC_012303
Upin_00018465	XLOC_012303	XLOC_012303
Upin_00018236	XLOC_011998	XLOC_011998
Upin_00018466	XLOC_012304	XLOC_012304
Upin_00018237	XLOC_011999	XLOC_011999
Upin_00018701	XLOC_011999	XLOC_011999
Upin_00018238	XLOC_012000	XLOC_012000
Upin_00018702	XLOC_012000	XLOC_012000
Upin_00018239	XLOC_012001	XLOC_012001
Upin_00018703	XLOC_012002	XLOC_012002
Upin_00018467	XLOC_012306	XLOC_012306
Upin_00018704	XLOC_012003	XLOC_012003
Upin_00018240	XLOC_012003	XLOC_012003
Upin_00018917	XLOC_012307	XLOC_012307
Upin_00018241	XLOC_012004	XLOC_012004
Upin_00018705	XLOC_012004	XLOC_012004
Upin_00018706	XLOC_012004	XLOC_012004
Upin_00018468	XLOC_012308	XLOC_012308
Upin_00018919	XLOC_012308	XLOC_012308
Upin_00018707	XLOC_012005	XLOC_012005
Upin_00018708	XLOC_012006	XLOC_012006
Upin_00018242	XLOC_012006	XLOC_012006
Upin_00018469	XLOC_012309	XLOC_012309
Upin_00018243	XLOC_012007	XLOC_012007
Upin_00018709	XLOC_012007	XLOC_012007
Upin_00018244	XLOC_012008	XLOC_012008
Upin_00018921	XLOC_012310	XLOC_012310
Upin_00018924	XLOC_012311	XLOC_012311
Upin_00018470	XLOC_012311	XLOC_012311
Upin_00018710	XLOC_012009	XLOC_012009
Upin_00018712	XLOC_012010	XLOC_012010
Upin_00018925	XLOC_012312	XLOC_012312
Upin_00018926	XLOC_012313	XLOC_012313
Upin_00018928	XLOC_012314	XLOC_012314
Upin_00018929	XLOC_012314	XLOC_012314
Upin_00018473	XLOC_012314	XLOC_012314
Upin_00018246	XLOC_012011	XLOC_012011
Upin_00018247	XLOC_012012	XLOC_012012
Upin_00018931	XLOC_012315	XLOC_012315
Upin_00018474	XLOC_012315	XLOC_012315
Upin_00018714	XLOC_012013	XLOC_012013
Upin_00018932	XLOC_012316	XLOC_012316
Upin_00018475	XLOC_012316	XLOC_012316
Upin_00018248	XLOC_012014	XLOC_012014
Upin_00018933	XLOC_012317	XLOC_012317
Upin_00018249	XLOC_012015	XLOC_012015
Upin_00018250	XLOC_012016	XLOC_012016
Upin_00018476	XLOC_012318	XLOC_012318
Upin_00018251	XLOC_012017	XLOC_012017
Upin_00018477	XLOC_012319	XLOC_012319
Upin_00018252	XLOC_012018	XLOC_012018
Upin_00018253	XLOC_012019	XLOC_012019
Upin_00018478	XLOC_012321	XLOC_012321
Upin_00018716	XLOC_012020	XLOC_012020
Upin_00018254	XLOC_012021	XLOC_012021
Upin_00018718	XLOC_012023	XLOC_012023
Upin_00018936	XLOC_012322	XLOC_012322
Upin_00018479	XLOC_012323	XLOC_012323
Upin_00018256	XLOC_012024	XLOC_012024
Upin_00018719	XLOC_012025	XLOC_012025
Upin_00018257	XLOC_012026	XLOC_012026
Upin_00018480	XLOC_012324	XLOC_012324
Upin_00018258	XLOC_012027	XLOC_012027
Upin_00018937	XLOC_012325	XLOC_012325
Upin_00018481	XLOC_012326	XLOC_012326
Upin_00018720	XLOC_012028	XLOC_012028
Upin_00018259	XLOC_012029	XLOC_012029
Upin_00018260	XLOC_012030	XLOC_012030
Upin_00018938	XLOC_012327	XLOC_012327
Upin_00018482	XLOC_012328	XLOC_012328
Upin_00018939	XLOC_012329	XLOC_012329
Upin_00018261	XLOC_012031	XLOC_012031
Upin_00018941	XLOC_012331	XLOC_012331
Upin_00018722	XLOC_012033	XLOC_012033
Upin_00018483	XLOC_012332	XLOC_012332
Upin_00018723	XLOC_012034	XLOC_012034
Upin_00018484	XLOC_012333	XLOC_012333
Upin_00018943	XLOC_012334	XLOC_012334
Upin_00018486	XLOC_012335	XLOC_012335
Upin_00018263	XLOC_012035	XLOC_012035
Upin_00018488	XLOC_012337	XLOC_012337
Upin_00018264	XLOC_012036	XLOC_012036
Upin_00018489	XLOC_012338	XLOC_012338
Upin_00018944	XLOC_012338	XLOC_012338
Upin_00018265	XLOC_012037	XLOC_012037
Upin_00018266	XLOC_012038	XLOC_012038
Upin_00018267	XLOC_012039	XLOC_012039
Upin_00018946	XLOC_012339	XLOC_012339
Upin_00018490	XLOC_012340	XLOC_012340
Upin_00018947	XLOC_012341	XLOC_012341
Upin_00018268	XLOC_012040	XLOC_012040
Upin_00018491	XLOC_012342	XLOC_012342
Upin_00018727	XLOC_012041	XLOC_012041
Upin_00018269	XLOC_012042	XLOC_012042
Upin_00018492	XLOC_012343	XLOC_012343
Upin_00018728	XLOC_012043	XLOC_012043
Upin_00018493	XLOC_012344	XLOC_012344
Upin_00018948	XLOC_012344	XLOC_012344
Upin_00018949	XLOC_012345	XLOC_012345
Upin_00018729	XLOC_012044	XLOC_012044
Upin_00018494	XLOC_012346	XLOC_012346
Upin_00018730	XLOC_012045	XLOC_012045
Upin_00018270	XLOC_012045	XLOC_012045
Upin_00018951	XLOC_012348	XLOC_012348
Upin_00018495	XLOC_012349	XLOC_012349
Upin_00018271	XLOC_012046	XLOC_012046
Upin_00018731	XLOC_012047	XLOC_012047
Upin_00018496	XLOC_012350	XLOC_012350
Upin_00018497	XLOC_012351	XLOC_012351
Upin_00018272	XLOC_012048	XLOC_012048
Upin_00018953	XLOC_012352	XLOC_012352
Upin_00018498	XLOC_012353	XLOC_012353
Upin_00018954	XLOC_012354	XLOC_012354
Upin_00018273	XLOC_012049	XLOC_012049
Upin_00018499	XLOC_012355	XLOC_012355
Upin_00018955	XLOC_012355	XLOC_012355
Upin_00018500	XLOC_012356	XLOC_012356
Upin_00018956	XLOC_012356	XLOC_012356
Upin_00018501	XLOC_012357	XLOC_012357
Upin_00018502	XLOC_012358	XLOC_012358
Upin_00018957	XLOC_012358	XLOC_012358
Upin_00018274	XLOC_012050	XLOC_012050
Upin_00018503	XLOC_012359	XLOC_012359
Upin_00018275	XLOC_012051	XLOC_012051
Upin_00018732	XLOC_012051	XLOC_012051
Upin_00018959	XLOC_012360	XLOC_012360
Upin_00018960	XLOC_012361	XLOC_012361
Upin_00018276	XLOC_012053	XLOC_012053
Upin_00018961	XLOC_012362	XLOC_012362
Upin_00018962	XLOC_012363	XLOC_012363
Upin_00018963	XLOC_012363	XLOC_012363
Upin_00018504	XLOC_012363	XLOC_012363
Upin_00018277	XLOC_012054	XLOC_012054
Upin_00018505	XLOC_012364	XLOC_012364
Upin_00018278	XLOC_012055	XLOC_012055
Upin_00018964	XLOC_012365	XLOC_012365
Upin_00018279	XLOC_012056	XLOC_012056
Upin_00018738	XLOC_012058	XLOC_012058
Upin_00018280	XLOC_012059	XLOC_012059
Upin_00018739	XLOC_012059	XLOC_012059
Upin_00018506	XLOC_012366	XLOC_012366
Upin_00018281	XLOC_012061	XLOC_012061
Upin_00018507	XLOC_012367	XLOC_012367
Upin_00018966	XLOC_012367	XLOC_012367
Upin_00018741	XLOC_012062	XLOC_012062
Upin_00018282	XLOC_012063	XLOC_012063
Upin_00018742	XLOC_012063	XLOC_012063
Upin_00018508	XLOC_012369	XLOC_012369
Upin_00018969	XLOC_012370	XLOC_012370
Upin_00018970	XLOC_012371	XLOC_012371
Upin_00018510	XLOC_012372	XLOC_012372
Upin_00018511	XLOC_012373	XLOC_012373
Upin_00018283	XLOC_012065	XLOC_012065
Upin_00018284	XLOC_012066	XLOC_012066
Upin_00018512	XLOC_012374	XLOC_012374
Upin_00018285	XLOC_012067	XLOC_012067
Upin_00018972	XLOC_012375	XLOC_012375
Upin_00018514	XLOC_012377	XLOC_012377
Upin_00018515	XLOC_012378	XLOC_012378
Upin_00018516	XLOC_012379	XLOC_012379
Upin_00018517	XLOC_012380	XLOC_012380
Upin_00018287	XLOC_012069	XLOC_012069
Upin_00018288	XLOC_012070	XLOC_012070
Upin_00018518	XLOC_012381	XLOC_012381
Upin_00018289	XLOC_012071	XLOC_012071
Upin_00018290	XLOC_012072	XLOC_012072
Upin_00018520	XLOC_012383	XLOC_012383
Upin_00018521	XLOC_012384	XLOC_012384
Upin_00018522	XLOC_012385	XLOC_012385
Upin_00018523	XLOC_012386	XLOC_012386
Upin_00018524	XLOC_012387	XLOC_012387
Upin_00018525	XLOC_012388	XLOC_012388
Upin_00018526	XLOC_012389	XLOC_012389
Upin_00018527	XLOC_012390	XLOC_012390
Upin_00018528	XLOC_012391	XLOC_012391
Upin_00018529	XLOC_012392	XLOC_012392
Upin_00018530	XLOC_012393	XLOC_012393
Upin_00018744	XLOC_012073	XLOC_012073
Upin_00018291	XLOC_012074	XLOC_012074
Upin_00018292	XLOC_012075	XLOC_012075
Upin_00018294	XLOC_012077	XLOC_012077
Upin_00018531	XLOC_012394	XLOC_012394
Upin_00018974	XLOC_012395	XLOC_012395
Upin_00018532	XLOC_012396	XLOC_012396
Upin_00018295	XLOC_012078	XLOC_012078
Upin_00018533	XLOC_012397	XLOC_012397
Upin_00018745	XLOC_012079	XLOC_012079
Upin_00018296	XLOC_012080	XLOC_012080
Upin_00018297	XLOC_012081	XLOC_012081
Upin_00018746	XLOC_012081	XLOC_012081
Upin_00018534	XLOC_012399	XLOC_012399
Upin_00018747	XLOC_012082	XLOC_012082
Upin_00018535	XLOC_012400	XLOC_012400
Upin_00018536	XLOC_012401	XLOC_012401
Upin_00018298	XLOC_012083	XLOC_012083
Upin_00018537	XLOC_012402	XLOC_012402
Upin_00018299	XLOC_012084	XLOC_012084
Upin_00018538	XLOC_012403	XLOC_012403
Upin_00018539	XLOC_012404	XLOC_012404
Upin_00018751	XLOC_012086	XLOC_012086
Upin_00018752	XLOC_012087	XLOC_012087
Upin_00018540	XLOC_012405	XLOC_012405
Upin_00018541	XLOC_012406	XLOC_012406
Upin_00018542	XLOC_012407	XLOC_012407
Upin_00018543	XLOC_012408	XLOC_012408
Upin_00018544	XLOC_012409	XLOC_012409
Upin_00018545	XLOC_012410	XLOC_012410
Upin_00018985	XLOC_012410	XLOC_012410
Upin_00018986	XLOC_012410	XLOC_012410
Upin_00018300	XLOC_012088	XLOC_012088
Upin_00018546	XLOC_012411	XLOC_012411
Upin_00018547	XLOC_012412	XLOC_012412
Upin_00018989	XLOC_012413	XLOC_012413
Upin_00018548	XLOC_012414	XLOC_012414
Upin_00018301	XLOC_012089	XLOC_012089
Upin_00018549	XLOC_012415	XLOC_012415
Upin_00018302	XLOC_012090	XLOC_012090
Upin_00018303	XLOC_012091	XLOC_012091
Upin_00018304	XLOC_012092	XLOC_012092
Upin_00018550	XLOC_012416	XLOC_012416
Upin_00018306	XLOC_012093	XLOC_012093
Upin_00018307	XLOC_012094	XLOC_012094
Upin_00018308	XLOC_012095	XLOC_012095
Upin_00018309	XLOC_012096	XLOC_012096
Upin_00018551	XLOC_012417	XLOC_012417
Upin_00018310	XLOC_012097	XLOC_012097
Upin_00018311	XLOC_012098	XLOC_012098
Upin_00018312	XLOC_012099	XLOC_012099
Upin_00018313	XLOC_012100	XLOC_012100
Upin_00018552	XLOC_012418	XLOC_012418
Upin_00018755	XLOC_012101	XLOC_012101
Upin_00018314	XLOC_012101	XLOC_012101
Upin_00018315	XLOC_012102	XLOC_012102
Upin_00018316	XLOC_012103	XLOC_012103
Upin_00018756	XLOC_012103	XLOC_012103
Upin_00018317	XLOC_012104	XLOC_012104
Upin_00018757	XLOC_012104	XLOC_012104
Upin_00018553	XLOC_012419	XLOC_012419
Upin_00018759	XLOC_012106	XLOC_012106
Upin_00018990	XLOC_012420	XLOC_012420
Upin_00018319	XLOC_012107	XLOC_012107
Upin_00018761	XLOC_012109	XLOC_012109
Upin_00018555	XLOC_012421	XLOC_012421
Upin_00018762	XLOC_012110	XLOC_012110
Upin_00018320	XLOC_012110	XLOC_012110
Upin_00018556	XLOC_012422	XLOC_012422
Upin_00018321	XLOC_012112	XLOC_012112
Upin_00018557	XLOC_012423	XLOC_012423
Upin_00018322	XLOC_012113	XLOC_012113
Upin_00018764	XLOC_012113	XLOC_012113
Upin_00018765	XLOC_012113	XLOC_012113
Upin_00018766	XLOC_012113	XLOC_012113
Upin_00018558	XLOC_012424	XLOC_012424
Upin_00018323	XLOC_012114	XLOC_012114
Upin_00018993	XLOC_012425	XLOC_012425
Upin_00018560	XLOC_012426	XLOC_012426
Upin_00018561	XLOC_012427	XLOC_012427
Upin_00018324	XLOC_012116	XLOC_012116
Upin_00018562	XLOC_012428	XLOC_012428
Upin_00018995	XLOC_012428	XLOC_012428
Upin_00018325	XLOC_012117	XLOC_012117
Upin_00018996	XLOC_012429	XLOC_012429
Upin_00018563	XLOC_012430	XLOC_012430
Upin_00018997	XLOC_012430	XLOC_012430
Upin_00018999	XLOC_012430	XLOC_012430
Upin_00018769	XLOC_012118	XLOC_012118
Upin_00018770	XLOC_012119	XLOC_012119
Upin_00018326	XLOC_012120	XLOC_012120
Upin_00018327	XLOC_012122	XLOC_012122
Upin_00018328	XLOC_012123	XLOC_012123
Upin_00018329	XLOC_012124	XLOC_012124
Upin_00018565	XLOC_012432	XLOC_012432
Upin_00018566	XLOC_012433	XLOC_012433
Upin_00018330	XLOC_012125	XLOC_012125
Upin_00018567	XLOC_012434	XLOC_012434
Upin_00018331	XLOC_012126	XLOC_012126
Upin_00019003	XLOC_012435	XLOC_012435
Upin_00018568	XLOC_012435	XLOC_012435
Upin_00019004	XLOC_012435	XLOC_012435
Upin_00019005	XLOC_012436	XLOC_012436
Upin_00018332	XLOC_012127	XLOC_012127
Upin_00018569	XLOC_012437	XLOC_012437
Upin_00019006	XLOC_012437	XLOC_012437
Upin_00018570	XLOC_012438	XLOC_012438
Upin_00018571	XLOC_012439	XLOC_012439
Upin_00018333	XLOC_012128	XLOC_012128
Upin_00018773	XLOC_012128	XLOC_012128
Upin_00018572	XLOC_012440	XLOC_012440
Upin_00018774	XLOC_012129	XLOC_012129
Upin_00018334	XLOC_012131	XLOC_012131
Upin_00018573	XLOC_012441	XLOC_012441
Upin_00019008	XLOC_012441	XLOC_012441
Upin_00019009	XLOC_012441	XLOC_012441
Upin_00018335	XLOC_012132	XLOC_012132
Upin_00018574	XLOC_012442	XLOC_012442
Upin_00018575	XLOC_012443	XLOC_012443
Upin_00018779	XLOC_012134	XLOC_012134
Upin_00019010	XLOC_012444	XLOC_012444
Upin_00018337	XLOC_012135	XLOC_012135
Upin_00018780	XLOC_012136	XLOC_012136
Upin_00018338	XLOC_012137	XLOC_012137
Upin_00018781	XLOC_012137	XLOC_012137
Upin_00018339	XLOC_012138	XLOC_012138
Upin_00018340	XLOC_012139	XLOC_012139
Upin_00018576	XLOC_012445	XLOC_012445
Upin_00018341	XLOC_012140	XLOC_012140
Upin_00018577	XLOC_012446	XLOC_012446
Upin_00018342	XLOC_012141	XLOC_012141
Upin_00019011	XLOC_012447	XLOC_012447
Upin_00019012	XLOC_012448	XLOC_012448
Upin_00018343	XLOC_012142	XLOC_012142
Upin_00018344	XLOC_012143	XLOC_012143
Upin_00018578	XLOC_012449	XLOC_012449
Upin_00018579	XLOC_012450	XLOC_012450
Upin_00018580	XLOC_012451	XLOC_012451
Upin_00018581	XLOC_012452	XLOC_012452
Upin_00018582	XLOC_012453	XLOC_012453
Upin_00018583	XLOC_012454	XLOC_012454
Upin_00018584	XLOC_012455	XLOC_012455
Upin_00018345	XLOC_012144	XLOC_012144
Upin_00018783	XLOC_012145	XLOC_012145
Upin_00018585	XLOC_012456	XLOC_012456
Upin_00019013	XLOC_012456	XLOC_012456
Upin_00018346	XLOC_012146	XLOC_012146
Upin_00018784	XLOC_012146	XLOC_012146
Upin_00018347	XLOC_012147	XLOC_012147
Upin_00018785	XLOC_012148	XLOC_012148
Upin_00018586	XLOC_012457	XLOC_012457
Upin_00018587	XLOC_012458	XLOC_012458
Upin_00018588	XLOC_012459	XLOC_012459
Upin_00018786	XLOC_012149	XLOC_012149
Upin_00018348	XLOC_012149	XLOC_012149
Upin_00018788	XLOC_012150	XLOC_012150
Upin_00019016	XLOC_012461	XLOC_012461
Upin_00018789	XLOC_012151	XLOC_012151
Upin_00018590	XLOC_012460	XLOC_012460
Upin_00018591	XLOC_012462	XLOC_012462
Upin_00019018	XLOC_012462	XLOC_012462
Upin_00018350	XLOC_012152	XLOC_012152
Upin_00018791	XLOC_012152	XLOC_012152
Upin_00019019	XLOC_012463	XLOC_012463
Upin_00018592	XLOC_012464	XLOC_012464
Upin_00018351	XLOC_012153	XLOC_012153
Upin_00018593	XLOC_012465	XLOC_012465
Upin_00019020	XLOC_012465	XLOC_012465
Upin_00018594	XLOC_012466	XLOC_012466
Upin_00018595	XLOC_012467	XLOC_012467
Upin_00018352	XLOC_012154	XLOC_012154
Upin_00018596	XLOC_012468	XLOC_012468
Upin_00019253	XLOC_012773	XLOC_012773
Upin_00019759	XLOC_012773	XLOC_012773
Upin_00019483	XLOC_012469	XLOC_012469
Upin_00019760	XLOC_012774	XLOC_012774
Upin_00019254	XLOC_012774	XLOC_012774
Upin_00019022	XLOC_012470	XLOC_012470
Upin_00019484	XLOC_012470	XLOC_012470
Upin_00019761	XLOC_012775	XLOC_012775
Upin_00019485	XLOC_012471	XLOC_012471
Upin_00019256	XLOC_012776	XLOC_012776
Upin_00019486	XLOC_012472	XLOC_012472
Upin_00019762	XLOC_012777	XLOC_012777
Upin_00019257	XLOC_012779	XLOC_012779
Upin_00019764	XLOC_012779	XLOC_012779
Upin_00019259	XLOC_012780	XLOC_012780
Upin_00019260	XLOC_012781	XLOC_012781
Upin_00019023	XLOC_012474	XLOC_012474
Upin_00019488	XLOC_012474	XLOC_012474
Upin_00019765	XLOC_012782	XLOC_012782
Upin_00019261	XLOC_012782	XLOC_012782
Upin_00019766	XLOC_012782	XLOC_012782
Upin_00019767	XLOC_012782	XLOC_012782
Upin_00019262	XLOC_012783	XLOC_012783
Upin_00019768	XLOC_012784	XLOC_012784
Upin_00019489	XLOC_012475	XLOC_012475
Upin_00019263	XLOC_012785	XLOC_012785
Upin_00019025	XLOC_012477	XLOC_012477
Upin_00019264	XLOC_012786	XLOC_012786
Upin_00019771	XLOC_012786	XLOC_012786
Upin_00019026	XLOC_012478	XLOC_012478
Upin_00019492	XLOC_012478	XLOC_012478
Upin_00019493	XLOC_012479	XLOC_012479
Upin_00019265	XLOC_012787	XLOC_012787
Upin_00019772	XLOC_012787	XLOC_012787
Upin_00019773	XLOC_012787	XLOC_012787
Upin_00019027	XLOC_012480	XLOC_012480
Upin_00019028	XLOC_012481	XLOC_012481
Upin_00019495	XLOC_012481	XLOC_012481
Upin_00019496	XLOC_012481	XLOC_012481
Upin_00019266	XLOC_012788	XLOC_012788
Upin_00019029	XLOC_012482	XLOC_012482
Upin_00019267	XLOC_012789	XLOC_012789
Upin_00019030	XLOC_012483	XLOC_012483
Upin_00019498	XLOC_012484	XLOC_012484
Upin_00019774	XLOC_012790	XLOC_012790
Upin_00019268	XLOC_012790	XLOC_012790
Upin_00019032	XLOC_012485	XLOC_012485
Upin_00019500	XLOC_012485	XLOC_012485
Upin_00019775	XLOC_012791	XLOC_012791
Upin_00019269	XLOC_012792	XLOC_012792
Upin_00019776	XLOC_012792	XLOC_012792
Upin_00019270	XLOC_012793	XLOC_012793
Upin_00019033	XLOC_012487	XLOC_012487
Upin_00019502	XLOC_012487	XLOC_012487
Upin_00019503	XLOC_012487	XLOC_012487
Upin_00019271	XLOC_012794	XLOC_012794
Upin_00019034	XLOC_012488	XLOC_012488
Upin_00019035	XLOC_012489	XLOC_012489
Upin_00019036	XLOC_012490	XLOC_012490
Upin_00019272	XLOC_012795	XLOC_012795
Upin_00019504	XLOC_012491	XLOC_012491
Upin_00019777	XLOC_012796	XLOC_012796
Upin_00019778	XLOC_012796	XLOC_012796
Upin_00019273	XLOC_012796	XLOC_012796
Upin_00019505	XLOC_012492	XLOC_012492
Upin_00019779	XLOC_012797	XLOC_012797
Upin_00019274	XLOC_012797	XLOC_012797
Upin_00019781	XLOC_012798	XLOC_012798
Upin_00019782	XLOC_012799	XLOC_012799
Upin_00019275	XLOC_012799	XLOC_012799
Upin_00019783	XLOC_012799	XLOC_012799
Upin_00019038	XLOC_012493	XLOC_012493
Upin_00019784	XLOC_012800	XLOC_012800
Upin_00019276	XLOC_012800	XLOC_012800
Upin_00019039	XLOC_012495	XLOC_012495
Upin_00019510	XLOC_012495	XLOC_012495
Upin_00019785	XLOC_012801	XLOC_012801
Upin_00019277	XLOC_012802	XLOC_012802
Upin_00019512	XLOC_012497	XLOC_012497
Upin_00019042	XLOC_012498	XLOC_012498
Upin_00019513	XLOC_012498	XLOC_012498
Upin_00019786	XLOC_012803	XLOC_012803
Upin_00019787	XLOC_012803	XLOC_012803
Upin_00019043	XLOC_012499	XLOC_012499
Upin_00019044	XLOC_012500	XLOC_012500
Upin_00019045	XLOC_012501	XLOC_012501
Upin_00019514	XLOC_012501	XLOC_012501
Upin_00019046	XLOC_012502	XLOC_012502
Upin_00019047	XLOC_012503	XLOC_012503
Upin_00019788	XLOC_012804	XLOC_012804
Upin_00019048	XLOC_012504	XLOC_012504
Upin_00019049	XLOC_012505	XLOC_012505
Upin_00019278	XLOC_012805	XLOC_012805
Upin_00019279	XLOC_012806	XLOC_012806
Upin_00019516	XLOC_012506	XLOC_012506
Upin_00019050	XLOC_012506	XLOC_012506
Upin_00019051	XLOC_012507	XLOC_012507
Upin_00019518	XLOC_012507	XLOC_012507
Upin_00019280	XLOC_012808	XLOC_012808
Upin_00019790	XLOC_012808	XLOC_012808
Upin_00019791	XLOC_012808	XLOC_012808
Upin_00019792	XLOC_012809	XLOC_012809
Upin_00019281	XLOC_012809	XLOC_012809
Upin_00019793	XLOC_012809	XLOC_012809
Upin_00019794	XLOC_012809	XLOC_012809
Upin_00019795	XLOC_012809	XLOC_012809
Upin_00019796	XLOC_012809	XLOC_012809
Upin_00019520	XLOC_012508	XLOC_012508
Upin_00019282	XLOC_012810	XLOC_012810
Upin_00019284	XLOC_012811	XLOC_012811
Upin_00019052	XLOC_012509	XLOC_012509
Upin_00019285	XLOC_012812	XLOC_012812
Upin_00019797	XLOC_012812	XLOC_012812
Upin_00019799	XLOC_012812	XLOC_012812
Upin_00019800	XLOC_012812	XLOC_012812
Upin_00019801	XLOC_012812	XLOC_012812
Upin_00019802	XLOC_012812	XLOC_012812
Upin_00019521	XLOC_012510	XLOC_012510
Upin_00019053	XLOC_012511	XLOC_012511
Upin_00019523	XLOC_012511	XLOC_012511
Upin_00019527	XLOC_012511	XLOC_012511
Upin_00019529	XLOC_012511	XLOC_012511
Upin_00019530	XLOC_012511	XLOC_012511
Upin_00019803	XLOC_012813	XLOC_012813
Upin_00019804	XLOC_012814	XLOC_012814
Upin_00019805	XLOC_012815	XLOC_012815
Upin_00019054	XLOC_012512	XLOC_012512
Upin_00019531	XLOC_012513	XLOC_012513
Upin_00019055	XLOC_012513	XLOC_012513
Upin_00019287	XLOC_012816	XLOC_012816
Upin_00019056	XLOC_012514	XLOC_012514
Upin_00019057	XLOC_012515	XLOC_012515
Upin_00019533	XLOC_012515	XLOC_012515
Upin_00019288	XLOC_012817	XLOC_012817
Upin_00019806	XLOC_012817	XLOC_012817
Upin_00019058	XLOC_012517	XLOC_012517
Upin_00019535	XLOC_012517	XLOC_012517
Upin_00019808	XLOC_012818	XLOC_012818
Upin_00019059	XLOC_012518	XLOC_012518
Upin_00019809	XLOC_012819	XLOC_012819
Upin_00019289	XLOC_012820	XLOC_012820
Upin_00019290	XLOC_012821	XLOC_012821
Upin_00019812	XLOC_012822	XLOC_012822
Upin_00019537	XLOC_012519	XLOC_012519
Upin_00019291	XLOC_012823	XLOC_012823
Upin_00019061	XLOC_012520	XLOC_012520
Upin_00019813	XLOC_012824	XLOC_012824
Upin_00019814	XLOC_012825	XLOC_012825
Upin_00019292	XLOC_012825	XLOC_012825
Upin_00019815	XLOC_012825	XLOC_012825
Upin_00019816	XLOC_012825	XLOC_012825
Upin_00019062	XLOC_012521	XLOC_012521
Upin_00019538	XLOC_012521	XLOC_012521
Upin_00019539	XLOC_012522	XLOC_012522
Upin_00019817	XLOC_012826	XLOC_012826
Upin_00019540	XLOC_012523	XLOC_012523
Upin_00019064	XLOC_012523	XLOC_012523
Upin_00019065	XLOC_012524	XLOC_012524
Upin_00019544	XLOC_012525	XLOC_012525
Upin_00019295	XLOC_012827	XLOC_012827
Upin_00019296	XLOC_012828	XLOC_012828
Upin_00019066	XLOC_012527	XLOC_012527
Upin_00019818	XLOC_012829	XLOC_012829
Upin_00019299	XLOC_012830	XLOC_012830
Upin_00019819	XLOC_012830	XLOC_012830
Upin_00019820	XLOC_012830	XLOC_012830
Upin_00019067	XLOC_012528	XLOC_012528
Upin_00019068	XLOC_012529	XLOC_012529
Upin_00019546	XLOC_012529	XLOC_012529
Upin_00019821	XLOC_012831	XLOC_012831
Upin_00019300	XLOC_012832	XLOC_012832
Upin_00019822	XLOC_012832	XLOC_012832
Upin_00019823	XLOC_012832	XLOC_012832
Upin_00019301	XLOC_012833	XLOC_012833
Upin_00019824	XLOC_012833	XLOC_012833
Upin_00019547	XLOC_012530	XLOC_012530
Upin_00019825	XLOC_012834	XLOC_012834
Upin_00019302	XLOC_012835	XLOC_012835
Upin_00019826	XLOC_012835	XLOC_012835
Upin_00019827	XLOC_012835	XLOC_012835
Upin_00019828	XLOC_012835	XLOC_012835
Upin_00019069	XLOC_012531	XLOC_012531
Upin_00019303	XLOC_012836	XLOC_012836
Upin_00019549	XLOC_012533	XLOC_012533
Upin_00019304	XLOC_012837	XLOC_012837
Upin_00019830	XLOC_012837	XLOC_012837
Upin_00019832	XLOC_012837	XLOC_012837
Upin_00019833	XLOC_012837	XLOC_012837
Upin_00019831	XLOC_012838	XLOC_012838
Upin_00019550	XLOC_012534	XLOC_012534
Upin_00019551	XLOC_012535	XLOC_012535
Upin_00019834	XLOC_012839	XLOC_012839
Upin_00019305	XLOC_012839	XLOC_012839
Upin_00019835	XLOC_012839	XLOC_012839
Upin_00019836	XLOC_012839	XLOC_012839
Upin_00019837	XLOC_012839	XLOC_012839
Upin_00019838	XLOC_012839	XLOC_012839
Upin_00019839	XLOC_012839	XLOC_012839
Upin_00019070	XLOC_012536	XLOC_012536
Upin_00019552	XLOC_012537	XLOC_012537
Upin_00019071	XLOC_012537	XLOC_012537
Upin_00019840	XLOC_012840	XLOC_012840
Upin_00019306	XLOC_012840	XLOC_012840
Upin_00019841	XLOC_012840	XLOC_012840
Upin_00019072	XLOC_012538	XLOC_012538
Upin_00019073	XLOC_012539	XLOC_012539
Upin_00019307	XLOC_012841	XLOC_012841
Upin_00019074	XLOC_012540	XLOC_012540
Upin_00019554	XLOC_012541	XLOC_012541
Upin_00019842	XLOC_012842	XLOC_012842
Upin_00019555	XLOC_012542	XLOC_012542
Upin_00019308	XLOC_012843	XLOC_012843
Upin_00019309	XLOC_012844	XLOC_012844
Upin_00019310	XLOC_012845	XLOC_012845
Upin_00019311	XLOC_012846	XLOC_012846
Upin_00019312	XLOC_012847	XLOC_012847
Upin_00019843	XLOC_012847	XLOC_012847
Upin_00019844	XLOC_012848	XLOC_012848
Upin_00019314	XLOC_012848	XLOC_012848
Upin_00019845	XLOC_012848	XLOC_012848
Upin_00019846	XLOC_012848	XLOC_012848
Upin_00019847	XLOC_012848	XLOC_012848
Upin_00019848	XLOC_012848	XLOC_012848
Upin_00019557	XLOC_012544	XLOC_012544
Upin_00019076	XLOC_012545	XLOC_012545
Upin_00019315	XLOC_012849	XLOC_012849
Upin_00019077	XLOC_012546	XLOC_012546
Upin_00019850	XLOC_012850	XLOC_012850
Upin_00019851	XLOC_012851	XLOC_012851
Upin_00019316	XLOC_012851	XLOC_012851
Upin_00019078	XLOC_012547	XLOC_012547
Upin_00019079	XLOC_012548	XLOC_012548
Upin_00019317	XLOC_012852	XLOC_012852
Upin_00019080	XLOC_012549	XLOC_012549
Upin_00019559	XLOC_012549	XLOC_012549
Upin_00019852	XLOC_012853	XLOC_012853
Upin_00019318	XLOC_012854	XLOC_012854
Upin_00019853	XLOC_012854	XLOC_012854
Upin_00019854	XLOC_012854	XLOC_012854
Upin_00019855	XLOC_012855	XLOC_012855
Upin_00019856	XLOC_012856	XLOC_012856
Upin_00019857	XLOC_012857	XLOC_012857
Upin_00019561	XLOC_012550	XLOC_012550
Upin_00019319	XLOC_012858	XLOC_012858
Upin_00019081	XLOC_012551	XLOC_012551
Upin_00019858	XLOC_012859	XLOC_012859
Upin_00019563	XLOC_012553	XLOC_012553
Upin_00019859	XLOC_012860	XLOC_012860
Upin_00019322	XLOC_012861	XLOC_012861
Upin_00019861	XLOC_012861	XLOC_012861
Upin_00019323	XLOC_012862	XLOC_012862
Upin_00019862	XLOC_012862	XLOC_012862
Upin_00019863	XLOC_012862	XLOC_012862
Upin_00019864	XLOC_012862	XLOC_012862
Upin_00019865	XLOC_012862	XLOC_012862
Upin_00019324	XLOC_012863	XLOC_012863
Upin_00019866	XLOC_012863	XLOC_012863
Upin_00019564	XLOC_012554	XLOC_012554
Upin_00019565	XLOC_012555	XLOC_012555
Upin_00019083	XLOC_012555	XLOC_012555
Upin_00019566	XLOC_012555	XLOC_012555
Upin_00019568	XLOC_012555	XLOC_012555
Upin_00019570	XLOC_012555	XLOC_012555
Upin_00019571	XLOC_012555	XLOC_012555
Upin_00019869	XLOC_012865	XLOC_012865
Upin_00019572	XLOC_012556	XLOC_012556
Upin_00019084	XLOC_012556	XLOC_012556
Upin_00019573	XLOC_012556	XLOC_012556
Upin_00019574	XLOC_012556	XLOC_012556
Upin_00019575	XLOC_012556	XLOC_012556
Upin_00019576	XLOC_012556	XLOC_012556
Upin_00019577	XLOC_012556	XLOC_012556
Upin_00019579	XLOC_012556	XLOC_012556
Upin_00019580	XLOC_012556	XLOC_012556
Upin_00019581	XLOC_012557	XLOC_012557
Upin_00019582	XLOC_012558	XLOC_012558
Upin_00019085	XLOC_012558	XLOC_012558
Upin_00019583	XLOC_012559	XLOC_012559
Upin_00019087	XLOC_012560	XLOC_012560
Upin_00019088	XLOC_012561	XLOC_012561
Upin_00019325	XLOC_012866	XLOC_012866
Upin_00019326	XLOC_012867	XLOC_012867
Upin_00019089	XLOC_012562	XLOC_012562
Upin_00019327	XLOC_012868	XLOC_012868
Upin_00019870	XLOC_012869	XLOC_012869
Upin_00019328	XLOC_012869	XLOC_012869
Upin_00019584	XLOC_012563	XLOC_012563
Upin_00019585	XLOC_012564	XLOC_012564
Upin_00019090	XLOC_012565	XLOC_012565
Upin_00019330	XLOC_012870	XLOC_012870
Upin_00019587	XLOC_012566	XLOC_012566
Upin_00019091	XLOC_012567	XLOC_012567
Upin_00019588	XLOC_012567	XLOC_012567
Upin_00019589	XLOC_012567	XLOC_012567
Upin_00019331	XLOC_012871	XLOC_012871
Upin_00019873	XLOC_012872	XLOC_012872
Upin_00019092	XLOC_012568	XLOC_012568
Upin_00019590	XLOC_012568	XLOC_012568
Upin_00019591	XLOC_012569	XLOC_012569
Upin_00019592	XLOC_012570	XLOC_012570
Upin_00019093	XLOC_012571	XLOC_012571
Upin_00019593	XLOC_012571	XLOC_012571
Upin_00019874	XLOC_012873	XLOC_012873
Upin_00019594	XLOC_012572	XLOC_012572
Upin_00019595	XLOC_012573	XLOC_012573
Upin_00019332	XLOC_012874	XLOC_012874
Upin_00019876	XLOC_012875	XLOC_012875
Upin_00019596	XLOC_012574	XLOC_012574
Upin_00019333	XLOC_012876	XLOC_012876
Upin_00019877	XLOC_012876	XLOC_012876
Upin_00019334	XLOC_012877	XLOC_012877
Upin_00019878	XLOC_012878	XLOC_012878
Upin_00019094	XLOC_012575	XLOC_012575
Upin_00019095	XLOC_012576	XLOC_012576
Upin_00019335	XLOC_012879	XLOC_012879
Upin_00019879	XLOC_012879	XLOC_012879
Upin_00019880	XLOC_012879	XLOC_012879
Upin_00019597	XLOC_012577	XLOC_012577
Upin_00019336	XLOC_012880	XLOC_012880
Upin_00019337	XLOC_012881	XLOC_012881
Upin_00019097	XLOC_012578	XLOC_012578
Upin_00019881	XLOC_012882	XLOC_012882
Upin_00019338	XLOC_012882	XLOC_012882
Upin_00019882	XLOC_012883	XLOC_012883
Upin_00019339	XLOC_012883	XLOC_012883
Upin_00019883	XLOC_012883	XLOC_012883
Upin_00019098	XLOC_012579	XLOC_012579
Upin_00019884	XLOC_012884	XLOC_012884
Upin_00019099	XLOC_012580	XLOC_012580
Upin_00019100	XLOC_012581	XLOC_012581
Upin_00019598	XLOC_012581	XLOC_012581
Upin_00019885	XLOC_012885	XLOC_012885
Upin_00019101	XLOC_012582	XLOC_012582
Upin_00019341	XLOC_012886	XLOC_012886
Upin_00019102	XLOC_012583	XLOC_012583
Upin_00019599	XLOC_012583	XLOC_012583
Upin_00019103	XLOC_012584	XLOC_012584
Upin_00019886	XLOC_012887	XLOC_012887
Upin_00019887	XLOC_012888	XLOC_012888
Upin_00019104	XLOC_012585	XLOC_012585
Upin_00019600	XLOC_012585	XLOC_012585
Upin_00019342	XLOC_012889	XLOC_012889
Upin_00019601	XLOC_012586	XLOC_012586
Upin_00019888	XLOC_012890	XLOC_012890
Upin_00019343	XLOC_012891	XLOC_012891
Upin_00019889	XLOC_012892	XLOC_012892
Upin_00019105	XLOC_012587	XLOC_012587
Upin_00019344	XLOC_012893	XLOC_012893
Upin_00019106	XLOC_012588	XLOC_012588
Upin_00019602	XLOC_012588	XLOC_012588
Upin_00019345	XLOC_012894	XLOC_012894
Upin_00019603	XLOC_012589	XLOC_012589
Upin_00019346	XLOC_012895	XLOC_012895
Upin_00019890	XLOC_012895	XLOC_012895
Upin_00019891	XLOC_012895	XLOC_012895
Upin_00019604	XLOC_012590	XLOC_012590
Upin_00019605	XLOC_012591	XLOC_012591
Upin_00019108	XLOC_012592	XLOC_012592
Upin_00019347	XLOC_012896	XLOC_012896
Upin_00019109	XLOC_012593	XLOC_012593
Upin_00019892	XLOC_012897	XLOC_012897
Upin_00019893	XLOC_012898	XLOC_012898
Upin_00019606	XLOC_012594	XLOC_012594
Upin_00019110	XLOC_012594	XLOC_012594
Upin_00019607	XLOC_012594	XLOC_012594
Upin_00019111	XLOC_012595	XLOC_012595
Upin_00019608	XLOC_012595	XLOC_012595
Upin_00019894	XLOC_012899	XLOC_012899
Upin_00019609	XLOC_012596	XLOC_012596
Upin_00019895	XLOC_012900	XLOC_012900
Upin_00019348	XLOC_012901	XLOC_012901
Upin_00019112	XLOC_012597	XLOC_012597
Upin_00019113	XLOC_012598	XLOC_012598
Upin_00019610	XLOC_012599	XLOC_012599
Upin_00019896	XLOC_012902	XLOC_012902
Upin_00019349	XLOC_012903	XLOC_012903
Upin_00019350	XLOC_012904	XLOC_012904
Upin_00019897	XLOC_012904	XLOC_012904
Upin_00019114	XLOC_012600	XLOC_012600
Upin_00019611	XLOC_012600	XLOC_012600
Upin_00019612	XLOC_012600	XLOC_012600
Upin_00019898	XLOC_012905	XLOC_012905
Upin_00019613	XLOC_012601	XLOC_012601
Upin_00019899	XLOC_012906	XLOC_012906
Upin_00019900	XLOC_012907	XLOC_012907
Upin_00019115	XLOC_012602	XLOC_012602
Upin_00019614	XLOC_012602	XLOC_012602
Upin_00019615	XLOC_012602	XLOC_012602
Upin_00019616	XLOC_012602	XLOC_012602
Upin_00019617	XLOC_012602	XLOC_012602
Upin_00019618	XLOC_012603	XLOC_012603
Upin_00019351	XLOC_012908	XLOC_012908
Upin_00019901	XLOC_012909	XLOC_012909
Upin_00019902	XLOC_012910	XLOC_012910
Upin_00019903	XLOC_012911	XLOC_012911
Upin_00019352	XLOC_012912	XLOC_012912
Upin_00019116	XLOC_012604	XLOC_012604
Upin_00019619	XLOC_012604	XLOC_012604
Upin_00019620	XLOC_012605	XLOC_012605
Upin_00019117	XLOC_012606	XLOC_012606
Upin_00019621	XLOC_012606	XLOC_012606
Upin_00019118	XLOC_012607	XLOC_012607
Upin_00019622	XLOC_012607	XLOC_012607
Upin_00019623	XLOC_012607	XLOC_012607
Upin_00019624	XLOC_012607	XLOC_012607
Upin_00019904	XLOC_012913	XLOC_012913
Upin_00019119	XLOC_012608	XLOC_012608
Upin_00019353	XLOC_012914	XLOC_012914
Upin_00019905	XLOC_012915	XLOC_012915
Upin_00019906	XLOC_012916	XLOC_012916
Upin_00019626	XLOC_012609	XLOC_012609
Upin_00019907	XLOC_012917	XLOC_012917
Upin_00019120	XLOC_012610	XLOC_012610
Upin_00019627	XLOC_012611	XLOC_012611
Upin_00019354	XLOC_012918	XLOC_012918
Upin_00019355	XLOC_012919	XLOC_012919
Upin_00019908	XLOC_012919	XLOC_012919
Upin_00019121	XLOC_012612	XLOC_012612
Upin_00019356	XLOC_012920	XLOC_012920
Upin_00019909	XLOC_012920	XLOC_012920
Upin_00019122	XLOC_012613	XLOC_012613
Upin_00019628	XLOC_012613	XLOC_012613
Upin_00019357	XLOC_012921	XLOC_012921
Upin_00019358	XLOC_012922	XLOC_012922
Upin_00019629	XLOC_012614	XLOC_012614
Upin_00019123	XLOC_012614	XLOC_012614
Upin_00019630	XLOC_012614	XLOC_012614
Upin_00019124	XLOC_012615	XLOC_012615
Upin_00019359	XLOC_012923	XLOC_012923
Upin_00019910	XLOC_012923	XLOC_012923
Upin_00019125	XLOC_012616	XLOC_012616
Upin_00019631	XLOC_012616	XLOC_012616
Upin_00019360	XLOC_012924	XLOC_012924
Upin_00019361	XLOC_012925	XLOC_012925
Upin_00019126	XLOC_012617	XLOC_012617
Upin_00019362	XLOC_012926	XLOC_012926
Upin_00019632	XLOC_012618	XLOC_012618
Upin_00019127	XLOC_012618	XLOC_012618
Upin_00019633	XLOC_012618	XLOC_012618
Upin_00019363	XLOC_012927	XLOC_012927
Upin_00019912	XLOC_012927	XLOC_012927
Upin_00019364	XLOC_012928	XLOC_012928
Upin_00019913	XLOC_012928	XLOC_012928
Upin_00019365	XLOC_012929	XLOC_012929
Upin_00019914	XLOC_012929	XLOC_012929
Upin_00019366	XLOC_012930	XLOC_012930
Upin_00019634	XLOC_012619	XLOC_012619
Upin_00019128	XLOC_012619	XLOC_012619
Upin_00019635	XLOC_012620	XLOC_012620
Upin_00019367	XLOC_012931	XLOC_012931
Upin_00019636	XLOC_012621	XLOC_012621
Upin_00019368	XLOC_012932	XLOC_012932
Upin_00019369	XLOC_012933	XLOC_012933
Upin_00019370	XLOC_012934	XLOC_012934
Upin_00019915	XLOC_012934	XLOC_012934
Upin_00019916	XLOC_012934	XLOC_012934
Upin_00019130	XLOC_012622	XLOC_012622
Upin_00019917	XLOC_012935	XLOC_012935
Upin_00019371	XLOC_012936	XLOC_012936
Upin_00019131	XLOC_012623	XLOC_012623
Upin_00019372	XLOC_012938	XLOC_012938
Upin_00019919	XLOC_012938	XLOC_012938
Upin_00019920	XLOC_012938	XLOC_012938
Upin_00019132	XLOC_012624	XLOC_012624
Upin_00019133	XLOC_012625	XLOC_012625
Upin_00019637	XLOC_012625	XLOC_012625
Upin_00019373	XLOC_012939	XLOC_012939
Upin_00019921	XLOC_012939	XLOC_012939
Upin_00019134	XLOC_012626	XLOC_012626
Upin_00019638	XLOC_012626	XLOC_012626
Upin_00019135	XLOC_012627	XLOC_012627
Upin_00019639	XLOC_012627	XLOC_012627
Upin_00019374	XLOC_012940	XLOC_012940
Upin_00019375	XLOC_012941	XLOC_012941
Upin_00019922	XLOC_012942	XLOC_012942
Upin_00019376	XLOC_012942	XLOC_012942
Upin_00019137	XLOC_012629	XLOC_012629
Upin_00019640	XLOC_012630	XLOC_012630
Upin_00019138	XLOC_012630	XLOC_012630
Upin_00019139	XLOC_012631	XLOC_012631
Upin_00019641	XLOC_012631	XLOC_012631
Upin_00019140	XLOC_012632	XLOC_012632
Upin_00019642	XLOC_012632	XLOC_012632
Upin_00019643	XLOC_012633	XLOC_012633
Upin_00019377	XLOC_012943	XLOC_012943
Upin_00019923	XLOC_012943	XLOC_012943
Upin_00019141	XLOC_012634	XLOC_012634
Upin_00019644	XLOC_012634	XLOC_012634
Upin_00019142	XLOC_012635	XLOC_012635
Upin_00019924	XLOC_012944	XLOC_012944
Upin_00019925	XLOC_012945	XLOC_012945
Upin_00019926	XLOC_012946	XLOC_012946
Upin_00019378	XLOC_012946	XLOC_012946
Upin_00019646	XLOC_012637	XLOC_012637
Upin_00019927	XLOC_012947	XLOC_012947
Upin_00019143	XLOC_012638	XLOC_012638
Upin_00019144	XLOC_012639	XLOC_012639
Upin_00019928	XLOC_012948	XLOC_012948
Upin_00019145	XLOC_012640	XLOC_012640
Upin_00019647	XLOC_012640	XLOC_012640
Upin_00019648	XLOC_012640	XLOC_012640
Upin_00019380	XLOC_012950	XLOC_012950
Upin_00019649	XLOC_012641	XLOC_012641
Upin_00019146	XLOC_012641	XLOC_012641
Upin_00019381	XLOC_012951	XLOC_012951
Upin_00019930	XLOC_012951	XLOC_012951
Upin_00019931	XLOC_012951	XLOC_012951
Upin_00019382	XLOC_012952	XLOC_012952
Upin_00019650	XLOC_012643	XLOC_012643
Upin_00019149	XLOC_012644	XLOC_012644
Upin_00019383	XLOC_012953	XLOC_012953
Upin_00019932	XLOC_012954	XLOC_012954
Upin_00019384	XLOC_012955	XLOC_012955
Upin_00019651	XLOC_012645	XLOC_012645
Upin_00019652	XLOC_012646	XLOC_012646
Upin_00019150	XLOC_012646	XLOC_012646
Upin_00019385	XLOC_012956	XLOC_012956
Upin_00019933	XLOC_012956	XLOC_012956
Upin_00019653	XLOC_012647	XLOC_012647
Upin_00019386	XLOC_012957	XLOC_012957
Upin_00019654	XLOC_012648	XLOC_012648
Upin_00019934	XLOC_012958	XLOC_012958
Upin_00019655	XLOC_012649	XLOC_012649
Upin_00019154	XLOC_012649	XLOC_012649
Upin_00019387	XLOC_012959	XLOC_012959
Upin_00019935	XLOC_012959	XLOC_012959
Upin_00019656	XLOC_012650	XLOC_012650
Upin_00019388	XLOC_012960	XLOC_012960
Upin_00019389	XLOC_012961	XLOC_012961
Upin_00019936	XLOC_012961	XLOC_012961
Upin_00019937	XLOC_012962	XLOC_012962
Upin_00019390	XLOC_012963	XLOC_012963
Upin_00019938	XLOC_012963	XLOC_012963
Upin_00019939	XLOC_012963	XLOC_012963
Upin_00019940	XLOC_012963	XLOC_012963
Upin_00019156	XLOC_012651	XLOC_012651
Upin_00019657	XLOC_012651	XLOC_012651
Upin_00019658	XLOC_012651	XLOC_012651
Upin_00019942	XLOC_012964	XLOC_012964
Upin_00019157	XLOC_012652	XLOC_012652
Upin_00019659	XLOC_012652	XLOC_012652
Upin_00019392	XLOC_012965	XLOC_012965
Upin_00019660	XLOC_012653	XLOC_012653
Upin_00019158	XLOC_012654	XLOC_012654
Upin_00019661	XLOC_012654	XLOC_012654
Upin_00019393	XLOC_012966	XLOC_012966
Upin_00019943	XLOC_012966	XLOC_012966
Upin_00019159	XLOC_012655	XLOC_012655
Upin_00019662	XLOC_012656	XLOC_012656
Upin_00019160	XLOC_012656	XLOC_012656
Upin_00019663	XLOC_012656	XLOC_012656
Upin_00019664	XLOC_012656	XLOC_012656
Upin_00019161	XLOC_012657	XLOC_012657
Upin_00019394	XLOC_012968	XLOC_012968
Upin_00019945	XLOC_012969	XLOC_012969
Upin_00019395	XLOC_012969	XLOC_012969
Upin_00019162	XLOC_012658	XLOC_012658
Upin_00019665	XLOC_012658	XLOC_012658
Upin_00019666	XLOC_012658	XLOC_012658
Upin_00019946	XLOC_012970	XLOC_012970
Upin_00019397	XLOC_012970	XLOC_012970
Upin_00019398	XLOC_012971	XLOC_012971
Upin_00019163	XLOC_012659	XLOC_012659
Upin_00019164	XLOC_012660	XLOC_012660
Upin_00019667	XLOC_012660	XLOC_012660
Upin_00019947	XLOC_012972	XLOC_012972
Upin_00019399	XLOC_012972	XLOC_012972
Upin_00019948	XLOC_012972	XLOC_012972
Upin_00019668	XLOC_012661	XLOC_012661
Upin_00019669	XLOC_012662	XLOC_012662
Upin_00019949	XLOC_012973	XLOC_012973
Upin_00019401	XLOC_012973	XLOC_012973
Upin_00019402	XLOC_012974	XLOC_012974
Upin_00019165	XLOC_012663	XLOC_012663
Upin_00019670	XLOC_012663	XLOC_012663
Upin_00019672	XLOC_012663	XLOC_012663
Upin_00019671	XLOC_012664	XLOC_012664
Upin_00019403	XLOC_012975	XLOC_012975
Upin_00019404	XLOC_012976	XLOC_012976
Upin_00019406	XLOC_012978	XLOC_012978
Upin_00019407	XLOC_012979	XLOC_012979
Upin_00019166	XLOC_012665	XLOC_012665
Upin_00019167	XLOC_012666	XLOC_012666
Upin_00019408	XLOC_012980	XLOC_012980
Upin_00019409	XLOC_012981	XLOC_012981
Upin_00019168	XLOC_012667	XLOC_012667
Upin_00019169	XLOC_012668	XLOC_012668
Upin_00019170	XLOC_012669	XLOC_012669
Upin_00019410	XLOC_012982	XLOC_012982
Upin_00019171	XLOC_012670	XLOC_012670
Upin_00019172	XLOC_012671	XLOC_012671
Upin_00019173	XLOC_012672	XLOC_012672
Upin_00019174	XLOC_012673	XLOC_012673
Upin_00019175	XLOC_012674	XLOC_012674
Upin_00019176	XLOC_012675	XLOC_012675
Upin_00019178	XLOC_012677	XLOC_012677
Upin_00019179	XLOC_012678	XLOC_012678
Upin_00019180	XLOC_012679	XLOC_012679
Upin_00019181	XLOC_012680	XLOC_012680
Upin_00019411	XLOC_012983	XLOC_012983
Upin_00019412	XLOC_012984	XLOC_012984
Upin_00019951	XLOC_012985	XLOC_012985
Upin_00019952	XLOC_012986	XLOC_012986
Upin_00019414	XLOC_012986	XLOC_012986
Upin_00019953	XLOC_012986	XLOC_012986
Upin_00019954	XLOC_012986	XLOC_012986
Upin_00019955	XLOC_012986	XLOC_012986
Upin_00019673	XLOC_012681	XLOC_012681
Upin_00019956	XLOC_012987	XLOC_012987
Upin_00019415	XLOC_012988	XLOC_012988
Upin_00019957	XLOC_012988	XLOC_012988
Upin_00019183	XLOC_012682	XLOC_012682
Upin_00019674	XLOC_012682	XLOC_012682
Upin_00019675	XLOC_012683	XLOC_012683
Upin_00019958	XLOC_012989	XLOC_012989
Upin_00019676	XLOC_012684	XLOC_012684
Upin_00019416	XLOC_012990	XLOC_012990
Upin_00019677	XLOC_012685	XLOC_012685
Upin_00019184	XLOC_012685	XLOC_012685
Upin_00019959	XLOC_012991	XLOC_012991
Upin_00019678	XLOC_012686	XLOC_012686
Upin_00019185	XLOC_012686	XLOC_012686
Upin_00019418	XLOC_012992	XLOC_012992
Upin_00019186	XLOC_012687	XLOC_012687
Upin_00019679	XLOC_012687	XLOC_012687
Upin_00019187	XLOC_012688	XLOC_012688
Upin_00019680	XLOC_012688	XLOC_012688
Upin_00019188	XLOC_012689	XLOC_012689
Upin_00019681	XLOC_012690	XLOC_012690
Upin_00019189	XLOC_012691	XLOC_012691
Upin_00019682	XLOC_012691	XLOC_012691
Upin_00019683	XLOC_012691	XLOC_012691
Upin_00019419	XLOC_012993	XLOC_012993
Upin_00019190	XLOC_012692	XLOC_012692
Upin_00019684	XLOC_012692	XLOC_012692
Upin_00019685	XLOC_012692	XLOC_012692
Upin_00019960	XLOC_012994	XLOC_012994
Upin_00019420	XLOC_012995	XLOC_012995
Upin_00019961	XLOC_012995	XLOC_012995
Upin_00019686	XLOC_012693	XLOC_012693
Upin_00019191	XLOC_012693	XLOC_012693
Upin_00019421	XLOC_012996	XLOC_012996
Upin_00019687	XLOC_012694	XLOC_012694
Upin_00019192	XLOC_012694	XLOC_012694
Upin_00019422	XLOC_012997	XLOC_012997
Upin_00019962	XLOC_012998	XLOC_012998
Upin_00019423	XLOC_012999	XLOC_012999
Upin_00019424	XLOC_013000	XLOC_013000
Upin_00019425	XLOC_013001	XLOC_013001
Upin_00019426	XLOC_013002	XLOC_013002
Upin_00019193	XLOC_012695	XLOC_012695
Upin_00019427	XLOC_013003	XLOC_013003
Upin_00019428	XLOC_013004	XLOC_013004
Upin_00019194	XLOC_012696	XLOC_012696
Upin_00019688	XLOC_012696	XLOC_012696
Upin_00019429	XLOC_013005	XLOC_013005
Upin_00019963	XLOC_013005	XLOC_013005
Upin_00019964	XLOC_013005	XLOC_013005
Upin_00019689	XLOC_012697	XLOC_012697
Upin_00019430	XLOC_013006	XLOC_013006
Upin_00019431	XLOC_013007	XLOC_013007
Upin_00019432	XLOC_013008	XLOC_013008
Upin_00019965	XLOC_013008	XLOC_013008
Upin_00019690	XLOC_012698	XLOC_012698
Upin_00019691	XLOC_012699	XLOC_012699
Upin_00019195	XLOC_012699	XLOC_012699
Upin_00019692	XLOC_012700	XLOC_012700
Upin_00019693	XLOC_012701	XLOC_012701
Upin_00019694	XLOC_012702	XLOC_012702
Upin_00019196	XLOC_012702	XLOC_012702
Upin_00019197	XLOC_012703	XLOC_012703
Upin_00019198	XLOC_012704	XLOC_012704
Upin_00019695	XLOC_012704	XLOC_012704
Upin_00019433	XLOC_013009	XLOC_013009
Upin_00019966	XLOC_013009	XLOC_013009
Upin_00019696	XLOC_012705	XLOC_012705
Upin_00019435	XLOC_013011	XLOC_013011
Upin_00019697	XLOC_012706	XLOC_012706
Upin_00019436	XLOC_013012	XLOC_013012
Upin_00019437	XLOC_013013	XLOC_013013
Upin_00019968	XLOC_013013	XLOC_013013
Upin_00019969	XLOC_013013	XLOC_013013
Upin_00019202	XLOC_012707	XLOC_012707
Upin_00019698	XLOC_012707	XLOC_012707
Upin_00019699	XLOC_012707	XLOC_012707
Upin_00019970	XLOC_013014	XLOC_013014
Upin_00019438	XLOC_013014	XLOC_013014
Upin_00019971	XLOC_013014	XLOC_013014
Upin_00019203	XLOC_012708	XLOC_012708
Upin_00019204	XLOC_012709	XLOC_012709
Upin_00019205	XLOC_012710	XLOC_012710
Upin_00019206	XLOC_012711	XLOC_012711
Upin_00019207	XLOC_012712	XLOC_012712
Upin_00019972	XLOC_013015	XLOC_013015
Upin_00019973	XLOC_013016	XLOC_013016
Upin_00019439	XLOC_013016	XLOC_013016
Upin_00019208	XLOC_012713	XLOC_012713
Upin_00019700	XLOC_012714	XLOC_012714
Upin_00019209	XLOC_012715	XLOC_012715
Upin_00019440	XLOC_013017	XLOC_013017
Upin_00019974	XLOC_013017	XLOC_013017
Upin_00019441	XLOC_013018	XLOC_013018
Upin_00019975	XLOC_013018	XLOC_013018
Upin_00019442	XLOC_013019	XLOC_013019
Upin_00019210	XLOC_012716	XLOC_012716
Upin_00019211	XLOC_012717	XLOC_012717
Upin_00019212	XLOC_012718	XLOC_012718
Upin_00019703	XLOC_012718	XLOC_012718
Upin_00019213	XLOC_012719	XLOC_012719
Upin_00019976	XLOC_013021	XLOC_013021
Upin_00019214	XLOC_012720	XLOC_012720
Upin_00019705	XLOC_012721	XLOC_012721
Upin_00019706	XLOC_012722	XLOC_012722
Upin_00019215	XLOC_012722	XLOC_012722
Upin_00019707	XLOC_012723	XLOC_012723
Upin_00019708	XLOC_012725	XLOC_012725
Upin_00019217	XLOC_012725	XLOC_012725
Upin_00019977	XLOC_013022	XLOC_013022
Upin_00019444	XLOC_013022	XLOC_013022
Upin_00019978	XLOC_013023	XLOC_013023
Upin_00019709	XLOC_012726	XLOC_012726
Upin_00019218	XLOC_012726	XLOC_012726
Upin_00019710	XLOC_012726	XLOC_012726
Upin_00019979	XLOC_013024	XLOC_013024
Upin_00019219	XLOC_012727	XLOC_012727
Upin_00019711	XLOC_012727	XLOC_012727
Upin_00019712	XLOC_012727	XLOC_012727
Upin_00019713	XLOC_012727	XLOC_012727
Upin_00019980	XLOC_013025	XLOC_013025
Upin_00019220	XLOC_012728	XLOC_012728
Upin_00019981	XLOC_013026	XLOC_013026
Upin_00019982	XLOC_013027	XLOC_013027
Upin_00019445	XLOC_013027	XLOC_013027
Upin_00019714	XLOC_012729	XLOC_012729
Upin_00019222	XLOC_012730	XLOC_012730
Upin_00019446	XLOC_013028	XLOC_013028
Upin_00019983	XLOC_013028	XLOC_013028
Upin_00019447	XLOC_013029	XLOC_013029
Upin_00019448	XLOC_013030	XLOC_013030
Upin_00019984	XLOC_013031	XLOC_013031
Upin_00019223	XLOC_012731	XLOC_012731
Upin_00019715	XLOC_012731	XLOC_012731
Upin_00019224	XLOC_012732	XLOC_012732
Upin_00019716	XLOC_012732	XLOC_012732
Upin_00019717	XLOC_012732	XLOC_012732
Upin_00019718	XLOC_012732	XLOC_012732
Upin_00019449	XLOC_013032	XLOC_013032
Upin_00019719	XLOC_012733	XLOC_012733
Upin_00019720	XLOC_012734	XLOC_012734
Upin_00019450	XLOC_013033	XLOC_013033
Upin_00019985	XLOC_013033	XLOC_013033
Upin_00019226	XLOC_012735	XLOC_012735
Upin_00019451	XLOC_013034	XLOC_013034
Upin_00019227	XLOC_012736	XLOC_012736
Upin_00019721	XLOC_012736	XLOC_012736
Upin_00019452	XLOC_013035	XLOC_013035
Upin_00019986	XLOC_013035	XLOC_013035
Upin_00019722	XLOC_012737	XLOC_012737
Upin_00019228	XLOC_012737	XLOC_012737
Upin_00019454	XLOC_013036	XLOC_013036
Upin_00019229	XLOC_012738	XLOC_012738
Upin_00019723	XLOC_012738	XLOC_012738
Upin_00019455	XLOC_013037	XLOC_013037
Upin_00019987	XLOC_013037	XLOC_013037
Upin_00019724	XLOC_012739	XLOC_012739
Upin_00019230	XLOC_012740	XLOC_012740
Upin_00019726	XLOC_012740	XLOC_012740
Upin_00019725	XLOC_012741	XLOC_012741
Upin_00019456	XLOC_013038	XLOC_013038
Upin_00019232	XLOC_012742	XLOC_012742
Upin_00019727	XLOC_012742	XLOC_012742
Upin_00019728	XLOC_012743	XLOC_012743
Upin_00019457	XLOC_013039	XLOC_013039
Upin_00019988	XLOC_013039	XLOC_013039
Upin_00019989	XLOC_013040	XLOC_013040
Upin_00019458	XLOC_013041	XLOC_013041
Upin_00019233	XLOC_012744	XLOC_012744
Upin_00019990	XLOC_013042	XLOC_013042
Upin_00019991	XLOC_013042	XLOC_013042
Upin_00019234	XLOC_012745	XLOC_012745
Upin_00019729	XLOC_012745	XLOC_012745
Upin_00019992	XLOC_013043	XLOC_013043
Upin_00019461	XLOC_013043	XLOC_013043
Upin_00019235	XLOC_012746	XLOC_012746
Upin_00019731	XLOC_012746	XLOC_012746
Upin_00019994	XLOC_013045	XLOC_013045
Upin_00019236	XLOC_012747	XLOC_012747
Upin_00019732	XLOC_012747	XLOC_012747
Upin_00019733	XLOC_012748	XLOC_012748
Upin_00019995	XLOC_013046	XLOC_013046
Upin_00019463	XLOC_013046	XLOC_013046
Upin_00019464	XLOC_013047	XLOC_013047
Upin_00019996	XLOC_013047	XLOC_013047
Upin_00019734	XLOC_012749	XLOC_012749
Upin_00019238	XLOC_012749	XLOC_012749
Upin_00019239	XLOC_012750	XLOC_012750
Upin_00019465	XLOC_013048	XLOC_013048
Upin_00019240	XLOC_012751	XLOC_012751
Upin_00019997	XLOC_013049	XLOC_013049
Upin_00019466	XLOC_013049	XLOC_013049
Upin_00019241	XLOC_012752	XLOC_012752
Upin_00019467	XLOC_013050	XLOC_013050
Upin_00019737	XLOC_012753	XLOC_012753
Upin_00019468	XLOC_013051	XLOC_013051
Upin_00019999	XLOC_013051	XLOC_013051
Upin_00020000	XLOC_013051	XLOC_013051
Upin_00020001	XLOC_013051	XLOC_013051
Upin_00019738	XLOC_012754	XLOC_012754
Upin_00019739	XLOC_012755	XLOC_012755
Upin_00019243	XLOC_012755	XLOC_012755
Upin_00019469	XLOC_013052	XLOC_013052
Upin_00020002	XLOC_013052	XLOC_013052
Upin_00019740	XLOC_012756	XLOC_012756
Upin_00019741	XLOC_012756	XLOC_012756
Upin_00019470	XLOC_013054	XLOC_013054
Upin_00019471	XLOC_013055	XLOC_013055
Upin_00019245	XLOC_012757	XLOC_012757
Upin_00019472	XLOC_013056	XLOC_013056
Upin_00020004	XLOC_013056	XLOC_013056
Upin_00020005	XLOC_013056	XLOC_013056
Upin_00019742	XLOC_012758	XLOC_012758
Upin_00019473	XLOC_013057	XLOC_013057
Upin_00020006	XLOC_013058	XLOC_013058
Upin_00019743	XLOC_012759	XLOC_012759
Upin_00019474	XLOC_013059	XLOC_013059
Upin_00020007	XLOC_013059	XLOC_013059
Upin_00020008	XLOC_013059	XLOC_013059
Upin_00019744	XLOC_012760	XLOC_012760
Upin_00020009	XLOC_013060	XLOC_013060
Upin_00019745	XLOC_012761	XLOC_012761
Upin_00020010	XLOC_013061	XLOC_013061
Upin_00019475	XLOC_013062	XLOC_013062
Upin_00020011	XLOC_013062	XLOC_013062
Upin_00020012	XLOC_013062	XLOC_013062
Upin_00020013	XLOC_013063	XLOC_013063
Upin_00020014	XLOC_013063	XLOC_013063
Upin_00019477	XLOC_013063	XLOC_013063
Upin_00020015	XLOC_013064	XLOC_013064
Upin_00019246	XLOC_012762	XLOC_012762
Upin_00019747	XLOC_012763	XLOC_012763
Upin_00019749	XLOC_012764	XLOC_012764
Upin_00020017	XLOC_013065	XLOC_013065
Upin_00020018	XLOC_013065	XLOC_013065
Upin_00019750	XLOC_012766	XLOC_012766
Upin_00019248	XLOC_012766	XLOC_012766
Upin_00019751	XLOC_012766	XLOC_012766
Upin_00020019	XLOC_013066	XLOC_013066
Upin_00019479	XLOC_013066	XLOC_013066
Upin_00019752	XLOC_012767	XLOC_012767
Upin_00019249	XLOC_012767	XLOC_012767
Upin_00019753	XLOC_012767	XLOC_012767
Upin_00019754	XLOC_012769	XLOC_012769
Upin_00019755	XLOC_012768	XLOC_012768
Upin_00019480	XLOC_013067	XLOC_013067
Upin_00019756	XLOC_012770	XLOC_012770
Upin_00019757	XLOC_012770	XLOC_012770
Upin_00019758	XLOC_012771	XLOC_012771
Upin_00019481	XLOC_013068	XLOC_013068
Upin_00019482	XLOC_013069	XLOC_013069
Upin_00019252	XLOC_012772	XLOC_012772
Upin_00020020	XLOC_013070	XLOC_013070
Upin_00020516	XLOC_013071	XLOC_013071
Upin_00020021	XLOC_013071	XLOC_013071
Upin_00020770	XLOC_013401	XLOC_013401
Upin_00020273	XLOC_013403	XLOC_013403
Upin_00020772	XLOC_013403	XLOC_013403
Upin_00020022	XLOC_013073	XLOC_013073
Upin_00020518	XLOC_013073	XLOC_013073
Upin_00020773	XLOC_013404	XLOC_013404
Upin_00020274	XLOC_013406	XLOC_013406
Upin_00020775	XLOC_013406	XLOC_013406
Upin_00020776	XLOC_013406	XLOC_013406
Upin_00020519	XLOC_013074	XLOC_013074
Upin_00020023	XLOC_013074	XLOC_013074
Upin_00020275	XLOC_013407	XLOC_013407
Upin_00020276	XLOC_013408	XLOC_013408
Upin_00020024	XLOC_013076	XLOC_013076
Upin_00020277	XLOC_013409	XLOC_013409
Upin_00020778	XLOC_013410	XLOC_013410
Upin_00020278	XLOC_013410	XLOC_013410
Upin_00020025	XLOC_013078	XLOC_013078
Upin_00020279	XLOC_013412	XLOC_013412
Upin_00020780	XLOC_013412	XLOC_013412
Upin_00020280	XLOC_013413	XLOC_013413
Upin_00020281	XLOC_013415	XLOC_013415
Upin_00020782	XLOC_013415	XLOC_013415
Upin_00020282	XLOC_013416	XLOC_013416
Upin_00020783	XLOC_013416	XLOC_013416
Upin_00020784	XLOC_013416	XLOC_013416
Upin_00020785	XLOC_013416	XLOC_013416
Upin_00020786	XLOC_013417	XLOC_013417
Upin_00020787	XLOC_013418	XLOC_013418
Upin_00020283	XLOC_013419	XLOC_013419
Upin_00020788	XLOC_013419	XLOC_013419
Upin_00020026	XLOC_013079	XLOC_013079
Upin_00020284	XLOC_013420	XLOC_013420
Upin_00020790	XLOC_013420	XLOC_013420
Upin_00020523	XLOC_013081	XLOC_013081
Upin_00020027	XLOC_013081	XLOC_013081
Upin_00020285	XLOC_013421	XLOC_013421
Upin_00020524	XLOC_013082	XLOC_013082
Upin_00020525	XLOC_013083	XLOC_013083
Upin_00020526	XLOC_013084	XLOC_013084
Upin_00020028	XLOC_013084	XLOC_013084
Upin_00020527	XLOC_013084	XLOC_013084
Upin_00020528	XLOC_013084	XLOC_013084
Upin_00020529	XLOC_013084	XLOC_013084
Upin_00020530	XLOC_013084	XLOC_013084
Upin_00020791	XLOC_013422	XLOC_013422
Upin_00020531	XLOC_013085	XLOC_013085
Upin_00020792	XLOC_013423	XLOC_013423
Upin_00020286	XLOC_013423	XLOC_013423
Upin_00020793	XLOC_013424	XLOC_013424
Upin_00020287	XLOC_013425	XLOC_013425
Upin_00020029	XLOC_013086	XLOC_013086
Upin_00020532	XLOC_013087	XLOC_013087
Upin_00020794	XLOC_013426	XLOC_013426
Upin_00020030	XLOC_013088	XLOC_013088
Upin_00020031	XLOC_013089	XLOC_013089
Upin_00020533	XLOC_013089	XLOC_013089
Upin_00020795	XLOC_013427	XLOC_013427
Upin_00020290	XLOC_013427	XLOC_013427
Upin_00020032	XLOC_013090	XLOC_013090
Upin_00020291	XLOC_013428	XLOC_013428
Upin_00020033	XLOC_013091	XLOC_013091
Upin_00020534	XLOC_013091	XLOC_013091
Upin_00020535	XLOC_013091	XLOC_013091
Upin_00020798	XLOC_013431	XLOC_013431
Upin_00020536	XLOC_013092	XLOC_013092
Upin_00020537	XLOC_013093	XLOC_013093
Upin_00020293	XLOC_013432	XLOC_013432
Upin_00020799	XLOC_013432	XLOC_013432
Upin_00020802	XLOC_013432	XLOC_013432
Upin_00020034	XLOC_013094	XLOC_013094
Upin_00020805	XLOC_013433	XLOC_013433
Upin_00020294	XLOC_013435	XLOC_013435
Upin_00020538	XLOC_013095	XLOC_013095
Upin_00020808	XLOC_013436	XLOC_013436
Upin_00020295	XLOC_013436	XLOC_013436
Upin_00020296	XLOC_013438	XLOC_013438
Upin_00020810	XLOC_013438	XLOC_013438
Upin_00020539	XLOC_013096	XLOC_013096
Upin_00020540	XLOC_013097	XLOC_013097
Upin_00020035	XLOC_013098	XLOC_013098
Upin_00020541	XLOC_013098	XLOC_013098
Upin_00020036	XLOC_013099	XLOC_013099
Upin_00020543	XLOC_013099	XLOC_013099
Upin_00020544	XLOC_013099	XLOC_013099
Upin_00020037	XLOC_013100	XLOC_013100
Upin_00020811	XLOC_013439	XLOC_013439
Upin_00020297	XLOC_013439	XLOC_013439
Upin_00020812	XLOC_013440	XLOC_013440
Upin_00020298	XLOC_013440	XLOC_013440
Upin_00020545	XLOC_013101	XLOC_013101
Upin_00020299	XLOC_013441	XLOC_013441
Upin_00020039	XLOC_013102	XLOC_013102
Upin_00020546	XLOC_013102	XLOC_013102
Upin_00020548	XLOC_013102	XLOC_013102
Upin_00020813	XLOC_013442	XLOC_013442
Upin_00020547	XLOC_013103	XLOC_013103
Upin_00020814	XLOC_013443	XLOC_013443
Upin_00020300	XLOC_013444	XLOC_013444
Upin_00020549	XLOC_013104	XLOC_013104
Upin_00020301	XLOC_013445	XLOC_013445
Upin_00020816	XLOC_013446	XLOC_013446
Upin_00020041	XLOC_013105	XLOC_013105
Upin_00020042	XLOC_013106	XLOC_013106
Upin_00020043	XLOC_013107	XLOC_013107
Upin_00020550	XLOC_013107	XLOC_013107
Upin_00020817	XLOC_013447	XLOC_013447
Upin_00020302	XLOC_013448	XLOC_013448
Upin_00020551	XLOC_013108	XLOC_013108
Upin_00020044	XLOC_013109	XLOC_013109
Upin_00020303	XLOC_013449	XLOC_013449
Upin_00020045	XLOC_013111	XLOC_013111
Upin_00020553	XLOC_013111	XLOC_013111
Upin_00020554	XLOC_013111	XLOC_013111
Upin_00020555	XLOC_013111	XLOC_013111
Upin_00020556	XLOC_013111	XLOC_013111
Upin_00020304	XLOC_013450	XLOC_013450
Upin_00020046	XLOC_013112	XLOC_013112
Upin_00020557	XLOC_013112	XLOC_013112
Upin_00020047	XLOC_013113	XLOC_013113
Upin_00020818	XLOC_013451	XLOC_013451
Upin_00020819	XLOC_013452	XLOC_013452
Upin_00020048	XLOC_013114	XLOC_013114
Upin_00020558	XLOC_013114	XLOC_013114
Upin_00020559	XLOC_013114	XLOC_013114
Upin_00020560	XLOC_013115	XLOC_013115
Upin_00020049	XLOC_013115	XLOC_013115
Upin_00020305	XLOC_013453	XLOC_013453
Upin_00020820	XLOC_013453	XLOC_013453
Upin_00020050	XLOC_013116	XLOC_013116
Upin_00020561	XLOC_013117	XLOC_013117
Upin_00020821	XLOC_013454	XLOC_013454
Upin_00020562	XLOC_013118	XLOC_013118
Upin_00020822	XLOC_013455	XLOC_013455
Upin_00020306	XLOC_013456	XLOC_013456
Upin_00020823	XLOC_013456	XLOC_013456
Upin_00020563	XLOC_013119	XLOC_013119
Upin_00020824	XLOC_013457	XLOC_013457
Upin_00020053	XLOC_013120	XLOC_013120
Upin_00020825	XLOC_013458	XLOC_013458
Upin_00020826	XLOC_013459	XLOC_013459
Upin_00020308	XLOC_013459	XLOC_013459
Upin_00020827	XLOC_013459	XLOC_013459
Upin_00020828	XLOC_013459	XLOC_013459
Upin_00020829	XLOC_013459	XLOC_013459
Upin_00020565	XLOC_013121	XLOC_013121
Upin_00020054	XLOC_013122	XLOC_013122
Upin_00020309	XLOC_013460	XLOC_013460
Upin_00020830	XLOC_013460	XLOC_013460
Upin_00020566	XLOC_013123	XLOC_013123
Upin_00020056	XLOC_013124	XLOC_013124
Upin_00020567	XLOC_013124	XLOC_013124
Upin_00020831	XLOC_013461	XLOC_013461
Upin_00020310	XLOC_013462	XLOC_013462
Upin_00020057	XLOC_013125	XLOC_013125
Upin_00020568	XLOC_013125	XLOC_013125
Upin_00020311	XLOC_013463	XLOC_013463
Upin_00020569	XLOC_013126	XLOC_013126
Upin_00020058	XLOC_013126	XLOC_013126
Upin_00020570	XLOC_013126	XLOC_013126
Upin_00020833	XLOC_013464	XLOC_013464
Upin_00020312	XLOC_013465	XLOC_013465
Upin_00020834	XLOC_013465	XLOC_013465
Upin_00020059	XLOC_013127	XLOC_013127
Upin_00020313	XLOC_013466	XLOC_013466
Upin_00020835	XLOC_013466	XLOC_013466
Upin_00020836	XLOC_013467	XLOC_013467
Upin_00020314	XLOC_013467	XLOC_013467
Upin_00020315	XLOC_013468	XLOC_013468
Upin_00020837	XLOC_013468	XLOC_013468
Upin_00020838	XLOC_013468	XLOC_013468
Upin_00020839	XLOC_013468	XLOC_013468
Upin_00020316	XLOC_013469	XLOC_013469
Upin_00020060	XLOC_013128	XLOC_013128
Upin_00020572	XLOC_013128	XLOC_013128
Upin_00020843	XLOC_013471	XLOC_013471
Upin_00020844	XLOC_013471	XLOC_013471
Upin_00020845	XLOC_013472	XLOC_013472
Upin_00020061	XLOC_013129	XLOC_013129
Upin_00020062	XLOC_013130	XLOC_013130
Upin_00020319	XLOC_013473	XLOC_013473
Upin_00020846	XLOC_013473	XLOC_013473
Upin_00020063	XLOC_013131	XLOC_013131
Upin_00020573	XLOC_013131	XLOC_013131
Upin_00020320	XLOC_013475	XLOC_013475
Upin_00020064	XLOC_013132	XLOC_013132
Upin_00020321	XLOC_013476	XLOC_013476
Upin_00020065	XLOC_013133	XLOC_013133
Upin_00020848	XLOC_013477	XLOC_013477
Upin_00020322	XLOC_013477	XLOC_013477
Upin_00020066	XLOC_013134	XLOC_013134
Upin_00020323	XLOC_013478	XLOC_013478
Upin_00020067	XLOC_013136	XLOC_013136
Upin_00020575	XLOC_013136	XLOC_013136
Upin_00020324	XLOC_013479	XLOC_013479
Upin_00020577	XLOC_013138	XLOC_013138
Upin_00020325	XLOC_013480	XLOC_013480
Upin_00020578	XLOC_013139	XLOC_013139
Upin_00020068	XLOC_013140	XLOC_013140
Upin_00020326	XLOC_013481	XLOC_013481
Upin_00020069	XLOC_013141	XLOC_013141
Upin_00020070	XLOC_013142	XLOC_013142
Upin_00020071	XLOC_013143	XLOC_013143
Upin_00020849	XLOC_013482	XLOC_013482
Upin_00020327	XLOC_013482	XLOC_013482
Upin_00020072	XLOC_013144	XLOC_013144
Upin_00020328	XLOC_013483	XLOC_013483
Upin_00020579	XLOC_013145	XLOC_013145
Upin_00020329	XLOC_013484	XLOC_013484
Upin_00020850	XLOC_013484	XLOC_013484
Upin_00020581	XLOC_013147	XLOC_013147
Upin_00020330	XLOC_013485	XLOC_013485
Upin_00020073	XLOC_013148	XLOC_013148
Upin_00020851	XLOC_013486	XLOC_013486
Upin_00020331	XLOC_013487	XLOC_013487
Upin_00020332	XLOC_013488	XLOC_013488
Upin_00020852	XLOC_013488	XLOC_013488
Upin_00020333	XLOC_013489	XLOC_013489
Upin_00020853	XLOC_013489	XLOC_013489
Upin_00020074	XLOC_013149	XLOC_013149
Upin_00020075	XLOC_013150	XLOC_013150
Upin_00020582	XLOC_013150	XLOC_013150
Upin_00020583	XLOC_013150	XLOC_013150
Upin_00020076	XLOC_013151	XLOC_013151
Upin_00020854	XLOC_013490	XLOC_013490
Upin_00020334	XLOC_013490	XLOC_013490
Upin_00020855	XLOC_013491	XLOC_013491
Upin_00020335	XLOC_013492	XLOC_013492
Upin_00020856	XLOC_013492	XLOC_013492
Upin_00020336	XLOC_013493	XLOC_013493
Upin_00020077	XLOC_013154	XLOC_013154
Upin_00020337	XLOC_013494	XLOC_013494
Upin_00020857	XLOC_013495	XLOC_013495
Upin_00020586	XLOC_013155	XLOC_013155
Upin_00020859	XLOC_013497	XLOC_013497
Upin_00020338	XLOC_013497	XLOC_013497
Upin_00020860	XLOC_013498	XLOC_013498
Upin_00020339	XLOC_013499	XLOC_013499
Upin_00020587	XLOC_013156	XLOC_013156
Upin_00020340	XLOC_013501	XLOC_013501
Upin_00020862	XLOC_013501	XLOC_013501
Upin_00020078	XLOC_013157	XLOC_013157
Upin_00020588	XLOC_013157	XLOC_013157
Upin_00020079	XLOC_013158	XLOC_013158
Upin_00020080	XLOC_013159	XLOC_013159
Upin_00020589	XLOC_013159	XLOC_013159
Upin_00020081	XLOC_013160	XLOC_013160
Upin_00020590	XLOC_013161	XLOC_013161
Upin_00020082	XLOC_013162	XLOC_013162
Upin_00020591	XLOC_013162	XLOC_013162
Upin_00020341	XLOC_013503	XLOC_013503
Upin_00020083	XLOC_013165	XLOC_013165
Upin_00020084	XLOC_013166	XLOC_013166
Upin_00020342	XLOC_013504	XLOC_013504
Upin_00020595	XLOC_013167	XLOC_013167
Upin_00020343	XLOC_013505	XLOC_013505
Upin_00020865	XLOC_013505	XLOC_013505
Upin_00020086	XLOC_013168	XLOC_013168
Upin_00020344	XLOC_013507	XLOC_013507
Upin_00020345	XLOC_013508	XLOC_013508
Upin_00020087	XLOC_013169	XLOC_013169
Upin_00020088	XLOC_013170	XLOC_013170
Upin_00020346	XLOC_013509	XLOC_013509
Upin_00020347	XLOC_013510	XLOC_013510
Upin_00020348	XLOC_013511	XLOC_013511
Upin_00020867	XLOC_013512	XLOC_013512
Upin_00020089	XLOC_013171	XLOC_013171
Upin_00020868	XLOC_013513	XLOC_013513
Upin_00020350	XLOC_013514	XLOC_013514
Upin_00020351	XLOC_013515	XLOC_013515
Upin_00020596	XLOC_013172	XLOC_013172
Upin_00020869	XLOC_013516	XLOC_013516
Upin_00020090	XLOC_013173	XLOC_013173
Upin_00020352	XLOC_013517	XLOC_013517
Upin_00020871	XLOC_013517	XLOC_013517
Upin_00020870	XLOC_013518	XLOC_013518
Upin_00020091	XLOC_013174	XLOC_013174
Upin_00020598	XLOC_013174	XLOC_013174
Upin_00020599	XLOC_013174	XLOC_013174
Upin_00020600	XLOC_013174	XLOC_013174
Upin_00020872	XLOC_013519	XLOC_013519
Upin_00020092	XLOC_013175	XLOC_013175
Upin_00020093	XLOC_013176	XLOC_013176
Upin_00020094	XLOC_013177	XLOC_013177
Upin_00020873	XLOC_013520	XLOC_013520
Upin_00020353	XLOC_013521	XLOC_013521
Upin_00020601	XLOC_013178	XLOC_013178
Upin_00020095	XLOC_013178	XLOC_013178
Upin_00020354	XLOC_013522	XLOC_013522
Upin_00020355	XLOC_013523	XLOC_013523
Upin_00020875	XLOC_013524	XLOC_013524
Upin_00020876	XLOC_013525	XLOC_013525
Upin_00020356	XLOC_013525	XLOC_013525
Upin_00020877	XLOC_013525	XLOC_013525
Upin_00020357	XLOC_013526	XLOC_013526
Upin_00020358	XLOC_013527	XLOC_013527
Upin_00020359	XLOC_013528	XLOC_013528
Upin_00020878	XLOC_013529	XLOC_013529
Upin_00020361	XLOC_013530	XLOC_013530
Upin_00020879	XLOC_013531	XLOC_013531
Upin_00020363	XLOC_013531	XLOC_013531
Upin_00020096	XLOC_013179	XLOC_013179
Upin_00020602	XLOC_013180	XLOC_013180
Upin_00020365	XLOC_013532	XLOC_013532
Upin_00020366	XLOC_013533	XLOC_013533
Upin_00020881	XLOC_013533	XLOC_013533
Upin_00020098	XLOC_013181	XLOC_013181
Upin_00020367	XLOC_013534	XLOC_013534
Upin_00020099	XLOC_013182	XLOC_013182
Upin_00020603	XLOC_013183	XLOC_013183
Upin_00020368	XLOC_013535	XLOC_013535
Upin_00020100	XLOC_013184	XLOC_013184
Upin_00020101	XLOC_013185	XLOC_013185
Upin_00020604	XLOC_013185	XLOC_013185
Upin_00020102	XLOC_013186	XLOC_013186
Upin_00020369	XLOC_013536	XLOC_013536
Upin_00020883	XLOC_013536	XLOC_013536
Upin_00020884	XLOC_013536	XLOC_013536
Upin_00020885	XLOC_013537	XLOC_013537
Upin_00020886	XLOC_013538	XLOC_013538
Upin_00020103	XLOC_013187	XLOC_013187
Upin_00020606	XLOC_013187	XLOC_013187
Upin_00020607	XLOC_013187	XLOC_013187
Upin_00020608	XLOC_013187	XLOC_013187
Upin_00020609	XLOC_013188	XLOC_013188
Upin_00020104	XLOC_013188	XLOC_013188
Upin_00020370	XLOC_013539	XLOC_013539
Upin_00020371	XLOC_013540	XLOC_013540
Upin_00020887	XLOC_013540	XLOC_013540
Upin_00020372	XLOC_013541	XLOC_013541
Upin_00020106	XLOC_013191	XLOC_013191
Upin_00020107	XLOC_013192	XLOC_013192
Upin_00020611	XLOC_013193	XLOC_013193
Upin_00020108	XLOC_013193	XLOC_013193
Upin_00020612	XLOC_013193	XLOC_013193
Upin_00020613	XLOC_013193	XLOC_013193
Upin_00020373	XLOC_013542	XLOC_013542
Upin_00020888	XLOC_013542	XLOC_013542
Upin_00020614	XLOC_013194	XLOC_013194
Upin_00020891	XLOC_013545	XLOC_013545
Upin_00020616	XLOC_013196	XLOC_013196
Upin_00020374	XLOC_013546	XLOC_013546
Upin_00020617	XLOC_013197	XLOC_013197
Upin_00020618	XLOC_013198	XLOC_013198
Upin_00020375	XLOC_013547	XLOC_013547
Upin_00020620	XLOC_013200	XLOC_013200
Upin_00020110	XLOC_013200	XLOC_013200
Upin_00020621	XLOC_013200	XLOC_013200
Upin_00020622	XLOC_013200	XLOC_013200
Upin_00020376	XLOC_013548	XLOC_013548
Upin_00020377	XLOC_013549	XLOC_013549
Upin_00020892	XLOC_013549	XLOC_013549
Upin_00020111	XLOC_013201	XLOC_013201
Upin_00020623	XLOC_013202	XLOC_013202
Upin_00020378	XLOC_013550	XLOC_013550
Upin_00020112	XLOC_013203	XLOC_013203
Upin_00020893	XLOC_013551	XLOC_013551
Upin_00020114	XLOC_013204	XLOC_013204
Upin_00020625	XLOC_013205	XLOC_013205
Upin_00020115	XLOC_013205	XLOC_013205
Upin_00020626	XLOC_013205	XLOC_013205
Upin_00020380	XLOC_013552	XLOC_013552
Upin_00020894	XLOC_013552	XLOC_013552
Upin_00020627	XLOC_013206	XLOC_013206
Upin_00020117	XLOC_013207	XLOC_013207
Upin_00020381	XLOC_013553	XLOC_013553
Upin_00020118	XLOC_013209	XLOC_013209
Upin_00020119	XLOC_013210	XLOC_013210
Upin_00020382	XLOC_013554	XLOC_013554
Upin_00020629	XLOC_013211	XLOC_013211
Upin_00020120	XLOC_013212	XLOC_013212
Upin_00020630	XLOC_013212	XLOC_013212
Upin_00020383	XLOC_013556	XLOC_013556
Upin_00020121	XLOC_013213	XLOC_013213
Upin_00020122	XLOC_013214	XLOC_013214
Upin_00020633	XLOC_013214	XLOC_013214
Upin_00020896	XLOC_013557	XLOC_013557
Upin_00020384	XLOC_013558	XLOC_013558
Upin_00020385	XLOC_013559	XLOC_013559
Upin_00020123	XLOC_013216	XLOC_013216
Upin_00020897	XLOC_013560	XLOC_013560
Upin_00020386	XLOC_013560	XLOC_013560
Upin_00020899	XLOC_013560	XLOC_013560
Upin_00020635	XLOC_013217	XLOC_013217
Upin_00020636	XLOC_013218	XLOC_013218
Upin_00020125	XLOC_013218	XLOC_013218
Upin_00020126	XLOC_013219	XLOC_013219
Upin_00020388	XLOC_013562	XLOC_013562
Upin_00020389	XLOC_013563	XLOC_013563
Upin_00020637	XLOC_013220	XLOC_013220
Upin_00020900	XLOC_013564	XLOC_013564
Upin_00020390	XLOC_013565	XLOC_013565
Upin_00020638	XLOC_013221	XLOC_013221
Upin_00020127	XLOC_013221	XLOC_013221
Upin_00020901	XLOC_013566	XLOC_013566
Upin_00020391	XLOC_013566	XLOC_013566
Upin_00020128	XLOC_013222	XLOC_013222
Upin_00020639	XLOC_013222	XLOC_013222
Upin_00020392	XLOC_013567	XLOC_013567
Upin_00020902	XLOC_013567	XLOC_013567
Upin_00020129	XLOC_013223	XLOC_013223
Upin_00020640	XLOC_013223	XLOC_013223
Upin_00020641	XLOC_013223	XLOC_013223
Upin_00020393	XLOC_013568	XLOC_013568
Upin_00020394	XLOC_013569	XLOC_013569
Upin_00020130	XLOC_013224	XLOC_013224
Upin_00020642	XLOC_013224	XLOC_013224
Upin_00020643	XLOC_013224	XLOC_013224
Upin_00020644	XLOC_013224	XLOC_013224
Upin_00020903	XLOC_013570	XLOC_013570
Upin_00020645	XLOC_013225	XLOC_013225
Upin_00020131	XLOC_013225	XLOC_013225
Upin_00020132	XLOC_013226	XLOC_013226
Upin_00020133	XLOC_013228	XLOC_013228
Upin_00020134	XLOC_013229	XLOC_013229
Upin_00020395	XLOC_013571	XLOC_013571
Upin_00020135	XLOC_013230	XLOC_013230
Upin_00020904	XLOC_013572	XLOC_013572
Upin_00020905	XLOC_013573	XLOC_013573
Upin_00020396	XLOC_013574	XLOC_013574
Upin_00020907	XLOC_013574	XLOC_013574
Upin_00020908	XLOC_013575	XLOC_013575
Upin_00020397	XLOC_013575	XLOC_013575
Upin_00020136	XLOC_013231	XLOC_013231
Upin_00020398	XLOC_013576	XLOC_013576
Upin_00020399	XLOC_013577	XLOC_013577
Upin_00020909	XLOC_013577	XLOC_013577
Upin_00020137	XLOC_013232	XLOC_013232
Upin_00020400	XLOC_013578	XLOC_013578
Upin_00020910	XLOC_013578	XLOC_013578
Upin_00020138	XLOC_013233	XLOC_013233
Upin_00020650	XLOC_013233	XLOC_013233
Upin_00020651	XLOC_013234	XLOC_013234
Upin_00020911	XLOC_013579	XLOC_013579
Upin_00020140	XLOC_013235	XLOC_013235
Upin_00020141	XLOC_013236	XLOC_013236
Upin_00020401	XLOC_013580	XLOC_013580
Upin_00020653	XLOC_013238	XLOC_013238
Upin_00020402	XLOC_013581	XLOC_013581
Upin_00020912	XLOC_013582	XLOC_013582
Upin_00020142	XLOC_013239	XLOC_013239
Upin_00020655	XLOC_013239	XLOC_013239
Upin_00020914	XLOC_013584	XLOC_013584
Upin_00020143	XLOC_013240	XLOC_013240
Upin_00020656	XLOC_013240	XLOC_013240
Upin_00020403	XLOC_013585	XLOC_013585
Upin_00020404	XLOC_013586	XLOC_013586
Upin_00020405	XLOC_013587	XLOC_013587
Upin_00020657	XLOC_013241	XLOC_013241
Upin_00020144	XLOC_013242	XLOC_013242
Upin_00020659	XLOC_013242	XLOC_013242
Upin_00020915	XLOC_013588	XLOC_013588
Upin_00020145	XLOC_013243	XLOC_013243
Upin_00020916	XLOC_013589	XLOC_013589
Upin_00020146	XLOC_013244	XLOC_013244
Upin_00020917	XLOC_013590	XLOC_013590
Upin_00020918	XLOC_013591	XLOC_013591
Upin_00020919	XLOC_013592	XLOC_013592
Upin_00020920	XLOC_013593	XLOC_013593
Upin_00020921	XLOC_013594	XLOC_013594
Upin_00020406	XLOC_013594	XLOC_013594
Upin_00020922	XLOC_013594	XLOC_013594
Upin_00020923	XLOC_013594	XLOC_013594
Upin_00020407	XLOC_013595	XLOC_013595
Upin_00020660	XLOC_013245	XLOC_013245
Upin_00020147	XLOC_013245	XLOC_013245
Upin_00020925	XLOC_013597	XLOC_013597
Upin_00020926	XLOC_013598	XLOC_013598
Upin_00020148	XLOC_013246	XLOC_013246
Upin_00020661	XLOC_013246	XLOC_013246
Upin_00020408	XLOC_013599	XLOC_013599
Upin_00020149	XLOC_013247	XLOC_013247
Upin_00020150	XLOC_013248	XLOC_013248
Upin_00020662	XLOC_013248	XLOC_013248
Upin_00020409	XLOC_013600	XLOC_013600
Upin_00020927	XLOC_013600	XLOC_013600
Upin_00020928	XLOC_013600	XLOC_013600
Upin_00020151	XLOC_013249	XLOC_013249
Upin_00020152	XLOC_013250	XLOC_013250
Upin_00020929	XLOC_013601	XLOC_013601
Upin_00020153	XLOC_013251	XLOC_013251
Upin_00020663	XLOC_013251	XLOC_013251
Upin_00020154	XLOC_013252	XLOC_013252
Upin_00020155	XLOC_013253	XLOC_013253
Upin_00020156	XLOC_013254	XLOC_013254
Upin_00020157	XLOC_013255	XLOC_013255
Upin_00020158	XLOC_013256	XLOC_013256
Upin_00020159	XLOC_013257	XLOC_013257
Upin_00020160	XLOC_013258	XLOC_013258
Upin_00020161	XLOC_013259	XLOC_013259
Upin_00020162	XLOC_013260	XLOC_013260
Upin_00020163	XLOC_013261	XLOC_013261
Upin_00020664	XLOC_013262	XLOC_013262
Upin_00020164	XLOC_013262	XLOC_013262
Upin_00020665	XLOC_013262	XLOC_013262
Upin_00020165	XLOC_013264	XLOC_013264
Upin_00020667	XLOC_013264	XLOC_013264
Upin_00020668	XLOC_013264	XLOC_013264
Upin_00020410	XLOC_013602	XLOC_013602
Upin_00020930	XLOC_013602	XLOC_013602
Upin_00020669	XLOC_013265	XLOC_013265
Upin_00020166	XLOC_013265	XLOC_013265
Upin_00020670	XLOC_013265	XLOC_013265
Upin_00020671	XLOC_013266	XLOC_013266
Upin_00020167	XLOC_013266	XLOC_013266
Upin_00020411	XLOC_013603	XLOC_013603
Upin_00020931	XLOC_013603	XLOC_013603
Upin_00020932	XLOC_013603	XLOC_013603
Upin_00020933	XLOC_013603	XLOC_013603
Upin_00020672	XLOC_013267	XLOC_013267
Upin_00020673	XLOC_013268	XLOC_013268
Upin_00020168	XLOC_013268	XLOC_013268
Upin_00020935	XLOC_013604	XLOC_013604
Upin_00020413	XLOC_013605	XLOC_013605
Upin_00020169	XLOC_013269	XLOC_013269
Upin_00020170	XLOC_013270	XLOC_013270
Upin_00020171	XLOC_013271	XLOC_013271
Upin_00020414	XLOC_013606	XLOC_013606
Upin_00020172	XLOC_013272	XLOC_013272
Upin_00020415	XLOC_013607	XLOC_013607
Upin_00020173	XLOC_013273	XLOC_013273
Upin_00020674	XLOC_013274	XLOC_013274
Upin_00020416	XLOC_013608	XLOC_013608
Upin_00020675	XLOC_013275	XLOC_013275
Upin_00020174	XLOC_013276	XLOC_013276
Upin_00020175	XLOC_013277	XLOC_013277
Upin_00020676	XLOC_013277	XLOC_013277
Upin_00020417	XLOC_013609	XLOC_013609
Upin_00020939	XLOC_013609	XLOC_013609
Upin_00020677	XLOC_013278	XLOC_013278
Upin_00020176	XLOC_013278	XLOC_013278
Upin_00020418	XLOC_013610	XLOC_013610
Upin_00020419	XLOC_013611	XLOC_013611
Upin_00020420	XLOC_013612	XLOC_013612
Upin_00020421	XLOC_013613	XLOC_013613
Upin_00020422	XLOC_013614	XLOC_013614
Upin_00020423	XLOC_013615	XLOC_013615
Upin_00020941	XLOC_013615	XLOC_013615
Upin_00020679	XLOC_013279	XLOC_013279
Upin_00020178	XLOC_013280	XLOC_013280
Upin_00020680	XLOC_013280	XLOC_013280
Upin_00020180	XLOC_013281	XLOC_013281
Upin_00020181	XLOC_013282	XLOC_013282
Upin_00020424	XLOC_013616	XLOC_013616
Upin_00020182	XLOC_013283	XLOC_013283
Upin_00020425	XLOC_013617	XLOC_013617
Upin_00020943	XLOC_013617	XLOC_013617
Upin_00020945	XLOC_013617	XLOC_013617
Upin_00020947	XLOC_013618	XLOC_013618
Upin_00020426	XLOC_013619	XLOC_013619
Upin_00020949	XLOC_013620	XLOC_013620
Upin_00020427	XLOC_013620	XLOC_013620
Upin_00020428	XLOC_013621	XLOC_013621
Upin_00020951	XLOC_013621	XLOC_013621
Upin_00020952	XLOC_013621	XLOC_013621
Upin_00020956	XLOC_013621	XLOC_013621
Upin_00020953	XLOC_013622	XLOC_013622
Upin_00020681	XLOC_013284	XLOC_013284
Upin_00020183	XLOC_013284	XLOC_013284
Upin_00020184	XLOC_013285	XLOC_013285
Upin_00020683	XLOC_013286	XLOC_013286
Upin_00020185	XLOC_013286	XLOC_013286
Upin_00020684	XLOC_013286	XLOC_013286
Upin_00020685	XLOC_013286	XLOC_013286
Upin_00020686	XLOC_013287	XLOC_013287
Upin_00020687	XLOC_013288	XLOC_013288
Upin_00020429	XLOC_013623	XLOC_013623
Upin_00020186	XLOC_013289	XLOC_013289
Upin_00020688	XLOC_013289	XLOC_013289
Upin_00020430	XLOC_013624	XLOC_013624
Upin_00020187	XLOC_013290	XLOC_013290
Upin_00020188	XLOC_013291	XLOC_013291
Upin_00020431	XLOC_013625	XLOC_013625
Upin_00020189	XLOC_013292	XLOC_013292
Upin_00020958	XLOC_013626	XLOC_013626
Upin_00020433	XLOC_013627	XLOC_013627
Upin_00020434	XLOC_013628	XLOC_013628
Upin_00020435	XLOC_013629	XLOC_013629
Upin_00020690	XLOC_013294	XLOC_013294
Upin_00020959	XLOC_013630	XLOC_013630
Upin_00020437	XLOC_013631	XLOC_013631
Upin_00020960	XLOC_013631	XLOC_013631
Upin_00020190	XLOC_013295	XLOC_013295
Upin_00020438	XLOC_013632	XLOC_013632
Upin_00020691	XLOC_013296	XLOC_013296
Upin_00020191	XLOC_013296	XLOC_013296
Upin_00020439	XLOC_013633	XLOC_013633
Upin_00020963	XLOC_013633	XLOC_013633
Upin_00020692	XLOC_013297	XLOC_013297
Upin_00020192	XLOC_013297	XLOC_013297
Upin_00020440	XLOC_013634	XLOC_013634
Upin_00020441	XLOC_013635	XLOC_013635
Upin_00020442	XLOC_013636	XLOC_013636
Upin_00020443	XLOC_013637	XLOC_013637
Upin_00020444	XLOC_013638	XLOC_013638
Upin_00020445	XLOC_013639	XLOC_013639
Upin_00020446	XLOC_013640	XLOC_013640
Upin_00020693	XLOC_013298	XLOC_013298
Upin_00020694	XLOC_013299	XLOC_013299
Upin_00020447	XLOC_013641	XLOC_013641
Upin_00020194	XLOC_013300	XLOC_013300
Upin_00020695	XLOC_013301	XLOC_013301
Upin_00020696	XLOC_013302	XLOC_013302
Upin_00020448	XLOC_013642	XLOC_013642
Upin_00020196	XLOC_013303	XLOC_013303
Upin_00020197	XLOC_013304	XLOC_013304
Upin_00020449	XLOC_013643	XLOC_013643
Upin_00020199	XLOC_013306	XLOC_013306
Upin_00020450	XLOC_013644	XLOC_013644
Upin_00020200	XLOC_013307	XLOC_013307
Upin_00020201	XLOC_013308	XLOC_013308
Upin_00020697	XLOC_013308	XLOC_013308
Upin_00020965	XLOC_013645	XLOC_013645
Upin_00020966	XLOC_013646	XLOC_013646
Upin_00020202	XLOC_013309	XLOC_013309
Upin_00020698	XLOC_013310	XLOC_013310
Upin_00020967	XLOC_013648	XLOC_013648
Upin_00020453	XLOC_013649	XLOC_013649
Upin_00020968	XLOC_013650	XLOC_013650
Upin_00020969	XLOC_013651	XLOC_013651
Upin_00020203	XLOC_013311	XLOC_013311
Upin_00020699	XLOC_013311	XLOC_013311
Upin_00020454	XLOC_013652	XLOC_013652
Upin_00020455	XLOC_013654	XLOC_013654
Upin_00020971	XLOC_013654	XLOC_013654
Upin_00020700	XLOC_013312	XLOC_013312
Upin_00020204	XLOC_013312	XLOC_013312
Upin_00020456	XLOC_013655	XLOC_013655
Upin_00020972	XLOC_013655	XLOC_013655
Upin_00020973	XLOC_013655	XLOC_013655
Upin_00020457	XLOC_013656	XLOC_013656
Upin_00020701	XLOC_013313	XLOC_013313
Upin_00020205	XLOC_013314	XLOC_013314
Upin_00020458	XLOC_013657	XLOC_013657
Upin_00020206	XLOC_013315	XLOC_013315
Upin_00020702	XLOC_013315	XLOC_013315
Upin_00020207	XLOC_013316	XLOC_013316
Upin_00020703	XLOC_013317	XLOC_013317
Upin_00020208	XLOC_013317	XLOC_013317
Upin_00020704	XLOC_013317	XLOC_013317
Upin_00020705	XLOC_013318	XLOC_013318
Upin_00020459	XLOC_013659	XLOC_013659
Upin_00020978	XLOC_013659	XLOC_013659
Upin_00020979	XLOC_013659	XLOC_013659
Upin_00020706	XLOC_013319	XLOC_013319
Upin_00020460	XLOC_013660	XLOC_013660
Upin_00020209	XLOC_013320	XLOC_013320
Upin_00020707	XLOC_013320	XLOC_013320
Upin_00020708	XLOC_013320	XLOC_013320
Upin_00020461	XLOC_013661	XLOC_013661
Upin_00020981	XLOC_013661	XLOC_013661
Upin_00020982	XLOC_013661	XLOC_013661
Upin_00020210	XLOC_013322	XLOC_013322
Upin_00020462	XLOC_013662	XLOC_013662
Upin_00020710	XLOC_013323	XLOC_013323
Upin_00020463	XLOC_013664	XLOC_013664
Upin_00020711	XLOC_013324	XLOC_013324
Upin_00020211	XLOC_013325	XLOC_013325
Upin_00020712	XLOC_013325	XLOC_013325
Upin_00020212	XLOC_013326	XLOC_013326
Upin_00020464	XLOC_013665	XLOC_013665
Upin_00020713	XLOC_013327	XLOC_013327
Upin_00020714	XLOC_013328	XLOC_013328
Upin_00020715	XLOC_013329	XLOC_013329
Upin_00020716	XLOC_013330	XLOC_013330
Upin_00020214	XLOC_013331	XLOC_013331
Upin_00020987	XLOC_013666	XLOC_013666
Upin_00020215	XLOC_013332	XLOC_013332
Upin_00020717	XLOC_013333	XLOC_013333
Upin_00020216	XLOC_013333	XLOC_013333
Upin_00020718	XLOC_013333	XLOC_013333
Upin_00020719	XLOC_013333	XLOC_013333
Upin_00020720	XLOC_013334	XLOC_013334
Upin_00020466	XLOC_013667	XLOC_013667
Upin_00020217	XLOC_013335	XLOC_013335
Upin_00020218	XLOC_013336	XLOC_013336
Upin_00020721	XLOC_013336	XLOC_013336
Upin_00020722	XLOC_013336	XLOC_013336
Upin_00020723	XLOC_013336	XLOC_013336
Upin_00020724	XLOC_013336	XLOC_013336
Upin_00020725	XLOC_013336	XLOC_013336
Upin_00020726	XLOC_013336	XLOC_013336
Upin_00020219	XLOC_013337	XLOC_013337
Upin_00020727	XLOC_013337	XLOC_013337
Upin_00020728	XLOC_013338	XLOC_013338
Upin_00020729	XLOC_013339	XLOC_013339
Upin_00020988	XLOC_013668	XLOC_013668
Upin_00020730	XLOC_013340	XLOC_013340
Upin_00020467	XLOC_013669	XLOC_013669
Upin_00020468	XLOC_013670	XLOC_013670
Upin_00020731	XLOC_013341	XLOC_013341
Upin_00020222	XLOC_013342	XLOC_013342
Upin_00020732	XLOC_013342	XLOC_013342
Upin_00020469	XLOC_013671	XLOC_013671
Upin_00020989	XLOC_013671	XLOC_013671
Upin_00020223	XLOC_013343	XLOC_013343
Upin_00020470	XLOC_013672	XLOC_013672
Upin_00020224	XLOC_013344	XLOC_013344
Upin_00020471	XLOC_013673	XLOC_013673
Upin_00020225	XLOC_013345	XLOC_013345
Upin_00020990	XLOC_013674	XLOC_013674
Upin_00020733	XLOC_013346	XLOC_013346
Upin_00020472	XLOC_013675	XLOC_013675
Upin_00020473	XLOC_013676	XLOC_013676
Upin_00020734	XLOC_013347	XLOC_013347
Upin_00020993	XLOC_013678	XLOC_013678
Upin_00020475	XLOC_013679	XLOC_013679
Upin_00020476	XLOC_013681	XLOC_013681
Upin_00020736	XLOC_013349	XLOC_013349
Upin_00020227	XLOC_013350	XLOC_013350
Upin_00020229	XLOC_013351	XLOC_013351
Upin_00020737	XLOC_013351	XLOC_013351
Upin_00020995	XLOC_013682	XLOC_013682
Upin_00020477	XLOC_013683	XLOC_013683
Upin_00020230	XLOC_013352	XLOC_013352
Upin_00020231	XLOC_013353	XLOC_013353
Upin_00020996	XLOC_013684	XLOC_013684
Upin_00020478	XLOC_013684	XLOC_013684
Upin_00020999	XLOC_013685	XLOC_013685
Upin_00020479	XLOC_013686	XLOC_013686
Upin_00020232	XLOC_013354	XLOC_013354
Upin_00021001	XLOC_013687	XLOC_013687
Upin_00020233	XLOC_013355	XLOC_013355
Upin_00020480	XLOC_013688	XLOC_013688
Upin_00020739	XLOC_013356	XLOC_013356
Upin_00020235	XLOC_013357	XLOC_013357
Upin_00020740	XLOC_013357	XLOC_013357
Upin_00020481	XLOC_013689	XLOC_013689
Upin_00020741	XLOC_013358	XLOC_013358
Upin_00020482	XLOC_013690	XLOC_013690
Upin_00021003	XLOC_013690	XLOC_013690
Upin_00021004	XLOC_013691	XLOC_013691
Upin_00020236	XLOC_013359	XLOC_013359
Upin_00021005	XLOC_013692	XLOC_013692
Upin_00020483	XLOC_013692	XLOC_013692
Upin_00020237	XLOC_013360	XLOC_013360
Upin_00020742	XLOC_013360	XLOC_013360
Upin_00021006	XLOC_013693	XLOC_013693
Upin_00020484	XLOC_013693	XLOC_013693
Upin_00020238	XLOC_013361	XLOC_013361
Upin_00020239	XLOC_013362	XLOC_013362
Upin_00020743	XLOC_013362	XLOC_013362
Upin_00020485	XLOC_013694	XLOC_013694
Upin_00021007	XLOC_013694	XLOC_013694
Upin_00021008	XLOC_013695	XLOC_013695
Upin_00020240	XLOC_013364	XLOC_013364
Upin_00020745	XLOC_013364	XLOC_013364
Upin_00020746	XLOC_013365	XLOC_013365
Upin_00020241	XLOC_013365	XLOC_013365
Upin_00020486	XLOC_013696	XLOC_013696
Upin_00020242	XLOC_013366	XLOC_013366
Upin_00020747	XLOC_013366	XLOC_013366
Upin_00020487	XLOC_013698	XLOC_013698
Upin_00020243	XLOC_013367	XLOC_013367
Upin_00020244	XLOC_013368	XLOC_013368
Upin_00020488	XLOC_013699	XLOC_013699
Upin_00020245	XLOC_013370	XLOC_013370
Upin_00020489	XLOC_013700	XLOC_013700
Upin_00021011	XLOC_013701	XLOC_013701
Upin_00020750	XLOC_013371	XLOC_013371
Upin_00020246	XLOC_013372	XLOC_013372
Upin_00020751	XLOC_013372	XLOC_013372
Upin_00020490	XLOC_013702	XLOC_013702
Upin_00020247	XLOC_013373	XLOC_013373
Upin_00020752	XLOC_013373	XLOC_013373
Upin_00020753	XLOC_013373	XLOC_013373
Upin_00020491	XLOC_013703	XLOC_013703
Upin_00020492	XLOC_013705	XLOC_013705
Upin_00020493	XLOC_013706	XLOC_013706
Upin_00021015	XLOC_013706	XLOC_013706
Upin_00021016	XLOC_013706	XLOC_013706
Upin_00021017	XLOC_013706	XLOC_013706
Upin_00021018	XLOC_013706	XLOC_013706
Upin_00020248	XLOC_013374	XLOC_013374
Upin_00020249	XLOC_013375	XLOC_013375
Upin_00020494	XLOC_013707	XLOC_013707
Upin_00021019	XLOC_013707	XLOC_013707
Upin_00020250	XLOC_013376	XLOC_013376
Upin_00020754	XLOC_013376	XLOC_013376
Upin_00020755	XLOC_013376	XLOC_013376
Upin_00020251	XLOC_013377	XLOC_013377
Upin_00020756	XLOC_013377	XLOC_013377
Upin_00021020	XLOC_013708	XLOC_013708
Upin_00020757	XLOC_013378	XLOC_013378
Upin_00020252	XLOC_013378	XLOC_013378
Upin_00021022	XLOC_013710	XLOC_013710
Upin_00020253	XLOC_013379	XLOC_013379
Upin_00020758	XLOC_013379	XLOC_013379
Upin_00021023	XLOC_013711	XLOC_013711
Upin_00021024	XLOC_013712	XLOC_013712
Upin_00020759	XLOC_013380	XLOC_013380
Upin_00020495	XLOC_013713	XLOC_013713
Upin_00020760	XLOC_013381	XLOC_013381
Upin_00020496	XLOC_013714	XLOC_013714
Upin_00021026	XLOC_013714	XLOC_013714
Upin_00020255	XLOC_013382	XLOC_013382
Upin_00020761	XLOC_013382	XLOC_013382
Upin_00020497	XLOC_013717	XLOC_013717
Upin_00020257	XLOC_013383	XLOC_013383
Upin_00020498	XLOC_013718	XLOC_013718
Upin_00021030	XLOC_013719	XLOC_013719
Upin_00020258	XLOC_013384	XLOC_013384
Upin_00020259	XLOC_013385	XLOC_013385
Upin_00020499	XLOC_013720	XLOC_013720
Upin_00020500	XLOC_013721	XLOC_013721
Upin_00021031	XLOC_013721	XLOC_013721
Upin_00020501	XLOC_013722	XLOC_013722
Upin_00020502	XLOC_013723	XLOC_013723
Upin_00020260	XLOC_013386	XLOC_013386
Upin_00020503	XLOC_013724	XLOC_013724
Upin_00021032	XLOC_013724	XLOC_013724
Upin_00020261	XLOC_013387	XLOC_013387
Upin_00020504	XLOC_013726	XLOC_013726
Upin_00020505	XLOC_013727	XLOC_013727
Upin_00020506	XLOC_013728	XLOC_013728
Upin_00020507	XLOC_013729	XLOC_013729
Upin_00020508	XLOC_013730	XLOC_013730
Upin_00020262	XLOC_013389	XLOC_013389
Upin_00020509	XLOC_013731	XLOC_013731
Upin_00021036	XLOC_013731	XLOC_013731
Upin_00020764	XLOC_013390	XLOC_013390
Upin_00020510	XLOC_013732	XLOC_013732
Upin_00020765	XLOC_013391	XLOC_013391
Upin_00020263	XLOC_013391	XLOC_013391
Upin_00020512	XLOC_013733	XLOC_013733
Upin_00020766	XLOC_013392	XLOC_013392
Upin_00020264	XLOC_013392	XLOC_013392
Upin_00020513	XLOC_013734	XLOC_013734
Upin_00021038	XLOC_013734	XLOC_013734
Upin_00020265	XLOC_013393	XLOC_013393
Upin_00020266	XLOC_013394	XLOC_013394
Upin_00020267	XLOC_013395	XLOC_013395
Upin_00020767	XLOC_013395	XLOC_013395
Upin_00021039	XLOC_013735	XLOC_013735
Upin_00020268	XLOC_013396	XLOC_013396
Upin_00020768	XLOC_013396	XLOC_013396
Upin_00020269	XLOC_013397	XLOC_013397
Upin_00020270	XLOC_013398	XLOC_013398
Upin_00020515	XLOC_013736	XLOC_013736
Upin_00020271	XLOC_013399	XLOC_013399
Upin_00020272	XLOC_013400	XLOC_013400
Upin_00021743	XLOC_014038	XLOC_014038
Upin_00021744	XLOC_014038	XLOC_014038
Upin_00021040	XLOC_013737	XLOC_013737
Upin_00021041	XLOC_013738	XLOC_013738
Upin_00021500	XLOC_013738	XLOC_013738
Upin_00021269	XLOC_014039	XLOC_014039
Upin_00021501	XLOC_013739	XLOC_013739
Upin_00021747	XLOC_014041	XLOC_014041
Upin_00021270	XLOC_014042	XLOC_014042
Upin_00021042	XLOC_013740	XLOC_013740
Upin_00021043	XLOC_013741	XLOC_013741
Upin_00021748	XLOC_014043	XLOC_014043
Upin_00021749	XLOC_014044	XLOC_014044
Upin_00021271	XLOC_014045	XLOC_014045
Upin_00021504	XLOC_013742	XLOC_013742
Upin_00021044	XLOC_013742	XLOC_013742
Upin_00021505	XLOC_013742	XLOC_013742
Upin_00021506	XLOC_013742	XLOC_013742
Upin_00021507	XLOC_013742	XLOC_013742
Upin_00021272	XLOC_014046	XLOC_014046
Upin_00021045	XLOC_013743	XLOC_013743
Upin_00021273	XLOC_014047	XLOC_014047
Upin_00021509	XLOC_013744	XLOC_013744
Upin_00021047	XLOC_013744	XLOC_013744
Upin_00021750	XLOC_014048	XLOC_014048
Upin_00021274	XLOC_014049	XLOC_014049
Upin_00021275	XLOC_014050	XLOC_014050
Upin_00021048	XLOC_013745	XLOC_013745
Upin_00021276	XLOC_014051	XLOC_014051
Upin_00021049	XLOC_013746	XLOC_013746
Upin_00021277	XLOC_014052	XLOC_014052
Upin_00021278	XLOC_014053	XLOC_014053
Upin_00021279	XLOC_014054	XLOC_014054
Upin_00021754	XLOC_014054	XLOC_014054
Upin_00021280	XLOC_014055	XLOC_014055
Upin_00021755	XLOC_014055	XLOC_014055
Upin_00021281	XLOC_014056	XLOC_014056
Upin_00021050	XLOC_013747	XLOC_013747
Upin_00021511	XLOC_013747	XLOC_013747
Upin_00021051	XLOC_013748	XLOC_013748
Upin_00021282	XLOC_014057	XLOC_014057
Upin_00021052	XLOC_013749	XLOC_013749
Upin_00021283	XLOC_014058	XLOC_014058
Upin_00021053	XLOC_013750	XLOC_013750
Upin_00021284	XLOC_014059	XLOC_014059
Upin_00021285	XLOC_014060	XLOC_014060
Upin_00021054	XLOC_013751	XLOC_013751
Upin_00021055	XLOC_013752	XLOC_013752
Upin_00021286	XLOC_014061	XLOC_014061
Upin_00021056	XLOC_013753	XLOC_013753
Upin_00021287	XLOC_014062	XLOC_014062
Upin_00021514	XLOC_013754	XLOC_013754
Upin_00021760	XLOC_014063	XLOC_014063
Upin_00021057	XLOC_013755	XLOC_013755
Upin_00021761	XLOC_014064	XLOC_014064
Upin_00021762	XLOC_014065	XLOC_014065
Upin_00021288	XLOC_014066	XLOC_014066
Upin_00021289	XLOC_014067	XLOC_014067
Upin_00021058	XLOC_013756	XLOC_013756
Upin_00021290	XLOC_014068	XLOC_014068
Upin_00021766	XLOC_014068	XLOC_014068
Upin_00021059	XLOC_013757	XLOC_013757
Upin_00021517	XLOC_013757	XLOC_013757
Upin_00021767	XLOC_014069	XLOC_014069
Upin_00021291	XLOC_014069	XLOC_014069
Upin_00021768	XLOC_014070	XLOC_014070
Upin_00021292	XLOC_014071	XLOC_014071
Upin_00021060	XLOC_013758	XLOC_013758
Upin_00021061	XLOC_013759	XLOC_013759
Upin_00021518	XLOC_013760	XLOC_013760
Upin_00021293	XLOC_014072	XLOC_014072
Upin_00021294	XLOC_014073	XLOC_014073
Upin_00021062	XLOC_013761	XLOC_013761
Upin_00021063	XLOC_013762	XLOC_013762
Upin_00021295	XLOC_014074	XLOC_014074
Upin_00021769	XLOC_014074	XLOC_014074
Upin_00021064	XLOC_013763	XLOC_013763
Upin_00021770	XLOC_014075	XLOC_014075
Upin_00021296	XLOC_014075	XLOC_014075
Upin_00021771	XLOC_014075	XLOC_014075
Upin_00021773	XLOC_014077	XLOC_014077
Upin_00021774	XLOC_014078	XLOC_014078
Upin_00021065	XLOC_013764	XLOC_013764
Upin_00021522	XLOC_013764	XLOC_013764
Upin_00021775	XLOC_014079	XLOC_014079
Upin_00021066	XLOC_013766	XLOC_013766
Upin_00021526	XLOC_013766	XLOC_013766
Upin_00021524	XLOC_013767	XLOC_013767
Upin_00021067	XLOC_013770	XLOC_013770
Upin_00021297	XLOC_014082	XLOC_014082
Upin_00021778	XLOC_014083	XLOC_014083
Upin_00021068	XLOC_013771	XLOC_013771
Upin_00021528	XLOC_013771	XLOC_013771
Upin_00021779	XLOC_014084	XLOC_014084
Upin_00021298	XLOC_014084	XLOC_014084
Upin_00021069	XLOC_013772	XLOC_013772
Upin_00021299	XLOC_014085	XLOC_014085
Upin_00021780	XLOC_014086	XLOC_014086
Upin_00021070	XLOC_013773	XLOC_013773
Upin_00021781	XLOC_014087	XLOC_014087
Upin_00021530	XLOC_013774	XLOC_013774
Upin_00021301	XLOC_014088	XLOC_014088
Upin_00021302	XLOC_014089	XLOC_014089
Upin_00021071	XLOC_013775	XLOC_013775
Upin_00021531	XLOC_013775	XLOC_013775
Upin_00021303	XLOC_014090	XLOC_014090
Upin_00021783	XLOC_014091	XLOC_014091
Upin_00021304	XLOC_014092	XLOC_014092
Upin_00021305	XLOC_014093	XLOC_014093
Upin_00021533	XLOC_013777	XLOC_013777
Upin_00021306	XLOC_014094	XLOC_014094
Upin_00021073	XLOC_013778	XLOC_013778
Upin_00021074	XLOC_013779	XLOC_013779
Upin_00021075	XLOC_013780	XLOC_013780
Upin_00021534	XLOC_013781	XLOC_013781
Upin_00021785	XLOC_014095	XLOC_014095
Upin_00021076	XLOC_013783	XLOC_013783
Upin_00021787	XLOC_014097	XLOC_014097
Upin_00021788	XLOC_014098	XLOC_014098
Upin_00021308	XLOC_014099	XLOC_014099
Upin_00021536	XLOC_013784	XLOC_013784
Upin_00021309	XLOC_014100	XLOC_014100
Upin_00021078	XLOC_013785	XLOC_013785
Upin_00021537	XLOC_013785	XLOC_013785
Upin_00021538	XLOC_013786	XLOC_013786
Upin_00021310	XLOC_014101	XLOC_014101
Upin_00021079	XLOC_013787	XLOC_013787
Upin_00021311	XLOC_014102	XLOC_014102
Upin_00021539	XLOC_013788	XLOC_013788
Upin_00021312	XLOC_014103	XLOC_014103
Upin_00021541	XLOC_013790	XLOC_013790
Upin_00021313	XLOC_014104	XLOC_014104
Upin_00021314	XLOC_014105	XLOC_014105
Upin_00021081	XLOC_013793	XLOC_013793
Upin_00021544	XLOC_013793	XLOC_013793
Upin_00021545	XLOC_013793	XLOC_013793
Upin_00021315	XLOC_014106	XLOC_014106
Upin_00021317	XLOC_014107	XLOC_014107
Upin_00021318	XLOC_014108	XLOC_014108
Upin_00021082	XLOC_013796	XLOC_013796
Upin_00021083	XLOC_013797	XLOC_013797
Upin_00021084	XLOC_013798	XLOC_013798
Upin_00021085	XLOC_013799	XLOC_013799
Upin_00021321	XLOC_014111	XLOC_014111
Upin_00021086	XLOC_013800	XLOC_013800
Upin_00021794	XLOC_014112	XLOC_014112
Upin_00021795	XLOC_014113	XLOC_014113
Upin_00021088	XLOC_013801	XLOC_013801
Upin_00021323	XLOC_014114	XLOC_014114
Upin_00021797	XLOC_014114	XLOC_014114
Upin_00021089	XLOC_013802	XLOC_013802
Upin_00021324	XLOC_014115	XLOC_014115
Upin_00021090	XLOC_013803	XLOC_013803
Upin_00021091	XLOC_013804	XLOC_013804
Upin_00021092	XLOC_013805	XLOC_013805
Upin_00021325	XLOC_014116	XLOC_014116
Upin_00021799	XLOC_014116	XLOC_014116
Upin_00021800	XLOC_014117	XLOC_014117
Upin_00021093	XLOC_013806	XLOC_013806
Upin_00021801	XLOC_014118	XLOC_014118
Upin_00021326	XLOC_014118	XLOC_014118
Upin_00021094	XLOC_013807	XLOC_013807
Upin_00021802	XLOC_014119	XLOC_014119
Upin_00021555	XLOC_013808	XLOC_013808
Upin_00021328	XLOC_014120	XLOC_014120
Upin_00021096	XLOC_013809	XLOC_013809
Upin_00021097	XLOC_013810	XLOC_013810
Upin_00021098	XLOC_013811	XLOC_013811
Upin_00021099	XLOC_013812	XLOC_013812
Upin_00021559	XLOC_013813	XLOC_013813
Upin_00021329	XLOC_014122	XLOC_014122
Upin_00021100	XLOC_013814	XLOC_013814
Upin_00021560	XLOC_013814	XLOC_013814
Upin_00021330	XLOC_014123	XLOC_014123
Upin_00021807	XLOC_014123	XLOC_014123
Upin_00021808	XLOC_014123	XLOC_014123
Upin_00021101	XLOC_013815	XLOC_013815
Upin_00021562	XLOC_013815	XLOC_013815
Upin_00021563	XLOC_013816	XLOC_013816
Upin_00021102	XLOC_013817	XLOC_013817
Upin_00021564	XLOC_013817	XLOC_013817
Upin_00021565	XLOC_013818	XLOC_013818
Upin_00021103	XLOC_013819	XLOC_013819
Upin_00021104	XLOC_013820	XLOC_013820
Upin_00021566	XLOC_013820	XLOC_013820
Upin_00021105	XLOC_013821	XLOC_013821
Upin_00021106	XLOC_013823	XLOC_013823
Upin_00021569	XLOC_013823	XLOC_013823
Upin_00021332	XLOC_014125	XLOC_014125
Upin_00021333	XLOC_014126	XLOC_014126
Upin_00021570	XLOC_013824	XLOC_013824
Upin_00021334	XLOC_014127	XLOC_014127
Upin_00021571	XLOC_013825	XLOC_013825
Upin_00021572	XLOC_013826	XLOC_013826
Upin_00021108	XLOC_013827	XLOC_013827
Upin_00021109	XLOC_013828	XLOC_013828
Upin_00021335	XLOC_014128	XLOC_014128
Upin_00021336	XLOC_014129	XLOC_014129
Upin_00021110	XLOC_013829	XLOC_013829
Upin_00021111	XLOC_013830	XLOC_013830
Upin_00021337	XLOC_014130	XLOC_014130
Upin_00021338	XLOC_014131	XLOC_014131
Upin_00021339	XLOC_014132	XLOC_014132
Upin_00021112	XLOC_013832	XLOC_013832
Upin_00021113	XLOC_013833	XLOC_013833
Upin_00021340	XLOC_014133	XLOC_014133
Upin_00021341	XLOC_014134	XLOC_014134
Upin_00021342	XLOC_014135	XLOC_014135
Upin_00021343	XLOC_014136	XLOC_014136
Upin_00021344	XLOC_014137	XLOC_014137
Upin_00021346	XLOC_014139	XLOC_014139
Upin_00021114	XLOC_013834	XLOC_013834
Upin_00021347	XLOC_014140	XLOC_014140
Upin_00021574	XLOC_013835	XLOC_013835
Upin_00021348	XLOC_014141	XLOC_014141
Upin_00021811	XLOC_014141	XLOC_014141
Upin_00021116	XLOC_013837	XLOC_013837
Upin_00021577	XLOC_013837	XLOC_013837
Upin_00021812	XLOC_014142	XLOC_014142
Upin_00021349	XLOC_014143	XLOC_014143
Upin_00021117	XLOC_013838	XLOC_013838
Upin_00021350	XLOC_014144	XLOC_014144
Upin_00021351	XLOC_014145	XLOC_014145
Upin_00021814	XLOC_014145	XLOC_014145
Upin_00021118	XLOC_013839	XLOC_013839
Upin_00021352	XLOC_014147	XLOC_014147
Upin_00021119	XLOC_013840	XLOC_013840
Upin_00021816	XLOC_014148	XLOC_014148
Upin_00021120	XLOC_013841	XLOC_013841
Upin_00021817	XLOC_014149	XLOC_014149
Upin_00021353	XLOC_014150	XLOC_014150
Upin_00021121	XLOC_013842	XLOC_013842
Upin_00021354	XLOC_014151	XLOC_014151
Upin_00021355	XLOC_014152	XLOC_014152
Upin_00021122	XLOC_013843	XLOC_013843
Upin_00021123	XLOC_013844	XLOC_013844
Upin_00021124	XLOC_013845	XLOC_013845
Upin_00021584	XLOC_013845	XLOC_013845
Upin_00021125	XLOC_013846	XLOC_013846
Upin_00021126	XLOC_013847	XLOC_013847
Upin_00021127	XLOC_013848	XLOC_013848
Upin_00021585	XLOC_013848	XLOC_013848
Upin_00021128	XLOC_013849	XLOC_013849
Upin_00021129	XLOC_013850	XLOC_013850
Upin_00021356	XLOC_014153	XLOC_014153
Upin_00021130	XLOC_013851	XLOC_013851
Upin_00021357	XLOC_014154	XLOC_014154
Upin_00021358	XLOC_014155	XLOC_014155
Upin_00021359	XLOC_014156	XLOC_014156
Upin_00021361	XLOC_014158	XLOC_014158
Upin_00021821	XLOC_014158	XLOC_014158
Upin_00021822	XLOC_014159	XLOC_014159
Upin_00021131	XLOC_013852	XLOC_013852
Upin_00021132	XLOC_013853	XLOC_013853
Upin_00021133	XLOC_013854	XLOC_013854
Upin_00021362	XLOC_014160	XLOC_014160
Upin_00021363	XLOC_014161	XLOC_014161
Upin_00021364	XLOC_014163	XLOC_014163
Upin_00021828	XLOC_014163	XLOC_014163
Upin_00021134	XLOC_013856	XLOC_013856
Upin_00021135	XLOC_013857	XLOC_013857
Upin_00021365	XLOC_014164	XLOC_014164
Upin_00021589	XLOC_013858	XLOC_013858
Upin_00021136	XLOC_013859	XLOC_013859
Upin_00021829	XLOC_014165	XLOC_014165
Upin_00021366	XLOC_014166	XLOC_014166
Upin_00021591	XLOC_013860	XLOC_013860
Upin_00021367	XLOC_014167	XLOC_014167
Upin_00021137	XLOC_013861	XLOC_013861
Upin_00021593	XLOC_013862	XLOC_013862
Upin_00021831	XLOC_014168	XLOC_014168
Upin_00021368	XLOC_014169	XLOC_014169
Upin_00021369	XLOC_014170	XLOC_014170
Upin_00021138	XLOC_013863	XLOC_013863
Upin_00021594	XLOC_013863	XLOC_013863
Upin_00021596	XLOC_013863	XLOC_013863
Upin_00021140	XLOC_013865	XLOC_013865
Upin_00021141	XLOC_013866	XLOC_013866
Upin_00021370	XLOC_014171	XLOC_014171
Upin_00021142	XLOC_013867	XLOC_013867
Upin_00021143	XLOC_013868	XLOC_013868
Upin_00021144	XLOC_013869	XLOC_013869
Upin_00021597	XLOC_013869	XLOC_013869
Upin_00021371	XLOC_014172	XLOC_014172
Upin_00021832	XLOC_014172	XLOC_014172
Upin_00021598	XLOC_013870	XLOC_013870
Upin_00021599	XLOC_013871	XLOC_013871
Upin_00021600	XLOC_013872	XLOC_013872
Upin_00021372	XLOC_014173	XLOC_014173
Upin_00021373	XLOC_014174	XLOC_014174
Upin_00021145	XLOC_013873	XLOC_013873
Upin_00021604	XLOC_013876	XLOC_013876
Upin_00021374	XLOC_014176	XLOC_014176
Upin_00021146	XLOC_013877	XLOC_013877
Upin_00021147	XLOC_013879	XLOC_013879
Upin_00021148	XLOC_013880	XLOC_013880
Upin_00021149	XLOC_013881	XLOC_013881
Upin_00021610	XLOC_013882	XLOC_013882
Upin_00021375	XLOC_014178	XLOC_014178
Upin_00021839	XLOC_014178	XLOC_014178
Upin_00021376	XLOC_014180	XLOC_014180
Upin_00021150	XLOC_013883	XLOC_013883
Upin_00021611	XLOC_013883	XLOC_013883
Upin_00021841	XLOC_014181	XLOC_014181
Upin_00021613	XLOC_013885	XLOC_013885
Upin_00021151	XLOC_013886	XLOC_013886
Upin_00021152	XLOC_013887	XLOC_013887
Upin_00021614	XLOC_013887	XLOC_013887
Upin_00021377	XLOC_014183	XLOC_014183
Upin_00021378	XLOC_014184	XLOC_014184
Upin_00021615	XLOC_013888	XLOC_013888
Upin_00021380	XLOC_014186	XLOC_014186
Upin_00021153	XLOC_013889	XLOC_013889
Upin_00021616	XLOC_013889	XLOC_013889
Upin_00021381	XLOC_014188	XLOC_014188
Upin_00021154	XLOC_013890	XLOC_013890
Upin_00021382	XLOC_014189	XLOC_014189
Upin_00021845	XLOC_014189	XLOC_014189
Upin_00021617	XLOC_013891	XLOC_013891
Upin_00021618	XLOC_013892	XLOC_013892
Upin_00021155	XLOC_013893	XLOC_013893
Upin_00021620	XLOC_013894	XLOC_013894
Upin_00021383	XLOC_014190	XLOC_014190
Upin_00021384	XLOC_014191	XLOC_014191
Upin_00021156	XLOC_013895	XLOC_013895
Upin_00021386	XLOC_014193	XLOC_014193
Upin_00021387	XLOC_014194	XLOC_014194
Upin_00021157	XLOC_013896	XLOC_013896
Upin_00021622	XLOC_013896	XLOC_013896
Upin_00021158	XLOC_013897	XLOC_013897
Upin_00021623	XLOC_013897	XLOC_013897
Upin_00021847	XLOC_014195	XLOC_014195
Upin_00021159	XLOC_013898	XLOC_013898
Upin_00021160	XLOC_013899	XLOC_013899
Upin_00021625	XLOC_013899	XLOC_013899
Upin_00021849	XLOC_014196	XLOC_014196
Upin_00021388	XLOC_014196	XLOC_014196
Upin_00021161	XLOC_013900	XLOC_013900
Upin_00021389	XLOC_014197	XLOC_014197
Upin_00021627	XLOC_013901	XLOC_013901
Upin_00021162	XLOC_013901	XLOC_013901
Upin_00021390	XLOC_014198	XLOC_014198
Upin_00021850	XLOC_014198	XLOC_014198
Upin_00021628	XLOC_013902	XLOC_013902
Upin_00021391	XLOC_014199	XLOC_014199
Upin_00021852	XLOC_014200	XLOC_014200
Upin_00021392	XLOC_014201	XLOC_014201
Upin_00021393	XLOC_014202	XLOC_014202
Upin_00021394	XLOC_014203	XLOC_014203
Upin_00021163	XLOC_013903	XLOC_013903
Upin_00021629	XLOC_013903	XLOC_013903
Upin_00021165	XLOC_013904	XLOC_013904
Upin_00021166	XLOC_013905	XLOC_013905
Upin_00021396	XLOC_014206	XLOC_014206
Upin_00021167	XLOC_013906	XLOC_013906
Upin_00021857	XLOC_014207	XLOC_014207
Upin_00021858	XLOC_014208	XLOC_014208
Upin_00021859	XLOC_014209	XLOC_014209
Upin_00021168	XLOC_013907	XLOC_013907
Upin_00021860	XLOC_014210	XLOC_014210
Upin_00021861	XLOC_014211	XLOC_014211
Upin_00021398	XLOC_014213	XLOC_014213
Upin_00021399	XLOC_014214	XLOC_014214
Upin_00021169	XLOC_013909	XLOC_013909
Upin_00021170	XLOC_013910	XLOC_013910
Upin_00021635	XLOC_013910	XLOC_013910
Upin_00021636	XLOC_013910	XLOC_013910
Upin_00021400	XLOC_014216	XLOC_014216
Upin_00021866	XLOC_014216	XLOC_014216
Upin_00021637	XLOC_013911	XLOC_013911
Upin_00021638	XLOC_013912	XLOC_013912
Upin_00021172	XLOC_013912	XLOC_013912
Upin_00021173	XLOC_013913	XLOC_013913
Upin_00021174	XLOC_013915	XLOC_013915
Upin_00021643	XLOC_013915	XLOC_013915
Upin_00021867	XLOC_014217	XLOC_014217
Upin_00021175	XLOC_013916	XLOC_013916
Upin_00021176	XLOC_013917	XLOC_013917
Upin_00021646	XLOC_013917	XLOC_013917
Upin_00021177	XLOC_013918	XLOC_013918
Upin_00021869	XLOC_014219	XLOC_014219
Upin_00021178	XLOC_013919	XLOC_013919
Upin_00021179	XLOC_013920	XLOC_013920
Upin_00021647	XLOC_013920	XLOC_013920
Upin_00021401	XLOC_014220	XLOC_014220
Upin_00021402	XLOC_014221	XLOC_014221
Upin_00021648	XLOC_013921	XLOC_013921
Upin_00021403	XLOC_014222	XLOC_014222
Upin_00021404	XLOC_014223	XLOC_014223
Upin_00021405	XLOC_014224	XLOC_014224
Upin_00021406	XLOC_014225	XLOC_014225
Upin_00021407	XLOC_014226	XLOC_014226
Upin_00021180	XLOC_013922	XLOC_013922
Upin_00021408	XLOC_014227	XLOC_014227
Upin_00021181	XLOC_013923	XLOC_013923
Upin_00021182	XLOC_013924	XLOC_013924
Upin_00021183	XLOC_013925	XLOC_013925
Upin_00021409	XLOC_014228	XLOC_014228
Upin_00021410	XLOC_014229	XLOC_014229
Upin_00021184	XLOC_013926	XLOC_013926
Upin_00021185	XLOC_013927	XLOC_013927
Upin_00021411	XLOC_014230	XLOC_014230
Upin_00021879	XLOC_014231	XLOC_014231
Upin_00021413	XLOC_014232	XLOC_014232
Upin_00021880	XLOC_014232	XLOC_014232
Upin_00021186	XLOC_013928	XLOC_013928
Upin_00021187	XLOC_013930	XLOC_013930
Upin_00021882	XLOC_014234	XLOC_014234
Upin_00021414	XLOC_014235	XLOC_014235
Upin_00021415	XLOC_014236	XLOC_014236
Upin_00021188	XLOC_013931	XLOC_013931
Upin_00021652	XLOC_013931	XLOC_013931
Upin_00021416	XLOC_014237	XLOC_014237
Upin_00021189	XLOC_013933	XLOC_013933
Upin_00021190	XLOC_013934	XLOC_013934
Upin_00021417	XLOC_014238	XLOC_014238
Upin_00021656	XLOC_013936	XLOC_013936
Upin_00021418	XLOC_014239	XLOC_014239
Upin_00021657	XLOC_013937	XLOC_013937
Upin_00021191	XLOC_013938	XLOC_013938
Upin_00021192	XLOC_013939	XLOC_013939
Upin_00021661	XLOC_013940	XLOC_013940
Upin_00021194	XLOC_013941	XLOC_013941
Upin_00021419	XLOC_014241	XLOC_014241
Upin_00021195	XLOC_013942	XLOC_013942
Upin_00021196	XLOC_013943	XLOC_013943
Upin_00021663	XLOC_013943	XLOC_013943
Upin_00021886	XLOC_014242	XLOC_014242
Upin_00021420	XLOC_014243	XLOC_014243
Upin_00021197	XLOC_013944	XLOC_013944
Upin_00021421	XLOC_014244	XLOC_014244
Upin_00021423	XLOC_014245	XLOC_014245
Upin_00021198	XLOC_013945	XLOC_013945
Upin_00021666	XLOC_013946	XLOC_013946
Upin_00021199	XLOC_013946	XLOC_013946
Upin_00021200	XLOC_013947	XLOC_013947
Upin_00021424	XLOC_014246	XLOC_014246
Upin_00021671	XLOC_013948	XLOC_013948
Upin_00021201	XLOC_013949	XLOC_013949
Upin_00021673	XLOC_013950	XLOC_013950
Upin_00021890	XLOC_014248	XLOC_014248
Upin_00021203	XLOC_013951	XLOC_013951
Upin_00021204	XLOC_013952	XLOC_013952
Upin_00021674	XLOC_013953	XLOC_013953
Upin_00021425	XLOC_014249	XLOC_014249
Upin_00021891	XLOC_014250	XLOC_014250
Upin_00021205	XLOC_013954	XLOC_013954
Upin_00021892	XLOC_014252	XLOC_014252
Upin_00021206	XLOC_013955	XLOC_013955
Upin_00021893	XLOC_014253	XLOC_014253
Upin_00021427	XLOC_014253	XLOC_014253
Upin_00021678	XLOC_013957	XLOC_013957
Upin_00021207	XLOC_013957	XLOC_013957
Upin_00021679	XLOC_013957	XLOC_013957
Upin_00021428	XLOC_014254	XLOC_014254
Upin_00021209	XLOC_013958	XLOC_013958
Upin_00021685	XLOC_013960	XLOC_013960
Upin_00021429	XLOC_014255	XLOC_014255
Upin_00021431	XLOC_014256	XLOC_014256
Upin_00021894	XLOC_014256	XLOC_014256
Upin_00021895	XLOC_014256	XLOC_014256
Upin_00021210	XLOC_013961	XLOC_013961
Upin_00021686	XLOC_013961	XLOC_013961
Upin_00021432	XLOC_014257	XLOC_014257
Upin_00021211	XLOC_013962	XLOC_013962
Upin_00021433	XLOC_014258	XLOC_014258
Upin_00021687	XLOC_013963	XLOC_013963
Upin_00021434	XLOC_014259	XLOC_014259
Upin_00021435	XLOC_014260	XLOC_014260
Upin_00021436	XLOC_014261	XLOC_014261
Upin_00021213	XLOC_013964	XLOC_013964
Upin_00021688	XLOC_013964	XLOC_013964
Upin_00021214	XLOC_013965	XLOC_013965
Upin_00021437	XLOC_014262	XLOC_014262
Upin_00021898	XLOC_014263	XLOC_014263
Upin_00021438	XLOC_014264	XLOC_014264
Upin_00021215	XLOC_013967	XLOC_013967
Upin_00021439	XLOC_014265	XLOC_014265
Upin_00021899	XLOC_014265	XLOC_014265
Upin_00021216	XLOC_013969	XLOC_013969
Upin_00021692	XLOC_013969	XLOC_013969
Upin_00021691	XLOC_013970	XLOC_013970
Upin_00021903	XLOC_014267	XLOC_014267
Upin_00021693	XLOC_013971	XLOC_013971
Upin_00021440	XLOC_014268	XLOC_014268
Upin_00021441	XLOC_014269	XLOC_014269
Upin_00021217	XLOC_013973	XLOC_013973
Upin_00021442	XLOC_014270	XLOC_014270
Upin_00021218	XLOC_013974	XLOC_013974
Upin_00021443	XLOC_014271	XLOC_014271
Upin_00021219	XLOC_013975	XLOC_013975
Upin_00021444	XLOC_014272	XLOC_014272
Upin_00021220	XLOC_013976	XLOC_013976
Upin_00021221	XLOC_013977	XLOC_013977
Upin_00021222	XLOC_013978	XLOC_013978
Upin_00021445	XLOC_014273	XLOC_014273
Upin_00021223	XLOC_013979	XLOC_013979
Upin_00021446	XLOC_014274	XLOC_014274
Upin_00021447	XLOC_014275	XLOC_014275
Upin_00021698	XLOC_013980	XLOC_013980
Upin_00021448	XLOC_014276	XLOC_014276
Upin_00021907	XLOC_014276	XLOC_014276
Upin_00021699	XLOC_013981	XLOC_013981
Upin_00021226	XLOC_013981	XLOC_013981
Upin_00021449	XLOC_014277	XLOC_014277
Upin_00021909	XLOC_014277	XLOC_014277
Upin_00021700	XLOC_013982	XLOC_013982
Upin_00021450	XLOC_014278	XLOC_014278
Upin_00021910	XLOC_014278	XLOC_014278
Upin_00021229	XLOC_013983	XLOC_013983
Upin_00021451	XLOC_014279	XLOC_014279
Upin_00021452	XLOC_014280	XLOC_014280
Upin_00021911	XLOC_014280	XLOC_014280
Upin_00021453	XLOC_014281	XLOC_014281
Upin_00021230	XLOC_013984	XLOC_013984
Upin_00021701	XLOC_013984	XLOC_013984
Upin_00021454	XLOC_014282	XLOC_014282
Upin_00021231	XLOC_013985	XLOC_013985
Upin_00021455	XLOC_014283	XLOC_014283
Upin_00021232	XLOC_013986	XLOC_013986
Upin_00021702	XLOC_013986	XLOC_013986
Upin_00021703	XLOC_013987	XLOC_013987
Upin_00021456	XLOC_014284	XLOC_014284
Upin_00021233	XLOC_013988	XLOC_013988
Upin_00021913	XLOC_014285	XLOC_014285
Upin_00021914	XLOC_014286	XLOC_014286
Upin_00021457	XLOC_014287	XLOC_014287
Upin_00021458	XLOC_014288	XLOC_014288
Upin_00021234	XLOC_013989	XLOC_013989
Upin_00021235	XLOC_013990	XLOC_013990
Upin_00021459	XLOC_014289	XLOC_014289
Upin_00021236	XLOC_013991	XLOC_013991
Upin_00021706	XLOC_013992	XLOC_013992
Upin_00021460	XLOC_014290	XLOC_014290
Upin_00021707	XLOC_013993	XLOC_013993
Upin_00021708	XLOC_013994	XLOC_013994
Upin_00021709	XLOC_013995	XLOC_013995
Upin_00021461	XLOC_014291	XLOC_014291
Upin_00021238	XLOC_013996	XLOC_013996
Upin_00021239	XLOC_013997	XLOC_013997
Upin_00021240	XLOC_013998	XLOC_013998
Upin_00021462	XLOC_014293	XLOC_014293
Upin_00021711	XLOC_013999	XLOC_013999
Upin_00021463	XLOC_014294	XLOC_014294
Upin_00021919	XLOC_014294	XLOC_014294
Upin_00021713	XLOC_014000	XLOC_014000
Upin_00021714	XLOC_014001	XLOC_014001
Upin_00021921	XLOC_014295	XLOC_014295
Upin_00021922	XLOC_014296	XLOC_014296
Upin_00021465	XLOC_014296	XLOC_014296
Upin_00021242	XLOC_014002	XLOC_014002
Upin_00021715	XLOC_014002	XLOC_014002
Upin_00021923	XLOC_014297	XLOC_014297
Upin_00021466	XLOC_014298	XLOC_014298
Upin_00021467	XLOC_014299	XLOC_014299
Upin_00021243	XLOC_014003	XLOC_014003
Upin_00021468	XLOC_014300	XLOC_014300
Upin_00021244	XLOC_014004	XLOC_014004
Upin_00021245	XLOC_014005	XLOC_014005
Upin_00021716	XLOC_014005	XLOC_014005
Upin_00021717	XLOC_014006	XLOC_014006
Upin_00021925	XLOC_014301	XLOC_014301
Upin_00021470	XLOC_014302	XLOC_014302
Upin_00021246	XLOC_014007	XLOC_014007
Upin_00021471	XLOC_014303	XLOC_014303
Upin_00021247	XLOC_014008	XLOC_014008
Upin_00021472	XLOC_014304	XLOC_014304
Upin_00021926	XLOC_014304	XLOC_014304
Upin_00021721	XLOC_014010	XLOC_014010
Upin_00021248	XLOC_014011	XLOC_014011
Upin_00021473	XLOC_014305	XLOC_014305
Upin_00021474	XLOC_014306	XLOC_014306
Upin_00021249	XLOC_014012	XLOC_014012
Upin_00021475	XLOC_014307	XLOC_014307
Upin_00021476	XLOC_014308	XLOC_014308
Upin_00021477	XLOC_014309	XLOC_014309
Upin_00021930	XLOC_014310	XLOC_014310
Upin_00021479	XLOC_014311	XLOC_014311
Upin_00021931	XLOC_014311	XLOC_014311
Upin_00021250	XLOC_014014	XLOC_014014
Upin_00021480	XLOC_014312	XLOC_014312
Upin_00021251	XLOC_014015	XLOC_014015
Upin_00021725	XLOC_014015	XLOC_014015
Upin_00021252	XLOC_014016	XLOC_014016
Upin_00021932	XLOC_014313	XLOC_014313
Upin_00021933	XLOC_014314	XLOC_014314
Upin_00021726	XLOC_014017	XLOC_014017
Upin_00021934	XLOC_014315	XLOC_014315
Upin_00021482	XLOC_014316	XLOC_014316
Upin_00021935	XLOC_014316	XLOC_014316
Upin_00021254	XLOC_014018	XLOC_014018
Upin_00021255	XLOC_014019	XLOC_014019
Upin_00021483	XLOC_014317	XLOC_014317
Upin_00021730	XLOC_014021	XLOC_014021
Upin_00021484	XLOC_014318	XLOC_014318
Upin_00021485	XLOC_014319	XLOC_014319
Upin_00021256	XLOC_014022	XLOC_014022
Upin_00021937	XLOC_014320	XLOC_014320
Upin_00021486	XLOC_014320	XLOC_014320
Upin_00021257	XLOC_014023	XLOC_014023
Upin_00021731	XLOC_014024	XLOC_014024
Upin_00021487	XLOC_014322	XLOC_014322
Upin_00021258	XLOC_014025	XLOC_014025
Upin_00021733	XLOC_014025	XLOC_014025
Upin_00021940	XLOC_014323	XLOC_014323
Upin_00021488	XLOC_014324	XLOC_014324
Upin_00021259	XLOC_014026	XLOC_014026
Upin_00021489	XLOC_014325	XLOC_014325
Upin_00021260	XLOC_014028	XLOC_014028
Upin_00021261	XLOC_014029	XLOC_014029
Upin_00021490	XLOC_014326	XLOC_014326
Upin_00021491	XLOC_014327	XLOC_014327
Upin_00021941	XLOC_014328	XLOC_014328
Upin_00021737	XLOC_014030	XLOC_014030
Upin_00021738	XLOC_014031	XLOC_014031
Upin_00021262	XLOC_014032	XLOC_014032
Upin_00021942	XLOC_014329	XLOC_014329
Upin_00021943	XLOC_014330	XLOC_014330
Upin_00021263	XLOC_014033	XLOC_014033
Upin_00021264	XLOC_014034	XLOC_014034
Upin_00021493	XLOC_014331	XLOC_014331
Upin_00021944	XLOC_014331	XLOC_014331
Upin_00021265	XLOC_014035	XLOC_014035
Upin_00021266	XLOC_014036	XLOC_014036
Upin_00021494	XLOC_014332	XLOC_014332
Upin_00021495	XLOC_014333	XLOC_014333
Upin_00021496	XLOC_014334	XLOC_014334
Upin_00021497	XLOC_014335	XLOC_014335
Upin_00021498	XLOC_014336	XLOC_014336
Upin_00021499	XLOC_014337	XLOC_014337
Upin_00021267	XLOC_014037	XLOC_014037
Upin_00022571	XLOC_014967	XLOC_014967
Upin_00023299	XLOC_014968	XLOC_014968
Upin_00022932	XLOC_014541	XLOC_014541
Upin_00022252	XLOC_014541	XLOC_014541
Upin_00022253	XLOC_014542	XLOC_014542
Upin_00022933	XLOC_014542	XLOC_014542
Upin_00022254	XLOC_014543	XLOC_014543
Upin_00022255	XLOC_014544	XLOC_014544
Upin_00022256	XLOC_014545	XLOC_014545
Upin_00022934	XLOC_014546	XLOC_014546
Upin_00022572	XLOC_014969	XLOC_014969
Upin_00022257	XLOC_014547	XLOC_014547
Upin_00022935	XLOC_014547	XLOC_014547
Upin_00022573	XLOC_014970	XLOC_014970
Upin_00023300	XLOC_014970	XLOC_014970
Upin_00022258	XLOC_014548	XLOC_014548
Upin_00023301	XLOC_014971	XLOC_014971
Upin_00023302	XLOC_014971	XLOC_014971
Upin_00022574	XLOC_014972	XLOC_014972
Upin_00023304	XLOC_014972	XLOC_014972
Upin_00022259	XLOC_014549	XLOC_014549
Upin_00022575	XLOC_014973	XLOC_014973
Upin_00023305	XLOC_014973	XLOC_014973
Upin_00023306	XLOC_014973	XLOC_014973
Upin_00022576	XLOC_014974	XLOC_014974
Upin_00023307	XLOC_014974	XLOC_014974
Upin_00022260	XLOC_014550	XLOC_014550
Upin_00022937	XLOC_014551	XLOC_014551
Upin_00022261	XLOC_014551	XLOC_014551
Upin_00022938	XLOC_014552	XLOC_014552
Upin_00022262	XLOC_014553	XLOC_014553
Upin_00023308	XLOC_014975	XLOC_014975
Upin_00022577	XLOC_014975	XLOC_014975
Upin_00022578	XLOC_014976	XLOC_014976
Upin_00022263	XLOC_014554	XLOC_014554
Upin_00022579	XLOC_014977	XLOC_014977
Upin_00023309	XLOC_014977	XLOC_014977
Upin_00022939	XLOC_014555	XLOC_014555
Upin_00022580	XLOC_014978	XLOC_014978
Upin_00023311	XLOC_014978	XLOC_014978
Upin_00023312	XLOC_014979	XLOC_014979
Upin_00022581	XLOC_014980	XLOC_014980
Upin_00022940	XLOC_014556	XLOC_014556
Upin_00022941	XLOC_014557	XLOC_014557
Upin_00022942	XLOC_014558	XLOC_014558
Upin_00022264	XLOC_014559	XLOC_014559
Upin_00023313	XLOC_014981	XLOC_014981
Upin_00022582	XLOC_014981	XLOC_014981
Upin_00022947	XLOC_014562	XLOC_014562
Upin_00022583	XLOC_014982	XLOC_014982
Upin_00022265	XLOC_014563	XLOC_014563
Upin_00022949	XLOC_014564	XLOC_014564
Upin_00022266	XLOC_014565	XLOC_014565
Upin_00022950	XLOC_014565	XLOC_014565
Upin_00022951	XLOC_014565	XLOC_014565
Upin_00022267	XLOC_014566	XLOC_014566
Upin_00022954	XLOC_014566	XLOC_014566
Upin_00022955	XLOC_014567	XLOC_014567
Upin_00022584	XLOC_014983	XLOC_014983
Upin_00022268	XLOC_014568	XLOC_014568
Upin_00022585	XLOC_014984	XLOC_014984
Upin_00023314	XLOC_014984	XLOC_014984
Upin_00022957	XLOC_014569	XLOC_014569
Upin_00022586	XLOC_014985	XLOC_014985
Upin_00022269	XLOC_014570	XLOC_014570
Upin_00022587	XLOC_014986	XLOC_014986
Upin_00023316	XLOC_014986	XLOC_014986
Upin_00022270	XLOC_014571	XLOC_014571
Upin_00023317	XLOC_014987	XLOC_014987
Upin_00022271	XLOC_014573	XLOC_014573
Upin_00022959	XLOC_014573	XLOC_014573
Upin_00022272	XLOC_014574	XLOC_014574
Upin_00023318	XLOC_014988	XLOC_014988
Upin_00022588	XLOC_014989	XLOC_014989
Upin_00022963	XLOC_014576	XLOC_014576
Upin_00022964	XLOC_014577	XLOC_014577
Upin_00022965	XLOC_014578	XLOC_014578
Upin_00022966	XLOC_014579	XLOC_014579
Upin_00022967	XLOC_014580	XLOC_014580
Upin_00022589	XLOC_014990	XLOC_014990
Upin_00023319	XLOC_014990	XLOC_014990
Upin_00022273	XLOC_014581	XLOC_014581
Upin_00022590	XLOC_014991	XLOC_014991
Upin_00022274	XLOC_014582	XLOC_014582
Upin_00023320	XLOC_014992	XLOC_014992
Upin_00023321	XLOC_014993	XLOC_014993
Upin_00022275	XLOC_014583	XLOC_014583
Upin_00023322	XLOC_014994	XLOC_014994
Upin_00022591	XLOC_014995	XLOC_014995
Upin_00022592	XLOC_014996	XLOC_014996
Upin_00022593	XLOC_014997	XLOC_014997
Upin_00022276	XLOC_014585	XLOC_014585
Upin_00022969	XLOC_014585	XLOC_014585
Upin_00022594	XLOC_014998	XLOC_014998
Upin_00022277	XLOC_014586	XLOC_014586
Upin_00023323	XLOC_014999	XLOC_014999
Upin_00022595	XLOC_015000	XLOC_015000
Upin_00023324	XLOC_015000	XLOC_015000
Upin_00022597	XLOC_015001	XLOC_015001
Upin_00022596	XLOC_015001	XLOC_015001
Upin_00022598	XLOC_015002	XLOC_015002
Upin_00022599	XLOC_015003	XLOC_015003
Upin_00023325	XLOC_015003	XLOC_015003
Upin_00022972	XLOC_014587	XLOC_014587
Upin_00022278	XLOC_014587	XLOC_014587
Upin_00022600	XLOC_015004	XLOC_015004
Upin_00023326	XLOC_015004	XLOC_015004
Upin_00022279	XLOC_014588	XLOC_014588
Upin_00022973	XLOC_014588	XLOC_014588
Upin_00022974	XLOC_014588	XLOC_014588
Upin_00022975	XLOC_014588	XLOC_014588
Upin_00022280	XLOC_014589	XLOC_014589
Upin_00022978	XLOC_014590	XLOC_014590
Upin_00022601	XLOC_015005	XLOC_015005
Upin_00022281	XLOC_014591	XLOC_014591
Upin_00022979	XLOC_014591	XLOC_014591
Upin_00023327	XLOC_015006	XLOC_015006
Upin_00022282	XLOC_014592	XLOC_014592
Upin_00022602	XLOC_015007	XLOC_015007
Upin_00022981	XLOC_014593	XLOC_014593
Upin_00022982	XLOC_014594	XLOC_014594
Upin_00022283	XLOC_014594	XLOC_014594
Upin_00022983	XLOC_014594	XLOC_014594
Upin_00022284	XLOC_014595	XLOC_014595
Upin_00022603	XLOC_015008	XLOC_015008
Upin_00022285	XLOC_014596	XLOC_014596
Upin_00022286	XLOC_014597	XLOC_014597
Upin_00023328	XLOC_015009	XLOC_015009
Upin_00022604	XLOC_015010	XLOC_015010
Upin_00022289	XLOC_014600	XLOC_014600
Upin_00022290	XLOC_014601	XLOC_014601
Upin_00022605	XLOC_015011	XLOC_015011
Upin_00022291	XLOC_014602	XLOC_014602
Upin_00022292	XLOC_014603	XLOC_014603
Upin_00022986	XLOC_014603	XLOC_014603
Upin_00022606	XLOC_015012	XLOC_015012
Upin_00023330	XLOC_015012	XLOC_015012
Upin_00022607	XLOC_015013	XLOC_015013
Upin_00023331	XLOC_015013	XLOC_015013
Upin_00023332	XLOC_015013	XLOC_015013
Upin_00022608	XLOC_015014	XLOC_015014
Upin_00023333	XLOC_015014	XLOC_015014
Upin_00023334	XLOC_015014	XLOC_015014
Upin_00022293	XLOC_014605	XLOC_014605
Upin_00023335	XLOC_015015	XLOC_015015
Upin_00023336	XLOC_015016	XLOC_015016
Upin_00022294	XLOC_014606	XLOC_014606
Upin_00023337	XLOC_015017	XLOC_015017
Upin_00022609	XLOC_015018	XLOC_015018
Upin_00023338	XLOC_015018	XLOC_015018
Upin_00022990	XLOC_014607	XLOC_014607
Upin_00023339	XLOC_015019	XLOC_015019
Upin_00022610	XLOC_015020	XLOC_015020
Upin_00023340	XLOC_015020	XLOC_015020
Upin_00022991	XLOC_014608	XLOC_014608
Upin_00022296	XLOC_014609	XLOC_014609
Upin_00022994	XLOC_014610	XLOC_014610
Upin_00022611	XLOC_015021	XLOC_015021
Upin_00022995	XLOC_014611	XLOC_014611
Upin_00022298	XLOC_014612	XLOC_014612
Upin_00022299	XLOC_014613	XLOC_014613
Upin_00022612	XLOC_015022	XLOC_015022
Upin_00023341	XLOC_015022	XLOC_015022
Upin_00022996	XLOC_014614	XLOC_014614
Upin_00022613	XLOC_015023	XLOC_015023
Upin_00023342	XLOC_015024	XLOC_015024
Upin_00022614	XLOC_015025	XLOC_015025
Upin_00023343	XLOC_015025	XLOC_015025
Upin_00022997	XLOC_014615	XLOC_014615
Upin_00023344	XLOC_015026	XLOC_015026
Upin_00023345	XLOC_015026	XLOC_015026
Upin_00022616	XLOC_015026	XLOC_015026
Upin_00023346	XLOC_015026	XLOC_015026
Upin_00023347	XLOC_015027	XLOC_015027
Upin_00022617	XLOC_015027	XLOC_015027
Upin_00023000	XLOC_014618	XLOC_014618
Upin_00023348	XLOC_015028	XLOC_015028
Upin_00022619	XLOC_015029	XLOC_015029
Upin_00023349	XLOC_015029	XLOC_015029
Upin_00023350	XLOC_015029	XLOC_015029
Upin_00022301	XLOC_014619	XLOC_014619
Upin_00022620	XLOC_015030	XLOC_015030
Upin_00023351	XLOC_015030	XLOC_015030
Upin_00023002	XLOC_014620	XLOC_014620
Upin_00022621	XLOC_015031	XLOC_015031
Upin_00023352	XLOC_015031	XLOC_015031
Upin_00022622	XLOC_015032	XLOC_015032
Upin_00023353	XLOC_015032	XLOC_015032
Upin_00023354	XLOC_015033	XLOC_015033
Upin_00022624	XLOC_015034	XLOC_015034
Upin_00022302	XLOC_014621	XLOC_014621
Upin_00023003	XLOC_014622	XLOC_014622
Upin_00023355	XLOC_015035	XLOC_015035
Upin_00022625	XLOC_015036	XLOC_015036
Upin_00022303	XLOC_014623	XLOC_014623
Upin_00023004	XLOC_014623	XLOC_014623
Upin_00022626	XLOC_015037	XLOC_015037
Upin_00023357	XLOC_015037	XLOC_015037
Upin_00023358	XLOC_015037	XLOC_015037
Upin_00023359	XLOC_015037	XLOC_015037
Upin_00023005	XLOC_014624	XLOC_014624
Upin_00022627	XLOC_015038	XLOC_015038
Upin_00022304	XLOC_014625	XLOC_014625
Upin_00023360	XLOC_015039	XLOC_015039
Upin_00022628	XLOC_015039	XLOC_015039
Upin_00023006	XLOC_014626	XLOC_014626
Upin_00022305	XLOC_014626	XLOC_014626
Upin_00022629	XLOC_015040	XLOC_015040
Upin_00023361	XLOC_015041	XLOC_015041
Upin_00022306	XLOC_014627	XLOC_014627
Upin_00022630	XLOC_015042	XLOC_015042
Upin_00023362	XLOC_015042	XLOC_015042
Upin_00023363	XLOC_015042	XLOC_015042
Upin_00022307	XLOC_014628	XLOC_014628
Upin_00023364	XLOC_015043	XLOC_015043
Upin_00023365	XLOC_015044	XLOC_015044
Upin_00022308	XLOC_014629	XLOC_014629
Upin_00023366	XLOC_015045	XLOC_015045
Upin_00023367	XLOC_015046	XLOC_015046
Upin_00023007	XLOC_014630	XLOC_014630
Upin_00023368	XLOC_015047	XLOC_015047
Upin_00022633	XLOC_015047	XLOC_015047
Upin_00023369	XLOC_015048	XLOC_015048
Upin_00023008	XLOC_014631	XLOC_014631
Upin_00022635	XLOC_015049	XLOC_015049
Upin_00022310	XLOC_014632	XLOC_014632
Upin_00022311	XLOC_014633	XLOC_014633
Upin_00023009	XLOC_014634	XLOC_014634
Upin_00022636	XLOC_015050	XLOC_015050
Upin_00022637	XLOC_015051	XLOC_015051
Upin_00023370	XLOC_015051	XLOC_015051
Upin_00023010	XLOC_014635	XLOC_014635
Upin_00022312	XLOC_014636	XLOC_014636
Upin_00022638	XLOC_015052	XLOC_015052
Upin_00022313	XLOC_014637	XLOC_014637
Upin_00023012	XLOC_014638	XLOC_014638
Upin_00023371	XLOC_015053	XLOC_015053
Upin_00022639	XLOC_015053	XLOC_015053
Upin_00023372	XLOC_015053	XLOC_015053
Upin_00022314	XLOC_014639	XLOC_014639
Upin_00023014	XLOC_014639	XLOC_014639
Upin_00023373	XLOC_015054	XLOC_015054
Upin_00022640	XLOC_015054	XLOC_015054
Upin_00022641	XLOC_015055	XLOC_015055
Upin_00022315	XLOC_014640	XLOC_014640
Upin_00023017	XLOC_014641	XLOC_014641
Upin_00022642	XLOC_015056	XLOC_015056
Upin_00023374	XLOC_015056	XLOC_015056
Upin_00023018	XLOC_014642	XLOC_014642
Upin_00022316	XLOC_014643	XLOC_014643
Upin_00022643	XLOC_015057	XLOC_015057
Upin_00023020	XLOC_014645	XLOC_014645
Upin_00023375	XLOC_015058	XLOC_015058
Upin_00022318	XLOC_014646	XLOC_014646
Upin_00022645	XLOC_015060	XLOC_015060
Upin_00022646	XLOC_015061	XLOC_015061
Upin_00023376	XLOC_015061	XLOC_015061
Upin_00023377	XLOC_015061	XLOC_015061
Upin_00023021	XLOC_014647	XLOC_014647
Upin_00023378	XLOC_015062	XLOC_015062
Upin_00023379	XLOC_015063	XLOC_015063
Upin_00022647	XLOC_015064	XLOC_015064
Upin_00023380	XLOC_015064	XLOC_015064
Upin_00023022	XLOC_014648	XLOC_014648
Upin_00022319	XLOC_014649	XLOC_014649
Upin_00023023	XLOC_014649	XLOC_014649
Upin_00022320	XLOC_014650	XLOC_014650
Upin_00022321	XLOC_014651	XLOC_014651
Upin_00022322	XLOC_014652	XLOC_014652
Upin_00022323	XLOC_014653	XLOC_014653
Upin_00022648	XLOC_015065	XLOC_015065
Upin_00022649	XLOC_015066	XLOC_015066
Upin_00023381	XLOC_015066	XLOC_015066
Upin_00023382	XLOC_015066	XLOC_015066
Upin_00022324	XLOC_014654	XLOC_014654
Upin_00022650	XLOC_015067	XLOC_015067
Upin_00022325	XLOC_014655	XLOC_014655
Upin_00022651	XLOC_015068	XLOC_015068
Upin_00023024	XLOC_014656	XLOC_014656
Upin_00022326	XLOC_014656	XLOC_014656
Upin_00023384	XLOC_015069	XLOC_015069
Upin_00023385	XLOC_015069	XLOC_015069
Upin_00022652	XLOC_015069	XLOC_015069
Upin_00022327	XLOC_014657	XLOC_014657
Upin_00023025	XLOC_014657	XLOC_014657
Upin_00022653	XLOC_015070	XLOC_015070
Upin_00023386	XLOC_015070	XLOC_015070
Upin_00023387	XLOC_015070	XLOC_015070
Upin_00022328	XLOC_014658	XLOC_014658
Upin_00022654	XLOC_015071	XLOC_015071
Upin_00022329	XLOC_014659	XLOC_014659
Upin_00022655	XLOC_015072	XLOC_015072
Upin_00023388	XLOC_015072	XLOC_015072
Upin_00023389	XLOC_015072	XLOC_015072
Upin_00023028	XLOC_014660	XLOC_014660
Upin_00023029	XLOC_014661	XLOC_014661
Upin_00022332	XLOC_014662	XLOC_014662
Upin_00023030	XLOC_014663	XLOC_014663
Upin_00023390	XLOC_015073	XLOC_015073
Upin_00022333	XLOC_014664	XLOC_014664
Upin_00023391	XLOC_015074	XLOC_015074
Upin_00022657	XLOC_015075	XLOC_015075
Upin_00023392	XLOC_015076	XLOC_015076
Upin_00022658	XLOC_015076	XLOC_015076
Upin_00022659	XLOC_015077	XLOC_015077
Upin_00022661	XLOC_015079	XLOC_015079
Upin_00023395	XLOC_015079	XLOC_015079
Upin_00023033	XLOC_014665	XLOC_014665
Upin_00022334	XLOC_014665	XLOC_014665
Upin_00023396	XLOC_015080	XLOC_015080
Upin_00022335	XLOC_014666	XLOC_014666
Upin_00022663	XLOC_015081	XLOC_015081
Upin_00022664	XLOC_015082	XLOC_015082
Upin_00023397	XLOC_015082	XLOC_015082
Upin_00023398	XLOC_015083	XLOC_015083
Upin_00022665	XLOC_015083	XLOC_015083
Upin_00023399	XLOC_015084	XLOC_015084
Upin_00023034	XLOC_014667	XLOC_014667
Upin_00022666	XLOC_015085	XLOC_015085
Upin_00022336	XLOC_014668	XLOC_014668
Upin_00022337	XLOC_014669	XLOC_014669
Upin_00023036	XLOC_014669	XLOC_014669
Upin_00022667	XLOC_015086	XLOC_015086
Upin_00022668	XLOC_015087	XLOC_015087
Upin_00022338	XLOC_014670	XLOC_014670
Upin_00023038	XLOC_014671	XLOC_014671
Upin_00022669	XLOC_015088	XLOC_015088
Upin_00023400	XLOC_015088	XLOC_015088
Upin_00022340	XLOC_014672	XLOC_014672
Upin_00023401	XLOC_015089	XLOC_015089
Upin_00023402	XLOC_015090	XLOC_015090
Upin_00022671	XLOC_015090	XLOC_015090
Upin_00022341	XLOC_014673	XLOC_014673
Upin_00022342	XLOC_014674	XLOC_014674
Upin_00023403	XLOC_015091	XLOC_015091
Upin_00022672	XLOC_015091	XLOC_015091
Upin_00023404	XLOC_015092	XLOC_015092
Upin_00022673	XLOC_015093	XLOC_015093
Upin_00022674	XLOC_015094	XLOC_015094
Upin_00023405	XLOC_015095	XLOC_015095
Upin_00022675	XLOC_015095	XLOC_015095
Upin_00023406	XLOC_015095	XLOC_015095
Upin_00022676	XLOC_015096	XLOC_015096
Upin_00023407	XLOC_015096	XLOC_015096
Upin_00023408	XLOC_015096	XLOC_015096
Upin_00022677	XLOC_015097	XLOC_015097
Upin_00023039	XLOC_014675	XLOC_014675
Upin_00022343	XLOC_014675	XLOC_014675
Upin_00022344	XLOC_014676	XLOC_014676
Upin_00022345	XLOC_014677	XLOC_014677
Upin_00023409	XLOC_015098	XLOC_015098
Upin_00022678	XLOC_015098	XLOC_015098
Upin_00022346	XLOC_014678	XLOC_014678
Upin_00023410	XLOC_015099	XLOC_015099
Upin_00022679	XLOC_015099	XLOC_015099
Upin_00022347	XLOC_014679	XLOC_014679
Upin_00022680	XLOC_015100	XLOC_015100
Upin_00023045	XLOC_014680	XLOC_014680
Upin_00022681	XLOC_015101	XLOC_015101
Upin_00023411	XLOC_015101	XLOC_015101
Upin_00023412	XLOC_015101	XLOC_015101
Upin_00023413	XLOC_015101	XLOC_015101
Upin_00023414	XLOC_015101	XLOC_015101
Upin_00022349	XLOC_014681	XLOC_014681
Upin_00023415	XLOC_015102	XLOC_015102
Upin_00022682	XLOC_015102	XLOC_015102
Upin_00022350	XLOC_014682	XLOC_014682
Upin_00023046	XLOC_014682	XLOC_014682
Upin_00022683	XLOC_015103	XLOC_015103
Upin_00023047	XLOC_014683	XLOC_014683
Upin_00022684	XLOC_015104	XLOC_015104
Upin_00023416	XLOC_015104	XLOC_015104
Upin_00022351	XLOC_014684	XLOC_014684
Upin_00023048	XLOC_014684	XLOC_014684
Upin_00023417	XLOC_015105	XLOC_015105
Upin_00022685	XLOC_015106	XLOC_015106
Upin_00023418	XLOC_015106	XLOC_015106
Upin_00023420	XLOC_015106	XLOC_015106
Upin_00023421	XLOC_015106	XLOC_015106
Upin_00023049	XLOC_014685	XLOC_014685
Upin_00022352	XLOC_014686	XLOC_014686
Upin_00023051	XLOC_014686	XLOC_014686
Upin_00022686	XLOC_015107	XLOC_015107
Upin_00022687	XLOC_015108	XLOC_015108
Upin_00023423	XLOC_015108	XLOC_015108
Upin_00022353	XLOC_014687	XLOC_014687
Upin_00023052	XLOC_014687	XLOC_014687
Upin_00023053	XLOC_014688	XLOC_014688
Upin_00023424	XLOC_015109	XLOC_015109
Upin_00023054	XLOC_014689	XLOC_014689
Upin_00022354	XLOC_014690	XLOC_014690
Upin_00022688	XLOC_015110	XLOC_015110
Upin_00023055	XLOC_014691	XLOC_014691
Upin_00022689	XLOC_015111	XLOC_015111
Upin_00023426	XLOC_015111	XLOC_015111
Upin_00022355	XLOC_014692	XLOC_014692
Upin_00022356	XLOC_014693	XLOC_014693
Upin_00022357	XLOC_014694	XLOC_014694
Upin_00022358	XLOC_014695	XLOC_014695
Upin_00022359	XLOC_014696	XLOC_014696
Upin_00023056	XLOC_014696	XLOC_014696
Upin_00023427	XLOC_015112	XLOC_015112
Upin_00022691	XLOC_015112	XLOC_015112
Upin_00023057	XLOC_014697	XLOC_014697
Upin_00022360	XLOC_014697	XLOC_014697
Upin_00023428	XLOC_015113	XLOC_015113
Upin_00022692	XLOC_015113	XLOC_015113
Upin_00023429	XLOC_015113	XLOC_015113
Upin_00022693	XLOC_015114	XLOC_015114
Upin_00023431	XLOC_015114	XLOC_015114
Upin_00023058	XLOC_014698	XLOC_014698
Upin_00022361	XLOC_014699	XLOC_014699
Upin_00023059	XLOC_014700	XLOC_014700
Upin_00022694	XLOC_015115	XLOC_015115
Upin_00022363	XLOC_014701	XLOC_014701
Upin_00022695	XLOC_015116	XLOC_015116
Upin_00022696	XLOC_015117	XLOC_015117
Upin_00022364	XLOC_014702	XLOC_014702
Upin_00022697	XLOC_015118	XLOC_015118
Upin_00023061	XLOC_014703	XLOC_014703
Upin_00022365	XLOC_014704	XLOC_014704
Upin_00022699	XLOC_015119	XLOC_015119
Upin_00023433	XLOC_015119	XLOC_015119
Upin_00022701	XLOC_015120	XLOC_015120
Upin_00022702	XLOC_015121	XLOC_015121
Upin_00022366	XLOC_014706	XLOC_014706
Upin_00023063	XLOC_014707	XLOC_014707
Upin_00023064	XLOC_014708	XLOC_014708
Upin_00023065	XLOC_014709	XLOC_014709
Upin_00022367	XLOC_014710	XLOC_014710
Upin_00023067	XLOC_014710	XLOC_014710
Upin_00023068	XLOC_014710	XLOC_014710
Upin_00023434	XLOC_015122	XLOC_015122
Upin_00022703	XLOC_015123	XLOC_015123
Upin_00022368	XLOC_014711	XLOC_014711
Upin_00023069	XLOC_014711	XLOC_014711
Upin_00023070	XLOC_014712	XLOC_014712
Upin_00022704	XLOC_015124	XLOC_015124
Upin_00022369	XLOC_014713	XLOC_014713
Upin_00023071	XLOC_014713	XLOC_014713
Upin_00022705	XLOC_015125	XLOC_015125
Upin_00022706	XLOC_015126	XLOC_015126
Upin_00023435	XLOC_015126	XLOC_015126
Upin_00023436	XLOC_015126	XLOC_015126
Upin_00023437	XLOC_015127	XLOC_015127
Upin_00023073	XLOC_014715	XLOC_014715
Upin_00023074	XLOC_014716	XLOC_014716
Upin_00022370	XLOC_014716	XLOC_014716
Upin_00022371	XLOC_014717	XLOC_014717
Upin_00022707	XLOC_015128	XLOC_015128
Upin_00023438	XLOC_015128	XLOC_015128
Upin_00023439	XLOC_015128	XLOC_015128
Upin_00023440	XLOC_015128	XLOC_015128
Upin_00022708	XLOC_015129	XLOC_015129
Upin_00023441	XLOC_015129	XLOC_015129
Upin_00022372	XLOC_014718	XLOC_014718
Upin_00022709	XLOC_015130	XLOC_015130
Upin_00022373	XLOC_014719	XLOC_014719
Upin_00022374	XLOC_014720	XLOC_014720
Upin_00023076	XLOC_014720	XLOC_014720
Upin_00022375	XLOC_014721	XLOC_014721
Upin_00023077	XLOC_014721	XLOC_014721
Upin_00023078	XLOC_014721	XLOC_014721
Upin_00023442	XLOC_015132	XLOC_015132
Upin_00023079	XLOC_014722	XLOC_014722
Upin_00022711	XLOC_015133	XLOC_015133
Upin_00022712	XLOC_015134	XLOC_015134
Upin_00022713	XLOC_015135	XLOC_015135
Upin_00022376	XLOC_014723	XLOC_014723
Upin_00022377	XLOC_014724	XLOC_014724
Upin_00023443	XLOC_015136	XLOC_015136
Upin_00022714	XLOC_015136	XLOC_015136
Upin_00023444	XLOC_015136	XLOC_015136
Upin_00023445	XLOC_015136	XLOC_015136
Upin_00022378	XLOC_014725	XLOC_014725
Upin_00023080	XLOC_014725	XLOC_014725
Upin_00022715	XLOC_015137	XLOC_015137
Upin_00022716	XLOC_015138	XLOC_015138
Upin_00023081	XLOC_014726	XLOC_014726
Upin_00023446	XLOC_015139	XLOC_015139
Upin_00022717	XLOC_015139	XLOC_015139
Upin_00022379	XLOC_014727	XLOC_014727
Upin_00022718	XLOC_015140	XLOC_015140
Upin_00022719	XLOC_015141	XLOC_015141
Upin_00023447	XLOC_015142	XLOC_015142
Upin_00022720	XLOC_015143	XLOC_015143
Upin_00022380	XLOC_014728	XLOC_014728
Upin_00023082	XLOC_014729	XLOC_014729
Upin_00023083	XLOC_014730	XLOC_014730
Upin_00023448	XLOC_015144	XLOC_015144
Upin_00022721	XLOC_015144	XLOC_015144
Upin_00022382	XLOC_014731	XLOC_014731
Upin_00022722	XLOC_015145	XLOC_015145
Upin_00023084	XLOC_014732	XLOC_014732
Upin_00022383	XLOC_014732	XLOC_014732
Upin_00023085	XLOC_014732	XLOC_014732
Upin_00023086	XLOC_014732	XLOC_014732
Upin_00022723	XLOC_015146	XLOC_015146
Upin_00023087	XLOC_014733	XLOC_014733
Upin_00022724	XLOC_015147	XLOC_015147
Upin_00023449	XLOC_015147	XLOC_015147
Upin_00023088	XLOC_014734	XLOC_014734
Upin_00022725	XLOC_015148	XLOC_015148
Upin_00023450	XLOC_015148	XLOC_015148
Upin_00022385	XLOC_014735	XLOC_014735
Upin_00023089	XLOC_014735	XLOC_014735
Upin_00023451	XLOC_015149	XLOC_015149
Upin_00023452	XLOC_015150	XLOC_015150
Upin_00023453	XLOC_015151	XLOC_015151
Upin_00022726	XLOC_015151	XLOC_015151
Upin_00022386	XLOC_014736	XLOC_014736
Upin_00022727	XLOC_015152	XLOC_015152
Upin_00022387	XLOC_014737	XLOC_014737
Upin_00023090	XLOC_014737	XLOC_014737
Upin_00022728	XLOC_015153	XLOC_015153
Upin_00022388	XLOC_014738	XLOC_014738
Upin_00022729	XLOC_015154	XLOC_015154
Upin_00023454	XLOC_015154	XLOC_015154
Upin_00022730	XLOC_015155	XLOC_015155
Upin_00022731	XLOC_015156	XLOC_015156
Upin_00023092	XLOC_014740	XLOC_014740
Upin_00022732	XLOC_015157	XLOC_015157
Upin_00023455	XLOC_015157	XLOC_015157
Upin_00022733	XLOC_015158	XLOC_015158
Upin_00022735	XLOC_015160	XLOC_015160
Upin_00023093	XLOC_014741	XLOC_014741
Upin_00022390	XLOC_014742	XLOC_014742
Upin_00023094	XLOC_014742	XLOC_014742
Upin_00023095	XLOC_014742	XLOC_014742
Upin_00023096	XLOC_014743	XLOC_014743
Upin_00022736	XLOC_015161	XLOC_015161
Upin_00022391	XLOC_014744	XLOC_014744
Upin_00022737	XLOC_015162	XLOC_015162
Upin_00023456	XLOC_015162	XLOC_015162
Upin_00023457	XLOC_015162	XLOC_015162
Upin_00022392	XLOC_014745	XLOC_014745
Upin_00023458	XLOC_015163	XLOC_015163
Upin_00022738	XLOC_015163	XLOC_015163
Upin_00022393	XLOC_014746	XLOC_014746
Upin_00023098	XLOC_014746	XLOC_014746
Upin_00022739	XLOC_015164	XLOC_015164
Upin_00023099	XLOC_014747	XLOC_014747
Upin_00022740	XLOC_015165	XLOC_015165
Upin_00023459	XLOC_015165	XLOC_015165
Upin_00023460	XLOC_015166	XLOC_015166
Upin_00022394	XLOC_014748	XLOC_014748
Upin_00022741	XLOC_015167	XLOC_015167
Upin_00023461	XLOC_015167	XLOC_015167
Upin_00022395	XLOC_014749	XLOC_014749
Upin_00022742	XLOC_015168	XLOC_015168
Upin_00022396	XLOC_014750	XLOC_014750
Upin_00023100	XLOC_014750	XLOC_014750
Upin_00022743	XLOC_015169	XLOC_015169
Upin_00022397	XLOC_014751	XLOC_014751
Upin_00023101	XLOC_014752	XLOC_014752
Upin_00022744	XLOC_015170	XLOC_015170
Upin_00023462	XLOC_015170	XLOC_015170
Upin_00023102	XLOC_014753	XLOC_014753
Upin_00022398	XLOC_014754	XLOC_014754
Upin_00022399	XLOC_014755	XLOC_014755
Upin_00022745	XLOC_015171	XLOC_015171
Upin_00022746	XLOC_015172	XLOC_015172
Upin_00023103	XLOC_014756	XLOC_014756
Upin_00022747	XLOC_015173	XLOC_015173
Upin_00023463	XLOC_015173	XLOC_015173
Upin_00023104	XLOC_014757	XLOC_014757
Upin_00023105	XLOC_014758	XLOC_014758
Upin_00022748	XLOC_015174	XLOC_015174
Upin_00023464	XLOC_015174	XLOC_015174
Upin_00023465	XLOC_015174	XLOC_015174
Upin_00023466	XLOC_015175	XLOC_015175
Upin_00022749	XLOC_015175	XLOC_015175
Upin_00023106	XLOC_014759	XLOC_014759
Upin_00022401	XLOC_014760	XLOC_014760
Upin_00022750	XLOC_015176	XLOC_015176
Upin_00023467	XLOC_015176	XLOC_015176
Upin_00022402	XLOC_014761	XLOC_014761
Upin_00023107	XLOC_014761	XLOC_014761
Upin_00022403	XLOC_014762	XLOC_014762
Upin_00023108	XLOC_014762	XLOC_014762
Upin_00022404	XLOC_014763	XLOC_014763
Upin_00023109	XLOC_014763	XLOC_014763
Upin_00022751	XLOC_015177	XLOC_015177
Upin_00023468	XLOC_015178	XLOC_015178
Upin_00022405	XLOC_014764	XLOC_014764
Upin_00023110	XLOC_014764	XLOC_014764
Upin_00022406	XLOC_014765	XLOC_014765
Upin_00023470	XLOC_015180	XLOC_015180
Upin_00023111	XLOC_014766	XLOC_014766
Upin_00022407	XLOC_014767	XLOC_014767
Upin_00022754	XLOC_015181	XLOC_015181
Upin_00023472	XLOC_015181	XLOC_015181
Upin_00023112	XLOC_014768	XLOC_014768
Upin_00022408	XLOC_014769	XLOC_014769
Upin_00022755	XLOC_015182	XLOC_015182
Upin_00023113	XLOC_014770	XLOC_014770
Upin_00023114	XLOC_014771	XLOC_014771
Upin_00022409	XLOC_014772	XLOC_014772
Upin_00022756	XLOC_015183	XLOC_015183
Upin_00023473	XLOC_015183	XLOC_015183
Upin_00023115	XLOC_014773	XLOC_014773
Upin_00023474	XLOC_015184	XLOC_015184
Upin_00022757	XLOC_015184	XLOC_015184
Upin_00022411	XLOC_014774	XLOC_014774
Upin_00022758	XLOC_015185	XLOC_015185
Upin_00023475	XLOC_015186	XLOC_015186
Upin_00022412	XLOC_014775	XLOC_014775
Upin_00023117	XLOC_014775	XLOC_014775
Upin_00023476	XLOC_015187	XLOC_015187
Upin_00022759	XLOC_015188	XLOC_015188
Upin_00023118	XLOC_014776	XLOC_014776
Upin_00022414	XLOC_014776	XLOC_014776
Upin_00023478	XLOC_015189	XLOC_015189
Upin_00022760	XLOC_015189	XLOC_015189
Upin_00023119	XLOC_014777	XLOC_014777
Upin_00023479	XLOC_015190	XLOC_015190
Upin_00022761	XLOC_015190	XLOC_015190
Upin_00022415	XLOC_014778	XLOC_014778
Upin_00023120	XLOC_014778	XLOC_014778
Upin_00022762	XLOC_015191	XLOC_015191
Upin_00022416	XLOC_014779	XLOC_014779
Upin_00022417	XLOC_014780	XLOC_014780
Upin_00023121	XLOC_014780	XLOC_014780
Upin_00023122	XLOC_014780	XLOC_014780
Upin_00022763	XLOC_015192	XLOC_015192
Upin_00022418	XLOC_014781	XLOC_014781
Upin_00022419	XLOC_014782	XLOC_014782
Upin_00022764	XLOC_015193	XLOC_015193
Upin_00023124	XLOC_014783	XLOC_014783
Upin_00022421	XLOC_014784	XLOC_014784
Upin_00023127	XLOC_014784	XLOC_014784
Upin_00023480	XLOC_015194	XLOC_015194
Upin_00022765	XLOC_015194	XLOC_015194
Upin_00022422	XLOC_014785	XLOC_014785
Upin_00023128	XLOC_014785	XLOC_014785
Upin_00022766	XLOC_015195	XLOC_015195
Upin_00022767	XLOC_015196	XLOC_015196
Upin_00022423	XLOC_014786	XLOC_014786
Upin_00023481	XLOC_015197	XLOC_015197
Upin_00023482	XLOC_015198	XLOC_015198
Upin_00022768	XLOC_015199	XLOC_015199
Upin_00023129	XLOC_014787	XLOC_014787
Upin_00023483	XLOC_015200	XLOC_015200
Upin_00023484	XLOC_015200	XLOC_015200
Upin_00022769	XLOC_015200	XLOC_015200
Upin_00022424	XLOC_014788	XLOC_014788
Upin_00022770	XLOC_015201	XLOC_015201
Upin_00023485	XLOC_015202	XLOC_015202
Upin_00022771	XLOC_015202	XLOC_015202
Upin_00023130	XLOC_014789	XLOC_014789
Upin_00023131	XLOC_014790	XLOC_014790
Upin_00022425	XLOC_014790	XLOC_014790
Upin_00023132	XLOC_014791	XLOC_014791
Upin_00022772	XLOC_015203	XLOC_015203
Upin_00022427	XLOC_014792	XLOC_014792
Upin_00023133	XLOC_014793	XLOC_014793
Upin_00022428	XLOC_014793	XLOC_014793
Upin_00023134	XLOC_014793	XLOC_014793
Upin_00023135	XLOC_014794	XLOC_014794
Upin_00023486	XLOC_015204	XLOC_015204
Upin_00023487	XLOC_015205	XLOC_015205
Upin_00022773	XLOC_015205	XLOC_015205
Upin_00023488	XLOC_015205	XLOC_015205
Upin_00023489	XLOC_015205	XLOC_015205
Upin_00022429	XLOC_014795	XLOC_014795
Upin_00022430	XLOC_014796	XLOC_014796
Upin_00023490	XLOC_015206	XLOC_015206
Upin_00022431	XLOC_014797	XLOC_014797
Upin_00022774	XLOC_015207	XLOC_015207
Upin_00022432	XLOC_014798	XLOC_014798
Upin_00023136	XLOC_014798	XLOC_014798
Upin_00022775	XLOC_015208	XLOC_015208
Upin_00022776	XLOC_015209	XLOC_015209
Upin_00023494	XLOC_015210	XLOC_015210
Upin_00022433	XLOC_014799	XLOC_014799
Upin_00023137	XLOC_014799	XLOC_014799
Upin_00023496	XLOC_015212	XLOC_015212
Upin_00022434	XLOC_014800	XLOC_014800
Upin_00023138	XLOC_014800	XLOC_014800
Upin_00023497	XLOC_015213	XLOC_015213
Upin_00023498	XLOC_015213	XLOC_015213
Upin_00022436	XLOC_014801	XLOC_014801
Upin_00022437	XLOC_014802	XLOC_014802
Upin_00023139	XLOC_014803	XLOC_014803
Upin_00023140	XLOC_014804	XLOC_014804
Upin_00022777	XLOC_015214	XLOC_015214
Upin_00022778	XLOC_015215	XLOC_015215
Upin_00023499	XLOC_015216	XLOC_015216
Upin_00022779	XLOC_015216	XLOC_015216
Upin_00023142	XLOC_014806	XLOC_014806
Upin_00022439	XLOC_014807	XLOC_014807
Upin_00022440	XLOC_014808	XLOC_014808
Upin_00023500	XLOC_015217	XLOC_015217
Upin_00022780	XLOC_015218	XLOC_015218
Upin_00023501	XLOC_015218	XLOC_015218
Upin_00022781	XLOC_015219	XLOC_015219
Upin_00022441	XLOC_014809	XLOC_014809
Upin_00023502	XLOC_015220	XLOC_015220
Upin_00022782	XLOC_015221	XLOC_015221
Upin_00022783	XLOC_015222	XLOC_015222
Upin_00022442	XLOC_014810	XLOC_014810
Upin_00022784	XLOC_015223	XLOC_015223
Upin_00022443	XLOC_014811	XLOC_014811
Upin_00022785	XLOC_015224	XLOC_015224
Upin_00023504	XLOC_015224	XLOC_015224
Upin_00023143	XLOC_014812	XLOC_014812
Upin_00023144	XLOC_014813	XLOC_014813
Upin_00023145	XLOC_014814	XLOC_014814
Upin_00022444	XLOC_014814	XLOC_014814
Upin_00023505	XLOC_015225	XLOC_015225
Upin_00023506	XLOC_015226	XLOC_015226
Upin_00023146	XLOC_014815	XLOC_014815
Upin_00023147	XLOC_014816	XLOC_014816
Upin_00022786	XLOC_015227	XLOC_015227
Upin_00023507	XLOC_015227	XLOC_015227
Upin_00023148	XLOC_014817	XLOC_014817
Upin_00023149	XLOC_014818	XLOC_014818
Upin_00022445	XLOC_014818	XLOC_014818
Upin_00023150	XLOC_014818	XLOC_014818
Upin_00023151	XLOC_014818	XLOC_014818
Upin_00023152	XLOC_014818	XLOC_014818
Upin_00022787	XLOC_015228	XLOC_015228
Upin_00023508	XLOC_015228	XLOC_015228
Upin_00022446	XLOC_014819	XLOC_014819
Upin_00022447	XLOC_014820	XLOC_014820
Upin_00023154	XLOC_014820	XLOC_014820
Upin_00022448	XLOC_014821	XLOC_014821
Upin_00023509	XLOC_015229	XLOC_015229
Upin_00023155	XLOC_014822	XLOC_014822
Upin_00022788	XLOC_015230	XLOC_015230
Upin_00023510	XLOC_015230	XLOC_015230
Upin_00022450	XLOC_014823	XLOC_014823
Upin_00023156	XLOC_014823	XLOC_014823
Upin_00023157	XLOC_014823	XLOC_014823
Upin_00023511	XLOC_015231	XLOC_015231
Upin_00022789	XLOC_015232	XLOC_015232
Upin_00023158	XLOC_014824	XLOC_014824
Upin_00022451	XLOC_014825	XLOC_014825
Upin_00023159	XLOC_014825	XLOC_014825
Upin_00023512	XLOC_015233	XLOC_015233
Upin_00022790	XLOC_015233	XLOC_015233
Upin_00023513	XLOC_015234	XLOC_015234
Upin_00022791	XLOC_015234	XLOC_015234
Upin_00022452	XLOC_014826	XLOC_014826
Upin_00023514	XLOC_015235	XLOC_015235
Upin_00022792	XLOC_015235	XLOC_015235
Upin_00022793	XLOC_015236	XLOC_015236
Upin_00023515	XLOC_015236	XLOC_015236
Upin_00023516	XLOC_015236	XLOC_015236
Upin_00023517	XLOC_015236	XLOC_015236
Upin_00023518	XLOC_015237	XLOC_015237
Upin_00023519	XLOC_015238	XLOC_015238
Upin_00022794	XLOC_015238	XLOC_015238
Upin_00023520	XLOC_015239	XLOC_015239
Upin_00022795	XLOC_015239	XLOC_015239
Upin_00022453	XLOC_014827	XLOC_014827
Upin_00023521	XLOC_015240	XLOC_015240
Upin_00022796	XLOC_015240	XLOC_015240
Upin_00023522	XLOC_015241	XLOC_015241
Upin_00023160	XLOC_014828	XLOC_014828
Upin_00023523	XLOC_015242	XLOC_015242
Upin_00023524	XLOC_015243	XLOC_015243
Upin_00023525	XLOC_015244	XLOC_015244
Upin_00022455	XLOC_014829	XLOC_014829
Upin_00023526	XLOC_015245	XLOC_015245
Upin_00022799	XLOC_015246	XLOC_015246
Upin_00023161	XLOC_014830	XLOC_014830
Upin_00023162	XLOC_014831	XLOC_014831
Upin_00023527	XLOC_015247	XLOC_015247
Upin_00022458	XLOC_014832	XLOC_014832
Upin_00023163	XLOC_014832	XLOC_014832
Upin_00023164	XLOC_014832	XLOC_014832
Upin_00022800	XLOC_015248	XLOC_015248
Upin_00022459	XLOC_014833	XLOC_014833
Upin_00023165	XLOC_014833	XLOC_014833
Upin_00023166	XLOC_014834	XLOC_014834
Upin_00022801	XLOC_015249	XLOC_015249
Upin_00023167	XLOC_014835	XLOC_014835
Upin_00022802	XLOC_015250	XLOC_015250
Upin_00023528	XLOC_015250	XLOC_015250
Upin_00023529	XLOC_015250	XLOC_015250
Upin_00022460	XLOC_014836	XLOC_014836
Upin_00022461	XLOC_014837	XLOC_014837
Upin_00023168	XLOC_014837	XLOC_014837
Upin_00022803	XLOC_015251	XLOC_015251
Upin_00022804	XLOC_015252	XLOC_015252
Upin_00022462	XLOC_014838	XLOC_014838
Upin_00023169	XLOC_014838	XLOC_014838
Upin_00023170	XLOC_014838	XLOC_014838
Upin_00023171	XLOC_014839	XLOC_014839
Upin_00022805	XLOC_015253	XLOC_015253
Upin_00023530	XLOC_015253	XLOC_015253
Upin_00023172	XLOC_014840	XLOC_014840
Upin_00022463	XLOC_014840	XLOC_014840
Upin_00022806	XLOC_015254	XLOC_015254
Upin_00023531	XLOC_015254	XLOC_015254
Upin_00023173	XLOC_014841	XLOC_014841
Upin_00022464	XLOC_014841	XLOC_014841
Upin_00023532	XLOC_015255	XLOC_015255
Upin_00023533	XLOC_015256	XLOC_015256
Upin_00022807	XLOC_015257	XLOC_015257
Upin_00023174	XLOC_014842	XLOC_014842
Upin_00022465	XLOC_014842	XLOC_014842
Upin_00023175	XLOC_014842	XLOC_014842
Upin_00022808	XLOC_015258	XLOC_015258
Upin_00022466	XLOC_014843	XLOC_014843
Upin_00023176	XLOC_014843	XLOC_014843
Upin_00023177	XLOC_014843	XLOC_014843
Upin_00022809	XLOC_015259	XLOC_015259
Upin_00023178	XLOC_014844	XLOC_014844
Upin_00022467	XLOC_014844	XLOC_014844
Upin_00022810	XLOC_015260	XLOC_015260
Upin_00023534	XLOC_015261	XLOC_015261
Upin_00023535	XLOC_015262	XLOC_015262
Upin_00022811	XLOC_015262	XLOC_015262
Upin_00022468	XLOC_014845	XLOC_014845
Upin_00023179	XLOC_014845	XLOC_014845
Upin_00023536	XLOC_015263	XLOC_015263
Upin_00022812	XLOC_015263	XLOC_015263
Upin_00023180	XLOC_014846	XLOC_014846
Upin_00022470	XLOC_014847	XLOC_014847
Upin_00023181	XLOC_014847	XLOC_014847
Upin_00022813	XLOC_015264	XLOC_015264
Upin_00023182	XLOC_014848	XLOC_014848
Upin_00022471	XLOC_014848	XLOC_014848
Upin_00022814	XLOC_015265	XLOC_015265
Upin_00022815	XLOC_015266	XLOC_015266
Upin_00023183	XLOC_014849	XLOC_014849
Upin_00022816	XLOC_015267	XLOC_015267
Upin_00023537	XLOC_015267	XLOC_015267
Upin_00022473	XLOC_014850	XLOC_014850
Upin_00023185	XLOC_014850	XLOC_014850
Upin_00023186	XLOC_014850	XLOC_014850
Upin_00023187	XLOC_014850	XLOC_014850
Upin_00023184	XLOC_014851	XLOC_014851
Upin_00022817	XLOC_015268	XLOC_015268
Upin_00023538	XLOC_015269	XLOC_015269
Upin_00022474	XLOC_014853	XLOC_014853
Upin_00023539	XLOC_015270	XLOC_015270
Upin_00022818	XLOC_015271	XLOC_015271
Upin_00023540	XLOC_015271	XLOC_015271
Upin_00023189	XLOC_014854	XLOC_014854
Upin_00023541	XLOC_015272	XLOC_015272
Upin_00023190	XLOC_014855	XLOC_014855
Upin_00022820	XLOC_015273	XLOC_015273
Upin_00023191	XLOC_014856	XLOC_014856
Upin_00023542	XLOC_015274	XLOC_015274
Upin_00022478	XLOC_014857	XLOC_014857
Upin_00023543	XLOC_015275	XLOC_015275
Upin_00022479	XLOC_014858	XLOC_014858
Upin_00023192	XLOC_014858	XLOC_014858
Upin_00022821	XLOC_015276	XLOC_015276
Upin_00022822	XLOC_015277	XLOC_015277
Upin_00022823	XLOC_015278	XLOC_015278
Upin_00023193	XLOC_014859	XLOC_014859
Upin_00022481	XLOC_014860	XLOC_014860
Upin_00022824	XLOC_015279	XLOC_015279
Upin_00023545	XLOC_015279	XLOC_015279
Upin_00023546	XLOC_015279	XLOC_015279
Upin_00023547	XLOC_015279	XLOC_015279
Upin_00022482	XLOC_014861	XLOC_014861
Upin_00023194	XLOC_014861	XLOC_014861
Upin_00022825	XLOC_015280	XLOC_015280
Upin_00023195	XLOC_014862	XLOC_014862
Upin_00022826	XLOC_015281	XLOC_015281
Upin_00023196	XLOC_014863	XLOC_014863
Upin_00022483	XLOC_014863	XLOC_014863
Upin_00023548	XLOC_015282	XLOC_015282
Upin_00022827	XLOC_015282	XLOC_015282
Upin_00023549	XLOC_015282	XLOC_015282
Upin_00022828	XLOC_015283	XLOC_015283
Upin_00023550	XLOC_015283	XLOC_015283
Upin_00023197	XLOC_014864	XLOC_014864
Upin_00023198	XLOC_014865	XLOC_014865
Upin_00023199	XLOC_014865	XLOC_014865
Upin_00023200	XLOC_014865	XLOC_014865
Upin_00023551	XLOC_015284	XLOC_015284
Upin_00022830	XLOC_015285	XLOC_015285
Upin_00023552	XLOC_015285	XLOC_015285
Upin_00023201	XLOC_014866	XLOC_014866
Upin_00022831	XLOC_015286	XLOC_015286
Upin_00023554	XLOC_015287	XLOC_015287
Upin_00023555	XLOC_015287	XLOC_015287
Upin_00022486	XLOC_014867	XLOC_014867
Upin_00023202	XLOC_014867	XLOC_014867
Upin_00022487	XLOC_014868	XLOC_014868
Upin_00022488	XLOC_014869	XLOC_014869
Upin_00023203	XLOC_014869	XLOC_014869
Upin_00023204	XLOC_014869	XLOC_014869
Upin_00022489	XLOC_014870	XLOC_014870
Upin_00022490	XLOC_014871	XLOC_014871
Upin_00023556	XLOC_015288	XLOC_015288
Upin_00022835	XLOC_015289	XLOC_015289
Upin_00023205	XLOC_014872	XLOC_014872
Upin_00023557	XLOC_015290	XLOC_015290
Upin_00022491	XLOC_014873	XLOC_014873
Upin_00023206	XLOC_014873	XLOC_014873
Upin_00022836	XLOC_015291	XLOC_015291
Upin_00023558	XLOC_015291	XLOC_015291
Upin_00022492	XLOC_014874	XLOC_014874
Upin_00023207	XLOC_014874	XLOC_014874
Upin_00022837	XLOC_015292	XLOC_015292
Upin_00022493	XLOC_014875	XLOC_014875
Upin_00022838	XLOC_015293	XLOC_015293
Upin_00022494	XLOC_014876	XLOC_014876
Upin_00023208	XLOC_014876	XLOC_014876
Upin_00023559	XLOC_015294	XLOC_015294
Upin_00022839	XLOC_015294	XLOC_015294
Upin_00022495	XLOC_014877	XLOC_014877
Upin_00023209	XLOC_014878	XLOC_014878
Upin_00023210	XLOC_014879	XLOC_014879
Upin_00022496	XLOC_014880	XLOC_014880
Upin_00023560	XLOC_015295	XLOC_015295
Upin_00023561	XLOC_015295	XLOC_015295
Upin_00022842	XLOC_015296	XLOC_015296
Upin_00023212	XLOC_014881	XLOC_014881
Upin_00022843	XLOC_015297	XLOC_015297
Upin_00023562	XLOC_015297	XLOC_015297
Upin_00022498	XLOC_014882	XLOC_014882
Upin_00023213	XLOC_014882	XLOC_014882
Upin_00023214	XLOC_014882	XLOC_014882
Upin_00023215	XLOC_014882	XLOC_014882
Upin_00023216	XLOC_014882	XLOC_014882
Upin_00023217	XLOC_014882	XLOC_014882
Upin_00022844	XLOC_015298	XLOC_015298
Upin_00022499	XLOC_014883	XLOC_014883
Upin_00022845	XLOC_015299	XLOC_015299
Upin_00023218	XLOC_014884	XLOC_014884
Upin_00022500	XLOC_014884	XLOC_014884
Upin_00023219	XLOC_014884	XLOC_014884
Upin_00023220	XLOC_014884	XLOC_014884
Upin_00023221	XLOC_014885	XLOC_014885
Upin_00023563	XLOC_015300	XLOC_015300
Upin_00023223	XLOC_014886	XLOC_014886
Upin_00022501	XLOC_014886	XLOC_014886
Upin_00022502	XLOC_014887	XLOC_014887
Upin_00023564	XLOC_015301	XLOC_015301
Upin_00023224	XLOC_014888	XLOC_014888
Upin_00023565	XLOC_015302	XLOC_015302
Upin_00022848	XLOC_015303	XLOC_015303
Upin_00023566	XLOC_015303	XLOC_015303
Upin_00022504	XLOC_014889	XLOC_014889
Upin_00023225	XLOC_014889	XLOC_014889
Upin_00023567	XLOC_015304	XLOC_015304
Upin_00022505	XLOC_014890	XLOC_014890
Upin_00022850	XLOC_015305	XLOC_015305
Upin_00023569	XLOC_015306	XLOC_015306
Upin_00022851	XLOC_015306	XLOC_015306
Upin_00022852	XLOC_015307	XLOC_015307
Upin_00022506	XLOC_014891	XLOC_014891
Upin_00022853	XLOC_015308	XLOC_015308
Upin_00023571	XLOC_015308	XLOC_015308
Upin_00023570	XLOC_015309	XLOC_015309
Upin_00023226	XLOC_014892	XLOC_014892
Upin_00023227	XLOC_014893	XLOC_014893
Upin_00023572	XLOC_015310	XLOC_015310
Upin_00022854	XLOC_015311	XLOC_015311
Upin_00023228	XLOC_014894	XLOC_014894
Upin_00022507	XLOC_014895	XLOC_014895
Upin_00022855	XLOC_015312	XLOC_015312
Upin_00023573	XLOC_015313	XLOC_015313
Upin_00022856	XLOC_015313	XLOC_015313
Upin_00023229	XLOC_014896	XLOC_014896
Upin_00022857	XLOC_015314	XLOC_015314
Upin_00022858	XLOC_015315	XLOC_015315
Upin_00023230	XLOC_014897	XLOC_014897
Upin_00022859	XLOC_015316	XLOC_015316
Upin_00023574	XLOC_015316	XLOC_015316
Upin_00023575	XLOC_015316	XLOC_015316
Upin_00023576	XLOC_015316	XLOC_015316
Upin_00022508	XLOC_014898	XLOC_014898
Upin_00023232	XLOC_014898	XLOC_014898
Upin_00023577	XLOC_015317	XLOC_015317
Upin_00022860	XLOC_015317	XLOC_015317
Upin_00022509	XLOC_014899	XLOC_014899
Upin_00023578	XLOC_015318	XLOC_015318
Upin_00022861	XLOC_015318	XLOC_015318
Upin_00023579	XLOC_015318	XLOC_015318
Upin_00022862	XLOC_015319	XLOC_015319
Upin_00023233	XLOC_014900	XLOC_014900
Upin_00022863	XLOC_015320	XLOC_015320
Upin_00023234	XLOC_014901	XLOC_014901
Upin_00023580	XLOC_015321	XLOC_015321
Upin_00023235	XLOC_014902	XLOC_014902
Upin_00022865	XLOC_015322	XLOC_015322
Upin_00022512	XLOC_014903	XLOC_014903
Upin_00023236	XLOC_014903	XLOC_014903
Upin_00023237	XLOC_014903	XLOC_014903
Upin_00022866	XLOC_015323	XLOC_015323
Upin_00022513	XLOC_014904	XLOC_014904
Upin_00023238	XLOC_014904	XLOC_014904
Upin_00022514	XLOC_014905	XLOC_014905
Upin_00022515	XLOC_014906	XLOC_014906
Upin_00023239	XLOC_014906	XLOC_014906
Upin_00022867	XLOC_015324	XLOC_015324
Upin_00023240	XLOC_014907	XLOC_014907
Upin_00022516	XLOC_014907	XLOC_014907
Upin_00023241	XLOC_014907	XLOC_014907
Upin_00023242	XLOC_014907	XLOC_014907
Upin_00023243	XLOC_014907	XLOC_014907
Upin_00023244	XLOC_014907	XLOC_014907
Upin_00023245	XLOC_014907	XLOC_014907
Upin_00023246	XLOC_014907	XLOC_014907
Upin_00023247	XLOC_014907	XLOC_014907
Upin_00023248	XLOC_014907	XLOC_014907
Upin_00022517	XLOC_014908	XLOC_014908
Upin_00023249	XLOC_014908	XLOC_014908
Upin_00023581	XLOC_015325	XLOC_015325
Upin_00023582	XLOC_015326	XLOC_015326
Upin_00023583	XLOC_015327	XLOC_015327
Upin_00023584	XLOC_015328	XLOC_015328
Upin_00023585	XLOC_015329	XLOC_015329
Upin_00023586	XLOC_015330	XLOC_015330
Upin_00023250	XLOC_014909	XLOC_014909
Upin_00022519	XLOC_014909	XLOC_014909
Upin_00023251	XLOC_014909	XLOC_014909
Upin_00023252	XLOC_014910	XLOC_014910
Upin_00022868	XLOC_015331	XLOC_015331
Upin_00022520	XLOC_014911	XLOC_014911
Upin_00023587	XLOC_015332	XLOC_015332
Upin_00022521	XLOC_014912	XLOC_014912
Upin_00023253	XLOC_014912	XLOC_014912
Upin_00023254	XLOC_014912	XLOC_014912
Upin_00022870	XLOC_015333	XLOC_015333
Upin_00022871	XLOC_015334	XLOC_015334
Upin_00023255	XLOC_014913	XLOC_014913
Upin_00022522	XLOC_014914	XLOC_014914
Upin_00022872	XLOC_015335	XLOC_015335
Upin_00023256	XLOC_014915	XLOC_014915
Upin_00023257	XLOC_014916	XLOC_014916
Upin_00022523	XLOC_014917	XLOC_014917
Upin_00022873	XLOC_015336	XLOC_015336
Upin_00023589	XLOC_015336	XLOC_015336
Upin_00023590	XLOC_015336	XLOC_015336
Upin_00022874	XLOC_015337	XLOC_015337
Upin_00023591	XLOC_015337	XLOC_015337
Upin_00022875	XLOC_015338	XLOC_015338
Upin_00022524	XLOC_014919	XLOC_014919
Upin_00023259	XLOC_014920	XLOC_014920
Upin_00022525	XLOC_014921	XLOC_014921
Upin_00022526	XLOC_014922	XLOC_014922
Upin_00022876	XLOC_015339	XLOC_015339
Upin_00022527	XLOC_014923	XLOC_014923
Upin_00023260	XLOC_014923	XLOC_014923
Upin_00023592	XLOC_015340	XLOC_015340
Upin_00022877	XLOC_015340	XLOC_015340
Upin_00023593	XLOC_015340	XLOC_015340
Upin_00022528	XLOC_014924	XLOC_014924
Upin_00023594	XLOC_015341	XLOC_015341
Upin_00023595	XLOC_015342	XLOC_015342
Upin_00022878	XLOC_015342	XLOC_015342
Upin_00022529	XLOC_014925	XLOC_014925
Upin_00023596	XLOC_015343	XLOC_015343
Upin_00022879	XLOC_015343	XLOC_015343
Upin_00023597	XLOC_015344	XLOC_015344
Upin_00022882	XLOC_015345	XLOC_015345
Upin_00023598	XLOC_015345	XLOC_015345
Upin_00022530	XLOC_014926	XLOC_014926
Upin_00022883	XLOC_015346	XLOC_015346
Upin_00023261	XLOC_014927	XLOC_014927
Upin_00022531	XLOC_014927	XLOC_014927
Upin_00023262	XLOC_014927	XLOC_014927
Upin_00023599	XLOC_015347	XLOC_015347
Upin_00023263	XLOC_014928	XLOC_014928
Upin_00023600	XLOC_015348	XLOC_015348
Upin_00023264	XLOC_014929	XLOC_014929
Upin_00022532	XLOC_014930	XLOC_014930
Upin_00023265	XLOC_014930	XLOC_014930
Upin_00023267	XLOC_014931	XLOC_014931
Upin_00022884	XLOC_015349	XLOC_015349
Upin_00023601	XLOC_015350	XLOC_015350
Upin_00022534	XLOC_014932	XLOC_014932
Upin_00023268	XLOC_014932	XLOC_014932
Upin_00023269	XLOC_014932	XLOC_014932
Upin_00022885	XLOC_015351	XLOC_015351
Upin_00022535	XLOC_014933	XLOC_014933
Upin_00023270	XLOC_014934	XLOC_014934
Upin_00022886	XLOC_015352	XLOC_015352
Upin_00023602	XLOC_015352	XLOC_015352
Upin_00022537	XLOC_014935	XLOC_014935
Upin_00023271	XLOC_014935	XLOC_014935
Upin_00022887	XLOC_015353	XLOC_015353
Upin_00023272	XLOC_014936	XLOC_014936
Upin_00023273	XLOC_014936	XLOC_014936
Upin_00023603	XLOC_015354	XLOC_015354
Upin_00023274	XLOC_014937	XLOC_014937
Upin_00022888	XLOC_015355	XLOC_015355
Upin_00022889	XLOC_015356	XLOC_015356
Upin_00023604	XLOC_015357	XLOC_015357
Upin_00022890	XLOC_015358	XLOC_015358
Upin_00022891	XLOC_015359	XLOC_015359
Upin_00023275	XLOC_014938	XLOC_014938
Upin_00022540	XLOC_014938	XLOC_014938
Upin_00022892	XLOC_015360	XLOC_015360
Upin_00023276	XLOC_014939	XLOC_014939
Upin_00022541	XLOC_014939	XLOC_014939
Upin_00023277	XLOC_014939	XLOC_014939
Upin_00022893	XLOC_015361	XLOC_015361
Upin_00022542	XLOC_014940	XLOC_014940
Upin_00023605	XLOC_015362	XLOC_015362
Upin_00022894	XLOC_015362	XLOC_015362
Upin_00023606	XLOC_015362	XLOC_015362
Upin_00022543	XLOC_014941	XLOC_014941
Upin_00023278	XLOC_014941	XLOC_014941
Upin_00023607	XLOC_015363	XLOC_015363
Upin_00022895	XLOC_015363	XLOC_015363
Upin_00022896	XLOC_015364	XLOC_015364
Upin_00023608	XLOC_015364	XLOC_015364
Upin_00022544	XLOC_014942	XLOC_014942
Upin_00023279	XLOC_014942	XLOC_014942
Upin_00023609	XLOC_015365	XLOC_015365
Upin_00022897	XLOC_015365	XLOC_015365
Upin_00022898	XLOC_015366	XLOC_015366
Upin_00023610	XLOC_015367	XLOC_015367
Upin_00023611	XLOC_015368	XLOC_015368
Upin_00022899	XLOC_015368	XLOC_015368
Upin_00022900	XLOC_015369	XLOC_015369
Upin_00023612	XLOC_015369	XLOC_015369
Upin_00023613	XLOC_015370	XLOC_015370
Upin_00022901	XLOC_015372	XLOC_015372
Upin_00022902	XLOC_015373	XLOC_015373
Upin_00022546	XLOC_014943	XLOC_014943
Upin_00022547	XLOC_014944	XLOC_014944
Upin_00023280	XLOC_014944	XLOC_014944
Upin_00023281	XLOC_014944	XLOC_014944
Upin_00022548	XLOC_014945	XLOC_014945
Upin_00022549	XLOC_014946	XLOC_014946
Upin_00023282	XLOC_014946	XLOC_014946
Upin_00022903	XLOC_015374	XLOC_015374
Upin_00022904	XLOC_015375	XLOC_015375
Upin_00022550	XLOC_014947	XLOC_014947
Upin_00023283	XLOC_014947	XLOC_014947
Upin_00022905	XLOC_015376	XLOC_015376
Upin_00023615	XLOC_015377	XLOC_015377
Upin_00023284	XLOC_014948	XLOC_014948
Upin_00023285	XLOC_014948	XLOC_014948
Upin_00022552	XLOC_014948	XLOC_014948
Upin_00022907	XLOC_015378	XLOC_015378
Upin_00022908	XLOC_015379	XLOC_015379
Upin_00022909	XLOC_015380	XLOC_015380
Upin_00022553	XLOC_014949	XLOC_014949
Upin_00023287	XLOC_014949	XLOC_014949
Upin_00023286	XLOC_014950	XLOC_014950
Upin_00023616	XLOC_015381	XLOC_015381
Upin_00023617	XLOC_015382	XLOC_015382
Upin_00022554	XLOC_014951	XLOC_014951
Upin_00023288	XLOC_014951	XLOC_014951
Upin_00023618	XLOC_015383	XLOC_015383
Upin_00022911	XLOC_015383	XLOC_015383
Upin_00022555	XLOC_014952	XLOC_014952
Upin_00022912	XLOC_015384	XLOC_015384
Upin_00022556	XLOC_014953	XLOC_014953
Upin_00023289	XLOC_014953	XLOC_014953
Upin_00023290	XLOC_014954	XLOC_014954
Upin_00022557	XLOC_014954	XLOC_014954
Upin_00023291	XLOC_014954	XLOC_014954
Upin_00023619	XLOC_015385	XLOC_015385
Upin_00022913	XLOC_015385	XLOC_015385
Upin_00022914	XLOC_015386	XLOC_015386
Upin_00022915	XLOC_015387	XLOC_015387
Upin_00022916	XLOC_015388	XLOC_015388
Upin_00023620	XLOC_015389	XLOC_015389
Upin_00022917	XLOC_015389	XLOC_015389
Upin_00022558	XLOC_014955	XLOC_014955
Upin_00022918	XLOC_015390	XLOC_015390
Upin_00022919	XLOC_015391	XLOC_015391
Upin_00022920	XLOC_015392	XLOC_015392
Upin_00022921	XLOC_015393	XLOC_015393
Upin_00022559	XLOC_014956	XLOC_014956
Upin_00023292	XLOC_014956	XLOC_014956
Upin_00022922	XLOC_015394	XLOC_015394
Upin_00023293	XLOC_014957	XLOC_014957
Upin_00022560	XLOC_014957	XLOC_014957
Upin_00023621	XLOC_015395	XLOC_015395
Upin_00022923	XLOC_015395	XLOC_015395
Upin_00023294	XLOC_014958	XLOC_014958
Upin_00022561	XLOC_014958	XLOC_014958
Upin_00022562	XLOC_014959	XLOC_014959
Upin_00022924	XLOC_015396	XLOC_015396
Upin_00022563	XLOC_014960	XLOC_014960
Upin_00022925	XLOC_015397	XLOC_015397
Upin_00023622	XLOC_015397	XLOC_015397
Upin_00023295	XLOC_014961	XLOC_014961
Upin_00023296	XLOC_014961	XLOC_014961
Upin_00023623	XLOC_015398	XLOC_015398
Upin_00022926	XLOC_015399	XLOC_015399
Upin_00022566	XLOC_014962	XLOC_014962
Upin_00023624	XLOC_015400	XLOC_015400
Upin_00022927	XLOC_015400	XLOC_015400
Upin_00023297	XLOC_014963	XLOC_014963
Upin_00022928	XLOC_015401	XLOC_015401
Upin_00023625	XLOC_015401	XLOC_015401
Upin_00022568	XLOC_014964	XLOC_014964
Upin_00022569	XLOC_014965	XLOC_014965
Upin_00022570	XLOC_014966	XLOC_014966
Upin_00023298	XLOC_014966	XLOC_014966
Upin_00022929	XLOC_015402	XLOC_015402
Upin_00022930	XLOC_015403	XLOC_015403
Upin_00022931	XLOC_015404	XLOC_015404
Upin_00023627	XLOC_015405	XLOC_015405
Upin_00023629	XLOC_015405	XLOC_015405
Upin_00023630	XLOC_015406	XLOC_015406
Upin_00023628	XLOC_015407	XLOC_015407
Upin_00023650	XLOC_015421	XLOC_015421
Upin_00023631	XLOC_015408	XLOC_015408
Upin_00023645	XLOC_015409	XLOC_015409
Upin_00023639	XLOC_015422	XLOC_015422
Upin_00023632	XLOC_015410	XLOC_015410
Upin_00023651	XLOC_015423	XLOC_015423
Upin_00023640	XLOC_015424	XLOC_015424
Upin_00023652	XLOC_015425	XLOC_015425
Upin_00023653	XLOC_015427	XLOC_015427
Upin_00023633	XLOC_015411	XLOC_015411
Upin_00023646	XLOC_015412	XLOC_015412
Upin_00023634	XLOC_015413	XLOC_015413
Upin_00023647	XLOC_015414	XLOC_015414
Upin_00023635	XLOC_015415	XLOC_015415
Upin_00023648	XLOC_015416	XLOC_015416
Upin_00023636	XLOC_015417	XLOC_015417
Upin_00023642	XLOC_015428	XLOC_015428
Upin_00023654	XLOC_015429	XLOC_015429
Upin_00023643	XLOC_015429	XLOC_015429
Upin_00023655	XLOC_015429	XLOC_015429
Upin_00023656	XLOC_015430	XLOC_015430
Upin_00023637	XLOC_015418	XLOC_015418
Upin_00023657	XLOC_015431	XLOC_015431
Upin_00023644	XLOC_015432	XLOC_015432
Upin_00023649	XLOC_015419	XLOC_015419
Upin_00023638	XLOC_015420	XLOC_015420
Upin_00023691	XLOC_015475	XLOC_015475
Upin_00023658	XLOC_015433	XLOC_015433
Upin_00023692	XLOC_015476	XLOC_015476
Upin_00023749	XLOC_015477	XLOC_015477
Upin_00023659	XLOC_015434	XLOC_015434
Upin_00023750	XLOC_015478	XLOC_015478
Upin_00023660	XLOC_015435	XLOC_015435
Upin_00023725	XLOC_015435	XLOC_015435
Upin_00023661	XLOC_015436	XLOC_015436
Upin_00023662	XLOC_015437	XLOC_015437
Upin_00023726	XLOC_015437	XLOC_015437
Upin_00023751	XLOC_015479	XLOC_015479
Upin_00023663	XLOC_015438	XLOC_015438
Upin_00023664	XLOC_015439	XLOC_015439
Upin_00023693	XLOC_015480	XLOC_015480
Upin_00023694	XLOC_015481	XLOC_015481
Upin_00023665	XLOC_015440	XLOC_015440
Upin_00023727	XLOC_015440	XLOC_015440
Upin_00023752	XLOC_015482	XLOC_015482
Upin_00023695	XLOC_015482	XLOC_015482
Upin_00023753	XLOC_015482	XLOC_015482
Upin_00023696	XLOC_015483	XLOC_015483
Upin_00023755	XLOC_015484	XLOC_015484
Upin_00023666	XLOC_015441	XLOC_015441
Upin_00023697	XLOC_015485	XLOC_015485
Upin_00023757	XLOC_015485	XLOC_015485
Upin_00023758	XLOC_015485	XLOC_015485
Upin_00023698	XLOC_015486	XLOC_015486
Upin_00023699	XLOC_015487	XLOC_015487
Upin_00023700	XLOC_015488	XLOC_015488
Upin_00023667	XLOC_015442	XLOC_015442
Upin_00023701	XLOC_015489	XLOC_015489
Upin_00023728	XLOC_015443	XLOC_015443
Upin_00023668	XLOC_015443	XLOC_015443
Upin_00023729	XLOC_015443	XLOC_015443
Upin_00023702	XLOC_015490	XLOC_015490
Upin_00023730	XLOC_015444	XLOC_015444
Upin_00023731	XLOC_015445	XLOC_015445
Upin_00023669	XLOC_015445	XLOC_015445
Upin_00023760	XLOC_015492	XLOC_015492
Upin_00023703	XLOC_015493	XLOC_015493
Upin_00023670	XLOC_015446	XLOC_015446
Upin_00023732	XLOC_015447	XLOC_015447
Upin_00023704	XLOC_015494	XLOC_015494
Upin_00023733	XLOC_015448	XLOC_015448
Upin_00023705	XLOC_015495	XLOC_015495
Upin_00023763	XLOC_015495	XLOC_015495
Upin_00023671	XLOC_015449	XLOC_015449
Upin_00023706	XLOC_015496	XLOC_015496
Upin_00023672	XLOC_015450	XLOC_015450
Upin_00023764	XLOC_015497	XLOC_015497
Upin_00023673	XLOC_015451	XLOC_015451
Upin_00023766	XLOC_015499	XLOC_015499
Upin_00023768	XLOC_015501	XLOC_015501
Upin_00023734	XLOC_015452	XLOC_015452
Upin_00023709	XLOC_015502	XLOC_015502
Upin_00023736	XLOC_015454	XLOC_015454
Upin_00023674	XLOC_015454	XLOC_015454
Upin_00023675	XLOC_015455	XLOC_015455
Upin_00023737	XLOC_015455	XLOC_015455
Upin_00023710	XLOC_015503	XLOC_015503
Upin_00023771	XLOC_015504	XLOC_015504
Upin_00023738	XLOC_015456	XLOC_015456
Upin_00023676	XLOC_015457	XLOC_015457
Upin_00023739	XLOC_015457	XLOC_015457
Upin_00023677	XLOC_015458	XLOC_015458
Upin_00023678	XLOC_015459	XLOC_015459
Upin_00023740	XLOC_015460	XLOC_015460
Upin_00023711	XLOC_015505	XLOC_015505
Upin_00023679	XLOC_015461	XLOC_015461
Upin_00023772	XLOC_015506	XLOC_015506
Upin_00023712	XLOC_015507	XLOC_015507
Upin_00023713	XLOC_015508	XLOC_015508
Upin_00023714	XLOC_015509	XLOC_015509
Upin_00023715	XLOC_015510	XLOC_015510
Upin_00023716	XLOC_015511	XLOC_015511
Upin_00023680	XLOC_015462	XLOC_015462
Upin_00023741	XLOC_015462	XLOC_015462
Upin_00023717	XLOC_015512	XLOC_015512
Upin_00023775	XLOC_015512	XLOC_015512
Upin_00023777	XLOC_015512	XLOC_015512
Upin_00023681	XLOC_015463	XLOC_015463
Upin_00023742	XLOC_015463	XLOC_015463
Upin_00023719	XLOC_015513	XLOC_015513
Upin_00023720	XLOC_015514	XLOC_015514
Upin_00023743	XLOC_015464	XLOC_015464
Upin_00023682	XLOC_015466	XLOC_015466
Upin_00023721	XLOC_015515	XLOC_015515
Upin_00023683	XLOC_015467	XLOC_015467
Upin_00023745	XLOC_015467	XLOC_015467
Upin_00023746	XLOC_015468	XLOC_015468
Upin_00023722	XLOC_015516	XLOC_015516
Upin_00023685	XLOC_015469	XLOC_015469
Upin_00023747	XLOC_015469	XLOC_015469
Upin_00023778	XLOC_015517	XLOC_015517
Upin_00023686	XLOC_015470	XLOC_015470
Upin_00023723	XLOC_015519	XLOC_015519
Upin_00023724	XLOC_015520	XLOC_015520
Upin_00023780	XLOC_015521	XLOC_015521
Upin_00023687	XLOC_015471	XLOC_015471
Upin_00023748	XLOC_015471	XLOC_015471
Upin_00023688	XLOC_015472	XLOC_015472
Upin_00023689	XLOC_015473	XLOC_015473
Upin_00023803	XLOC_015544	XLOC_015544
Upin_00023804	XLOC_015545	XLOC_015545
Upin_00023805	XLOC_015546	XLOC_015546
Upin_00023781	XLOC_015522	XLOC_015522
Upin_00023806	XLOC_015547	XLOC_015547
Upin_00023807	XLOC_015548	XLOC_015548
Upin_00023808	XLOC_015549	XLOC_015549
Upin_00023809	XLOC_015550	XLOC_015550
Upin_00023810	XLOC_015551	XLOC_015551
Upin_00023782	XLOC_015523	XLOC_015523
Upin_00023783	XLOC_015524	XLOC_015524
Upin_00023811	XLOC_015552	XLOC_015552
Upin_00023784	XLOC_015525	XLOC_015525
Upin_00023812	XLOC_015553	XLOC_015553
Upin_00023785	XLOC_015526	XLOC_015526
Upin_00023786	XLOC_015527	XLOC_015527
Upin_00023787	XLOC_015528	XLOC_015528
Upin_00023788	XLOC_015529	XLOC_015529
Upin_00023789	XLOC_015530	XLOC_015530
Upin_00023813	XLOC_015554	XLOC_015554
Upin_00023814	XLOC_015556	XLOC_015556
Upin_00023790	XLOC_015531	XLOC_015531
Upin_00023815	XLOC_015557	XLOC_015557
Upin_00023791	XLOC_015532	XLOC_015532
Upin_00023816	XLOC_015558	XLOC_015558
Upin_00023792	XLOC_015533	XLOC_015533
Upin_00023817	XLOC_015559	XLOC_015559
Upin_00023793	XLOC_015534	XLOC_015534
Upin_00023794	XLOC_015535	XLOC_015535
Upin_00023795	XLOC_015536	XLOC_015536
Upin_00023796	XLOC_015537	XLOC_015537
Upin_00023818	XLOC_015560	XLOC_015560
Upin_00023819	XLOC_015561	XLOC_015561
Upin_00023797	XLOC_015538	XLOC_015538
Upin_00023798	XLOC_015539	XLOC_015539
Upin_00023820	XLOC_015562	XLOC_015562
Upin_00023799	XLOC_015540	XLOC_015540
Upin_00023821	XLOC_015563	XLOC_015563
Upin_00023800	XLOC_015541	XLOC_015541
Upin_00023801	XLOC_015542	XLOC_015542
Upin_00023822	XLOC_015564	XLOC_015564
Upin_00023823	XLOC_015565	XLOC_015565
Upin_00023824	XLOC_015566	XLOC_015566
Upin_00023825	XLOC_015567	XLOC_015567
Upin_00023826	XLOC_015568	XLOC_015568
Upin_00023827	XLOC_015569	XLOC_015569
Upin_00023828	XLOC_015570	XLOC_015570
Upin_00023829	XLOC_015571	XLOC_015571
Upin_00023830	XLOC_015572	XLOC_015572
Upin_00023831	XLOC_015573	XLOC_015573
Upin_00023832	XLOC_015574	XLOC_015574
Upin_00023833	XLOC_015575	XLOC_015575
Upin_00023834	XLOC_015576	XLOC_015576
Upin_00023835	XLOC_015577	XLOC_015577
Upin_00023836	XLOC_015578	XLOC_015578
Upin_00023837	XLOC_015579	XLOC_015579
Upin_00023838	XLOC_015580	XLOC_015580
Upin_00023802	XLOC_015543	XLOC_015543
Upin_00023839	XLOC_015581	XLOC_015581
Upin_00023841	XLOC_015582	XLOC_015582
Upin_00023842	XLOC_015583	XLOC_015583
Upin_00023843	XLOC_015584	XLOC_015584
Upin_00023844	XLOC_015585	XLOC_015585
Upin_00023845	XLOC_015586	XLOC_015586
Upin_00024530	XLOC_016022	XLOC_016022
Upin_00024531	XLOC_016023	XLOC_016023
Upin_00024532	XLOC_016024	XLOC_016024
Upin_00024539	XLOC_016031	XLOC_016031
Upin_00024540	XLOC_016032	XLOC_016032
Upin_00024541	XLOC_016033	XLOC_016033
Upin_00024542	XLOC_016034	XLOC_016034
Upin_00024543	XLOC_016035	XLOC_016035
Upin_00024544	XLOC_016036	XLOC_016036
Upin_00024533	XLOC_016025	XLOC_016025
Upin_00024534	XLOC_016026	XLOC_016026
Upin_00024545	XLOC_016037	XLOC_016037
Upin_00024546	XLOC_016038	XLOC_016038
Upin_00024547	XLOC_016039	XLOC_016039
Upin_00024535	XLOC_016027	XLOC_016027
Upin_00024536	XLOC_016028	XLOC_016028
Upin_00024548	XLOC_016040	XLOC_016040
Upin_00024537	XLOC_016029	XLOC_016029
Upin_00024538	XLOC_016030	XLOC_016030
Upin_00024549	XLOC_016041	XLOC_016041
Upin_00024550	XLOC_016042	XLOC_016042
Upin_00024551	XLOC_016043	XLOC_016043
Upin_00024552	XLOC_016044	XLOC_016044
Upin_00025380	XLOC_016567	XLOC_016567
Upin_00025382	XLOC_016568	XLOC_016568
Upin_00025381	XLOC_016569	XLOC_016569
Upin_00025383	XLOC_016569	XLOC_016569
Upin_00026469	XLOC_017325	XLOC_017325
Upin_00027606	XLOC_018079	XLOC_018079
Upin_00027607	XLOC_018080	XLOC_018080
Upin_00027608	XLOC_018081	XLOC_018081
Upin_00027609	XLOC_018082	XLOC_018082
Upin_00029016	XLOC_018971	XLOC_018971
Upin_00029017	XLOC_018972	XLOC_018972
Upin_00029018	XLOC_018973	XLOC_018973
Upin_00029022	XLOC_018974	XLOC_018974
Upin_00029023	XLOC_018974	XLOC_018974
Upin_00029024	XLOC_018976	XLOC_018976
Upin_00029020	XLOC_018975	XLOC_018975
Upin_00029021	XLOC_018977	XLOC_018977
Upin_00029025	XLOC_018978	XLOC_018978
Upin_00029026	XLOC_018979	XLOC_018979
Upin_00029028	XLOC_018981	XLOC_018981
Upin_00029027	XLOC_018980	XLOC_018980
Upin_00029029	XLOC_018982	XLOC_018982
Upin_00002461	XLOC_001573	XLOC_001573
Upin_00002462	XLOC_001574	XLOC_001574
Upin_00002463	XLOC_001575	XLOC_001575
Upin_00002465	XLOC_001577	XLOC_001577
Upin_00002464	XLOC_001576	XLOC_001576
Upin_00002466	XLOC_001578	XLOC_001578
Upin_00002468	XLOC_001580	XLOC_001580
Upin_00002467	XLOC_001579	XLOC_001579
Upin_00002469	XLOC_001581	XLOC_001581
Upin_00002480	XLOC_001584	XLOC_001584
Upin_00002470	XLOC_001582	XLOC_001582
Upin_00002477	XLOC_001582	XLOC_001582
Upin_00002481	XLOC_001585	XLOC_001585
Upin_00002473	XLOC_001585	XLOC_001585
Upin_00002482	XLOC_001585	XLOC_001585
Upin_00002478	XLOC_001583	XLOC_001583
Upin_00002471	XLOC_001583	XLOC_001583
Upin_00002479	XLOC_001583	XLOC_001583
Upin_00002483	XLOC_001586	XLOC_001586
Upin_00002474	XLOC_001587	XLOC_001587
Upin_00002475	XLOC_001588	XLOC_001588
Upin_00002476	XLOC_001589	XLOC_001589
Upin_00002485	XLOC_001591	XLOC_001591
Upin_00002484	XLOC_001590	XLOC_001590
Upin_00002486	XLOC_001592	XLOC_001592
Upin_00002487	XLOC_001593	XLOC_001593
Upin_00002488	XLOC_001594	XLOC_001594
Upin_00002491	XLOC_001597	XLOC_001597
Upin_00002489	XLOC_001595	XLOC_001595
Upin_00002492	XLOC_001598	XLOC_001598
Upin_00002493	XLOC_001599	XLOC_001599
Upin_00002494	XLOC_001600	XLOC_001600
Upin_00002490	XLOC_001596	XLOC_001596
Upin_00002495	XLOC_001601	XLOC_001601
Upin_00002496	XLOC_001601	XLOC_001601
Upin_00002497	XLOC_001602	XLOC_001602
Upin_00002513	XLOC_001624	XLOC_001624
Upin_00002549	XLOC_001624	XLOC_001624
Upin_00002550	XLOC_001625	XLOC_001625
Upin_00002536	XLOC_001603	XLOC_001603
Upin_00002537	XLOC_001604	XLOC_001604
Upin_00002498	XLOC_001605	XLOC_001605
Upin_00002538	XLOC_001606	XLOC_001606
Upin_00002499	XLOC_001607	XLOC_001607
Upin_00002514	XLOC_001626	XLOC_001626
Upin_00002500	XLOC_001608	XLOC_001608
Upin_00002515	XLOC_001627	XLOC_001627
Upin_00002551	XLOC_001627	XLOC_001627
Upin_00002539	XLOC_001609	XLOC_001609
Upin_00002516	XLOC_001628	XLOC_001628
Upin_00002501	XLOC_001610	XLOC_001610
Upin_00002540	XLOC_001610	XLOC_001610
Upin_00002552	XLOC_001629	XLOC_001629
Upin_00002553	XLOC_001630	XLOC_001630
Upin_00002517	XLOC_001631	XLOC_001631
Upin_00002502	XLOC_001611	XLOC_001611
Upin_00002541	XLOC_001611	XLOC_001611
Upin_00002518	XLOC_001632	XLOC_001632
Upin_00002542	XLOC_001612	XLOC_001612
Upin_00002503	XLOC_001612	XLOC_001612
Upin_00002519	XLOC_001633	XLOC_001633
Upin_00002504	XLOC_001613	XLOC_001613
Upin_00002520	XLOC_001634	XLOC_001634
Upin_00002554	XLOC_001634	XLOC_001634
Upin_00002555	XLOC_001634	XLOC_001634
Upin_00002544	XLOC_001614	XLOC_001614
Upin_00002556	XLOC_001635	XLOC_001635
Upin_00002505	XLOC_001615	XLOC_001615
Upin_00002545	XLOC_001615	XLOC_001615
Upin_00002557	XLOC_001636	XLOC_001636
Upin_00002546	XLOC_001616	XLOC_001616
Upin_00002558	XLOC_001637	XLOC_001637
Upin_00002507	XLOC_001617	XLOC_001617
Upin_00002524	XLOC_001638	XLOC_001638
Upin_00002559	XLOC_001638	XLOC_001638
Upin_00002525	XLOC_001639	XLOC_001639
Upin_00002508	XLOC_001618	XLOC_001618
Upin_00002526	XLOC_001640	XLOC_001640
Upin_00002547	XLOC_001619	XLOC_001619
Upin_00002560	XLOC_001641	XLOC_001641
Upin_00002509	XLOC_001620	XLOC_001620
Upin_00002528	XLOC_001642	XLOC_001642
Upin_00002510	XLOC_001621	XLOC_001621
Upin_00002511	XLOC_001622	XLOC_001622
Upin_00002561	XLOC_001643	XLOC_001643
Upin_00002562	XLOC_001643	XLOC_001643
Upin_00002548	XLOC_001623	XLOC_001623
Upin_00002512	XLOC_001623	XLOC_001623
Upin_00002530	XLOC_001644	XLOC_001644
Upin_00002564	XLOC_001644	XLOC_001644
Upin_00002531	XLOC_001645	XLOC_001645
Upin_00002532	XLOC_001646	XLOC_001646
Upin_00002533	XLOC_001647	XLOC_001647
Upin_00002566	XLOC_001648	XLOC_001648
Upin_00002534	XLOC_001648	XLOC_001648
Upin_00002535	XLOC_001649	XLOC_001649
Upin_00002567	XLOC_001650	XLOC_001650
Upin_00002568	XLOC_001651	XLOC_001651
Upin_00002577	XLOC_001657	XLOC_001657
Upin_00002569	XLOC_001652	XLOC_001652
Upin_00002575	XLOC_001653	XLOC_001653
Upin_00002576	XLOC_001654	XLOC_001654
Upin_00002570	XLOC_001655	XLOC_001655
Upin_00002572	XLOC_001658	XLOC_001658
Upin_00002573	XLOC_001659	XLOC_001659
Upin_00002574	XLOC_001660	XLOC_001660
Upin_00003604	XLOC_002310	XLOC_002310
Upin_00003605	XLOC_002311	XLOC_002311
